tree
version=v4
num_class=1
num_tree_per_iteration=1
label_index=0
max_feature_idx=333
objective=binary sigmoid:1
feature_names=hitter_position first_inning_faced h2h_career_pa h2h_career_k h2h_career_bb h2h_career_hits h2h_career_hr h2h_career_games h2h_career_k_rate h2h_career_bb_rate h2h_career_hit_rate is_first_matchup h2h_sample_small h2h_sample_medium h2h_sample_large hitter_batting_order hitter_lineup_position_name hitter_days_since_last_game hitter_avg_k_last_3 hitter_avg_pa_last_3 hitter_avg_ab_last_3 hitter_avg_hits_last_3 hitter_avg_hr_last_3 hitter_avg_bb_last_3 hitter_avg_pitches_last_3 hitter_avg_tb_last_3 hitter_avg_rbi_last_3 hitter_avg_obp_last_3 hitter_avg_slg_last_3 hitter_avg_ops_last_3 hitter_avg_batting_avg_last_3 hitter_avg_k_rate_last_3 hitter_avg_walk_rate_last_3 hitter_avg_hit_rate_last_3 hitter_avg_tb_rate_last_3 hitter_avg_hr_rate_last_3 hitter_sum_pa_last_3 hitter_sum_ab_last_3 hitter_pct_1plus_k_last_3 hitter_pct_2plus_k_last_3 hitter_weighted_k_rate_last_3 hitter_weighted_walk_rate_last_3 hitter_weighted_hit_rate_last_3 hitter_weighted_tb_rate_last_3 hitter_weighted_hr_rate_last_3 hitter_weighted_batting_avg_last_3 hitter_weighted_pitches_per_pa_last_3 hitter_weighted_obp_last_3 hitter_weighted_slg_last_3 hitter_weighted_ops_last_3 hitter_avg_k_last_5 hitter_avg_pa_last_5 hitter_avg_ab_last_5 hitter_avg_hits_last_5 hitter_avg_hr_last_5 hitter_avg_bb_last_5 hitter_avg_pitches_last_5 hitter_avg_obp_last_5 hitter_avg_slg_last_5 hitter_avg_ops_last_5 hitter_avg_batting_avg_last_5 hitter_avg_k_rate_last_5 hitter_avg_walk_rate_last_5 hitter_avg_hit_rate_last_5 hitter_avg_tb_rate_last_5 hitter_avg_hr_rate_last_5 hitter_sum_pa_last_5 hitter_sum_ab_last_5 hitter_pct_1plus_k_last_5 hitter_pct_2plus_k_last_5 hitter_weighted_k_rate_last_5 hitter_weighted_walk_rate_last_5 hitter_weighted_hit_rate_last_5 hitter_weighted_tb_rate_last_5 hitter_weighted_hr_rate_last_5 hitter_weighted_batting_avg_last_5 hitter_weighted_pitches_per_pa_last_5 hitter_weighted_obp_last_5 hitter_weighted_slg_last_5 hitter_weighted_ops_last_5 hitter_avg_k_last_10 hitter_avg_pa_last_10 hitter_avg_ab_last_10 hitter_avg_hits_last_10 hitter_avg_hr_last_10 hitter_avg_bb_last_10 hitter_avg_pitches_last_10 hitter_avg_obp_last_10 hitter_avg_slg_last_10 hitter_avg_ops_last_10 hitter_avg_batting_avg_last_10 hitter_avg_k_rate_last_10 hitter_avg_walk_rate_last_10 hitter_avg_hit_rate_last_10 hitter_avg_tb_rate_last_10 hitter_avg_hr_rate_last_10 hitter_sum_pa_last_10 hitter_sum_ab_last_10 hitter_pct_1plus_k_last_10 hitter_pct_2plus_k_last_10 hitter_weighted_k_rate_last_10 hitter_weighted_walk_rate_last_10 hitter_weighted_hit_rate_last_10 hitter_weighted_tb_rate_last_10 hitter_weighted_hr_rate_last_10 hitter_weighted_batting_avg_last_10 hitter_weighted_pitches_per_pa_last_10 hitter_weighted_obp_last_10 hitter_weighted_slg_last_10 hitter_weighted_ops_last_10 hitter_prev_k hitter_prev_pa hitter_prev_ab hitter_prev_hits hitter_prev_hr hitter_prev_bb hitter_prev_ops hitter_prev_k_rate hitter_avg_whiff_rate_last_3 hitter_avg_contact_rate_last_3 hitter_avg_swing_rate_last_3 hitter_avg_chase_rate_last_3 hitter_avg_zone_swing_rate_last_3 hitter_avg_zone_rate_last_3 hitter_avg_called_strike_rate_last_3 hitter_avg_csw_against_rate_last_3 hitter_avg_two_strike_whiff_rate_last_3 hitter_avg_whiff_rate_0_2_last_3 hitter_avg_whiff_rate_1_2_last_3 hitter_avg_whiff_rate_2_2_last_3 hitter_avg_exit_velocity_last_3 hitter_avg_xwoba_last_3 hitter_avg_bat_speed_last_3 hitter_avg_whiff_rate_vs_rhp_last_3 hitter_avg_whiff_rate_vs_lhp_last_3 hitter_weighted_whiff_rate_last_3 hitter_weighted_contact_rate_last_3 hitter_weighted_chase_rate_last_3 hitter_weighted_csw_against_rate_last_3 hitter_weighted_two_strike_whiff_rate_last_3 hitter_weighted_whiff_rate_vs_rhp_last_3 hitter_weighted_whiff_rate_vs_lhp_last_3 hitter_avg_whiff_rate_last_5 hitter_avg_contact_rate_last_5 hitter_avg_chase_rate_last_5 hitter_avg_csw_against_rate_last_5 hitter_avg_two_strike_whiff_rate_last_5 hitter_avg_exit_velocity_last_5 hitter_avg_xwoba_last_5 hitter_avg_whiff_rate_vs_rhp_last_5 hitter_avg_whiff_rate_vs_lhp_last_5 hitter_weighted_whiff_rate_last_5 hitter_weighted_contact_rate_last_5 hitter_weighted_chase_rate_last_5 hitter_weighted_csw_against_rate_last_5 hitter_weighted_two_strike_whiff_rate_last_5 hitter_weighted_whiff_rate_vs_rhp_last_5 hitter_weighted_whiff_rate_vs_lhp_last_5 hitter_avg_whiff_rate_last_10 hitter_avg_contact_rate_last_10 hitter_avg_chase_rate_last_10 hitter_avg_csw_against_rate_last_10 hitter_avg_two_strike_whiff_rate_last_10 hitter_avg_exit_velocity_last_10 hitter_avg_xwoba_last_10 hitter_avg_whiff_rate_vs_rhp_last_10 hitter_avg_whiff_rate_vs_lhp_last_10 hitter_weighted_whiff_rate_last_10 hitter_weighted_contact_rate_last_10 hitter_weighted_chase_rate_last_10 hitter_weighted_csw_against_rate_last_10 hitter_weighted_two_strike_whiff_rate_last_10 hitter_weighted_whiff_rate_vs_rhp_last_10 hitter_weighted_whiff_rate_vs_lhp_last_10 hitter_prev_whiff_rate hitter_prev_contact_rate hitter_prev_chase_rate hitter_prev_exit_velocity hitter_prev_xwoba pitcher_gamesStarted pitcher_days_since_last_appearance pitcher_is_starter pitcher_is_reliever pitcher_avg_k_last_3 pitcher_avg_ip_last_3 pitcher_avg_bf_last_3 pitcher_avg_pitches_last_3 pitcher_avg_k9_last_3 pitcher_avg_whip_last_3 pitcher_avg_bb_last_3 pitcher_avg_hr_last_3 pitcher_avg_hits_last_3 pitcher_avg_strike_pct_last_3 pitcher_avg_kbb_last_3 pitcher_pct_5plus_ip_last_3 pitcher_pct_6plus_ip_last_3 pitcher_pct_5plus_k_last_3 pitcher_avg_k_last_5 pitcher_avg_ip_last_5 pitcher_avg_bf_last_5 pitcher_avg_pitches_last_5 pitcher_avg_k9_last_5 pitcher_avg_whip_last_5 pitcher_avg_bb_last_5 pitcher_avg_hr_last_5 pitcher_avg_hits_last_5 pitcher_avg_strike_pct_last_5 pitcher_avg_kbb_last_5 pitcher_pct_5plus_ip_last_5 pitcher_pct_6plus_ip_last_5 pitcher_pct_5plus_k_last_5 pitcher_avg_k_last_10 pitcher_avg_ip_last_10 pitcher_avg_bf_last_10 pitcher_avg_pitches_last_10 pitcher_avg_k9_last_10 pitcher_avg_whip_last_10 pitcher_avg_bb_last_10 pitcher_avg_hr_last_10 pitcher_avg_hits_last_10 pitcher_avg_strike_pct_last_10 pitcher_avg_kbb_last_10 pitcher_pct_5plus_ip_last_10 pitcher_pct_6plus_ip_last_10 pitcher_pct_5plus_k_last_10 pitcher_weighted_k_per_bf_last_3 pitcher_weighted_bb_per_bf_last_3 pitcher_weighted_baa_last_3 pitcher_weighted_hr_per_bf_last_3 pitcher_weighted_strike_pct_last_3 pitcher_weighted_pitches_per_inning_last_3 pitcher_weighted_k9_last_3 pitcher_weighted_kbb_last_3 pitcher_weighted_k_per_bf_last_5 pitcher_weighted_bb_per_bf_last_5 pitcher_weighted_baa_last_5 pitcher_weighted_hr_per_bf_last_5 pitcher_weighted_strike_pct_last_5 pitcher_weighted_pitches_per_inning_last_5 pitcher_weighted_k9_last_5 pitcher_weighted_kbb_last_5 pitcher_weighted_k_per_bf_last_10 pitcher_weighted_bb_per_bf_last_10 pitcher_weighted_baa_last_10 pitcher_weighted_hr_per_bf_last_10 pitcher_weighted_strike_pct_last_10 pitcher_weighted_pitches_per_inning_last_10 pitcher_weighted_k9_last_10 pitcher_weighted_kbb_last_10 pitcher_prev_k pitcher_prev_ip pitcher_prev_bf pitcher_prev_pitches pitcher_prev_k9 pitcher_avg_whiff_rate_last_3 pitcher_avg_csw_rate_last_3 pitcher_avg_putaway_rate_last_3 pitcher_avg_swing_rate_last_3 pitcher_avg_chase_rate_last_3 pitcher_avg_zone_rate_last_3 pitcher_avg_whiff_rate_0_2_last_3 pitcher_avg_whiff_rate_1_2_last_3 pitcher_avg_whiff_rate_2_2_last_3 pitcher_avg_velocity_last_3 pitcher_avg_spin_rate_last_3 pitcher_avg_extension_last_3 pitcher_avg_ff_pct_last_3 pitcher_avg_si_pct_last_3 pitcher_avg_fc_pct_last_3 pitcher_avg_sl_pct_last_3 pitcher_avg_cu_pct_last_3 pitcher_avg_ch_pct_last_3 pitcher_avg_fs_pct_last_3 pitcher_avg_sl_whiff_rate_last_3 pitcher_avg_ff_whiff_rate_last_3 pitcher_avg_whiff_vs_rhb_last_3 pitcher_avg_whiff_vs_lhb_last_3 pitcher_avg_whiff_rate_last_5 pitcher_avg_csw_rate_last_5 pitcher_avg_putaway_rate_last_5 pitcher_avg_swing_rate_last_5 pitcher_avg_chase_rate_last_5 pitcher_avg_zone_rate_last_5 pitcher_avg_velocity_last_5 pitcher_avg_spin_rate_last_5 pitcher_avg_sl_whiff_rate_last_5 pitcher_avg_ff_whiff_rate_last_5 pitcher_avg_whiff_vs_rhb_last_5 pitcher_avg_whiff_vs_lhb_last_5 pitcher_avg_whiff_rate_last_10 pitcher_avg_csw_rate_last_10 pitcher_avg_putaway_rate_last_10 pitcher_avg_swing_rate_last_10 pitcher_avg_chase_rate_last_10 pitcher_avg_zone_rate_last_10 pitcher_avg_velocity_last_10 pitcher_avg_spin_rate_last_10 pitcher_avg_sl_whiff_rate_last_10 pitcher_avg_ff_whiff_rate_last_10 pitcher_avg_whiff_vs_rhb_last_10 pitcher_avg_whiff_vs_lhb_last_10 pitcher_weighted_whiff_rate_last_3 pitcher_weighted_csw_rate_last_3 pitcher_weighted_sc_strike_rate_last_3 pitcher_weighted_chase_rate_last_3 pitcher_weighted_putaway_rate_last_3 pitcher_weighted_whiff_rate_vs_rhb_last_3 pitcher_weighted_whiff_rate_vs_lhb_last_3 pitcher_weighted_whiff_rate_last_5 pitcher_weighted_csw_rate_last_5 pitcher_weighted_sc_strike_rate_last_5 pitcher_weighted_chase_rate_last_5 pitcher_weighted_putaway_rate_last_5 pitcher_weighted_whiff_rate_vs_rhb_last_5 pitcher_weighted_whiff_rate_vs_lhb_last_5 pitcher_weighted_whiff_rate_last_10 pitcher_weighted_csw_rate_last_10 pitcher_weighted_sc_strike_rate_last_10 pitcher_weighted_chase_rate_last_10 pitcher_weighted_putaway_rate_last_10 pitcher_weighted_whiff_rate_vs_rhb_last_10 pitcher_weighted_whiff_rate_vs_lhb_last_10 pitcher_prev_whiff_rate pitcher_prev_csw_rate pitcher_prev_chase_rate pitcher_prev_velocity pitcher_prev_spin_rate hitter_bats pitcher_throws platoon_matchup is_same_side_matchup hitter_is_lefty pitcher_is_lefty hitter_is_switch
feature_infos=[0:12] [1:14] [0:19] [0:8] [0:5] [0:9] [0:4] [0:10] [0:1] [0:1] [0:1] [0:1] [0:1] [0:1] none [1:9] [-1:8] [0:440] [0:5] [0:6] [0:6] [0:5] [0:2] [0:2.6666666666666665] [0:32] [0:8] [0:6] [0:1] [0:4] [0:5] [0:1] [0:1] [0:1] [0:1] [0:2.2666666666666666] [0:0.5] [0:18] [0:17] [0:1] [0:1] [0:1] [0:1] [0:1] [0:2] [0:0.5] [0:1] [1:7.5] [0:1] [0:4] [0:5] [0:5] [0:6] [0:6] [0:5] [0:2] [0:2.5] [0:32] [0:1] [0:4] [0:5] [0:1] [0:1] [0:1] [0:1] [0:3] [0:0.5] [0:29] [0:27] [0:1] [0:1] [0:1] [0:1] [0:1] [0:3] [0:0.5] [0:1] [1:7] [0:1] [0:4] [0:5] [0:5] [0:6] [0:6] [0:5] [0:2] [0:2.5] [0:32] [0:1] [0:4] [0:5] [0:1] [0:1] [0:0.6875] [0:1] [0:2.2000000000000002] [0:0.5] [0:54] [0:52] [0:1] [0:1] [0:1] [0:0.66666666666666663] [0:1] [0:2] [0:0.5] [0:1] [1:7] [0:1] [0:4] [0:5] [0:5] [0:7] [0:7] [0:6] [0:3] [0:5] [0:5] [0:1] [0:1] [0:1] [0.041666666666666664:1] [0:1] [0:1] [0.066666666666666666:1] [0:0.52352941176466672] [0:0.76190476190466672] [0:1] [0:1] [0:1] [0:1] [34.299999999999997:109.84999999999999] [0:1.1417990699784852] [37.99861111111111:83.280000000000015] [0:1] [0:1] [0:1] [0:1] [0:1] [0:0.76923076923076927] [0:1] [0:1] [0:1] [0:1] [0:1] [0:1] [0:0.75] [0:1] [34.299999999999997:109.84999999999999] [0:1.1026666666666667] [0:0.58333333333299997] [0:1] [0:1] [0:1] [0:1] [0:0.75] [0:1] [0:0.57142857142828574] [0:1] [0:1] [0:1] [0:1] [0:0.75] [0:1] [34.299999999999997:109.84999999999999] [0:1.1026666666666667] [0:0.5353535353533333] [0:1] [0:1] [0:1] [0:1] [0:0.75] [0:1] [0:0.5] [0:1] [0:1] [0:1] [0:1] [17.100000000000001:115.90000000000001] [0:2] [0:1] [0:504] [0:1] [0:1] [0:12] [0:8.4000000000000004] [0:29.666666666666668] [0:112] [0:36] [0:18] [0:7] [0:4] [0:10] [0.27666666666666667:1] [0:12] [0:1] [0:1] [0:1] [0:12] [0:8.2400000000000002] [0:29.199999999999999] [0:107.8] [0:27] [0:18] [0:7] [0:4] [0:10] [0.31:1] [0:12] [0:1] [0:1] [0:1] [0:12] [0:7.1299999999999999] [0:29] [0:105] [0:27] [0:18] [0:7] [0:4] [0:10] [0.31:1] [0:12] [0:1] [0:1] [0:1] [0:1] [0:0.75] [0:1] [0:0.375] [0.30769230769230771:1] [3:126] [0:32.399999999999999] [0:29] [0:1] [0:0.75] [0:1] [0:0.26666666666666666] [0.30769230769230771:1] [3:117] [0:27] [0:47] [0:1] [0:0.75] [0:1] [0:0.25] [0.30769230769230771:1] [3:117] [0:27] [0:30] [0:14] [0:9] [0:34] [0:124] [0:54] [0:0.53703703703666672] [0:0.73148148148133341] [0:1] [0.14666666666666667:1] [0:0.91904761904733334] [0.076190476190333326:1] [0:1] [0:1] [0:1] [75.947847129067043:100.00166666666667] [1273.2561908526009:3178.3555555555554] [4.6144927536231881:7.8751463914507376] [0:1] [0:1] [0:1] [0:0.82916666666666661] [0:0.90793650793600011] [0:0.7416374269003333] [0:0.70588235294099999] [0:1] [0:1] [0:0.66666666666600005] [0:0.75] [0:0.40780141843900003] [0:0.69148936170200004] [0:1] [0.15384615384600001:1] [0:0.80000000000000004] [0.15384615384600001:1] [75.987114074541751:99.388324879227099] [1274.0592482635227:3130.909090909091] [0:1] [0:1] [0:0.5] [0:0.59999999999999998] [0:0.40780141843900003] [0:0.69148936170200004] [0:1] [0.15384615384600001:1] [0:0.80000000000000004] [0.15384615384600001:1] [76.519979412378547:98.946153846153848] [1291.2558831958072:3130.909090909091] [0:1] [0:1] [0:0.5] [0:0.59999999999999998] [0:0.49999999999962502] [0:0.64285714285700002] [0:0.79411764705832366] [0:0.90624999999962486] [0:1] [0:0.66666666666600005] [0:0.75] [0:0.36363636363599999] [0:0.64285714285700002] [0:0.78571428571399993] [0:0.80000000000000016] [0:1] [0:0.5] [0:0.59999999999999998] [0:0.36363636363599999] [0:0.64285714285700002] [0:0.78571428571399993] [0:0.80000000000000016] [0:1] [0:0.5] [0:0.59999999999999998] [0:1] [0:1] [0:1] [73.913793103448256:101.08333333333333] [1044.6705882352942:3321] [-1:2] [-1:1] [-1:2] [0:1] [0:1] [0:1] [0:1]
tree_sizes=6903 6974 6954 6947 6994 6986 6966 6981 6977 6982 6997 6989 6984 6992 6945 6953 6989 6984 6983 6982 6981 7005 7003 6981 6979 6992 6988 6976 7001 6990 7003 6971 7007 7005 7005 7002 6989 6969 6954 7008 6984 7011 7004 7023 6995 7012 6998 7009 6986 7016 6988 6983 7017 6965 7037

Tree=0
num_leaves=63
num_cat=0
split_feature=179 167 197 211 167 159 288 167 320 116 317 138 277 230 163 89 50 169 157 140 320 199 193 132 32 290 149 90 132 207 153 163 193 184 265 130 301 137 100 207 147 41 280 273 136 274 267 270 176 90 139 273 157 42 267 73 64 324 178 95 131 199
split_gain=3926.75 881.362 277.297 210.539 169.945 89.0792 87.7344 83.7078 55.227 53.8677 53.2436 52.7976 51.8415 49.1727 59.2769 48.5752 46.4002 47.1893 46.0594 45.1133 43.9117 43.6829 43.6374 51.6765 57.1559 44.3782 43.2279 42.7356 42.5628 42.5624 41.94 41.6803 40.4389 39.8815 44.4438 39.8052 45.4635 40.1883 39.6564 37.3843 37.1231 37.1866 37.0249 36.4318 35.144 39.6059 47.5757 34.7344 34.4664 40.2319 34.3492 33.6504 33.629 33.9018 38.8699 33.519 50.4073 41.3641 33.5306 33.1248 33.007 32.8422
threshold=1.0000000180025095e-35 0.21557440501390571 5.5500000000000007 4.6833333333333345 0.2196325503751739 0.90499999999985004 0.063498483965600011 0.16023483387167223 0.14141414141403028 0.71350000000000013 0.43934027175878704 0.30612244897954088 0.10755869194379999 15.057148040638609 80.944392195767207 0.73485000000000023 1.5500000000000003 0.30697281260837794 0.42857142857102387 0.051282051282038464 0.15217391304308359 16.633333333333336 4.6933333333333342 66.88313492063493 0.22361111111111112 0.30933270409575014 0.11950624995057502 0.26245000000000013 71.475522533022556 3.5000000000000027 0.3063693595604568 84.838345238095243 4.4300000000000006 4.0583333333333345 6.8474539957292739 85.896296296296313 0.068965517240905189 0.19496890710875178 0.20483682983682985 4.3336666666666668 87.341571428571442 0.060661764705882359 0.46780159455819958 0.12501740462250002 0.64285714285706641 0.09586679116083334 1.0000000180025095e-35 0.061166764348166675 0.31698564593250006 0.27605000000000018 0.24757730482913751 0.17860389610383334 0.17647058823519121 0.25833333333333336 0.1166846080015 0.18465909090909094 0.39625000000000005 0.38832199546400009 0.2550008333333334 0.068981481481481491 0.28488672479423877 22.100000000000005
decision_type=2 10 10 10 10 10 8 8 10 8 8 8 8 10 10 10 10 10 8 10 10 8 8 8 8 10 10 10 10 10 10 10 10 8 10 10 10 10 8 8 10 10 10 8 10 10 10 10 10 10 8 10 10 10 10 10 10 10 10 10 10 10
left_child=4 3 6 5 38 9 28 15 13 11 29 50 -6 18 -15 27 17 -12 48 -10 52 -18 23 -9 32 26 39 61 43 -8 -13 -30 -25 51 -35 36 -17 -37 -1 -24 -16 -42 -26 -3 -22 46 -46 60 49 -4 -2 -11 53 54 -21 58 -57 -58 -38 -19 -36 -5
right_child=1 2 8 7 12 -7 10 22 19 33 16 30 -14 14 40 35 21 59 -20 20 44 -23 25 24 42 -27 -28 -29 31 -31 -32 -33 -34 34 47 37 55 -39 -40 -41 41 -43 -44 -45 45 -47 -48 -49 -50 -51 -52 -53 -54 -55 -56 56 57 -59 -60 -61 -62 -63
leaf_value=-0.46071423493911828 -0.43855237374196543 -0.40894995597173239 -0.37935747201135006 -0.44089052347147029 -0.44917456486962326 -0.45593123324786805 -0.40612544910808535 -0.43308196738184102 -0.41231717294062081 -0.44356929194385758 -0.38945536267362835 -0.38557226767614855 -0.43716524497676734 -0.40283345661463793 -0.37099143539083296 -0.46263685224472789 -0.42857020735427404 -0.40669922554267346 -0.34233303600215548 -0.33528845024791931 -0.35270909242372378 -0.37266971633648055 -0.38261425882378375 -0.40594170506703975 -0.41070454112204174 -0.3621167334499984 -0.37046443102900373 -0.4456071713406104 -0.38209112277722246 -0.45360249747318182 -0.43934866908943765 -0.41959962203963003 -0.44066418676907215 -0.41974436583226521 -0.45193422986230875 -0.39730979472588834 -0.40263458840882665 -0.43998133082933477 -0.44904948955569235 -0.41500349621481425 -0.41937865543796776 -0.37941642460239178 -0.35168954300663513 -0.4353908374022577 -0.38725342708473215 -0.37335381698570769 -0.45581846970800705 -0.36445053454272736 -0.41695497998604181 -0.42915968768168539 -0.4771512165978109 -0.39890384309971083 -0.32664826697084409 -0.39054944191027802 -0.38798781880895383 -0.42075504355167342 -0.38259205518991291 -0.43835695702747191 -0.34019653719813331 -0.38502134769622048 -0.38736047495328169 -0.41479514111463434
leaf_weight=2656.8021430969238 592.89946961402893 232.32662832736969 192.36931943893433 154.08686780929565 1570.2983127832413 277.06924366950989 633.33530914783478 190.21593153476715 58.620004057884216 255.53536462783813 1201.5904505252838 81.589475035667419 2124.436800122261 245.48622107505798 928.82798266410828 30.625961303710938 38.282451629638672 1104.2094641923904 33.018614530563354 123.22164118289948 112.69396698474884 355.78753483295441 123.46090650558472 1109.4733012914658 41.392900824546814 96.902455687522888 107.19086456298828 225.62719929218292 153.84760248661041 50.006452441215515 63.644575834274292 142.60213232040405 89.724496006965637 1005.1536206007004 31.822287917137146 78.000495195388794 45.938941955566406 181.84164524078369 1027.1660302877426 316.78728723526001 86.853312134742737 177.53486943244934 76.325637936592102 293.81781625747681 76.325637936592102 231.13030171394348 36.60759437084198 67.951351642608643 224.43087267875671 50.72424840927124 63.40531051158905 49.527921795845032 91.399353265762329 79.914617776870728 51.681309700012207 278.50483560562134 232.32662832736969 38.04318630695343 41.153635501861572 210.07495331764221 48.810125827789307 540.73962926864624
leaf_count=10669 1070 399 305 270 6190 483 1065 309 96 523 1999 146 8616 416 1467 46 82 1880 52 201 182 569 191 1744 67 155 175 360 263 87 122 237 136 1620 49 123 68 279 4124 489 144 274 120 516 127 374 58 103 349 77 110 101 144 126 80 424 354 61 61 350 74 876
internal_value=-0.420445 -0.404657 -0.392612 -0.41796 -0.449868 -0.429222 -0.400428 -0.410811 -0.380304 -0.425931 -0.397056 -0.436336 -0.442277 -0.385034 -0.380327 -0.418624 -0.394105 -0.396627 -0.398625 -0.369717 -0.366627 -0.37812 -0.40411 -0.408785 -0.405265 -0.393218 -0.398829 -0.426753 -0.415174 -0.40965 -0.40914 -0.400053 -0.408558 -0.420211 -0.415954 -0.410545 -0.404079 -0.427113 -0.457472 -0.405844 -0.375719 -0.392472 -0.372141 -0.423706 -0.377029 -0.385183 -0.409638 -0.390526 -0.40277 -0.389763 -0.442369 -0.436254 -0.353083 -0.362914 -0.350558 -0.401189 -0.40583 -0.390494 -0.372497 -0.403206 -0.412979 -0.420596
internal_weight=21131.2 13752.5 7216.72 6535.77 7378.7 2537.41 4415.88 3998.36 2800.84 2260.34 3593.29 801.539 3694.74 1939.25 1438.7 1846.89 2909.94 2515.87 500.543 861.594 802.974 394.07 2151.47 1507.13 1316.92 644.342 547.439 920.454 822.594 683.342 145.234 296.45 1199.2 1458.8 1153.74 926.435 666.593 259.842 3683.97 440.248 1193.22 264.388 117.719 526.144 456.758 344.064 112.933 148.584 467.524 243.094 656.305 305.063 346.217 254.818 174.903 635.967 548.875 270.37 87.0926 1314.28 80.6324 694.826
internal_count=52227 22628 11919 10709 29599 4401 7447 6308 4472 3918 6032 1448 14806 3084 2301 2922 4880 4229 783 1388 1292 651 3386 2376 2067 1010 855 1506 1415 1152 268 500 1880 2470 1846 1416 1014 402 14793 680 1885 418 187 915 741 559 185 226 731 382 1180 624 551 407 281 968 839 415 129 2230 123 1146
is_linear=0
shrinkage=1


Tree=1
num_leaves=63
num_cat=0
split_feature=179 168 197 211 167 100 159 277 136 76 288 132 26 207 132 277 265 135 244 202 138 274 193 324 46 160 215 32 153 257 116 138 101 242 132 186 86 59 91 42 164 15 160 83 156 152 276 100 122 284 317 308 42 46 273 78 184 265 297 300 246 164
split_gain=3555.41 800.051 254.896 192.712 156.461 91.4071 61.5717 60.4984 70.2918 57.0316 53.8465 49.7304 49.3252 48.0424 50.0411 47.4947 47.1083 44.8348 54.3678 44.4436 44.0415 43.5804 50.6891 46.3327 42.9165 51.5032 42.5501 43.9805 42.2833 41.4087 40.3622 50.7111 40.105 42.387 38.5874 37.721 44.8151 66.2325 42.5616 42.3455 39.255 37.6508 40.1739 40.9749 37.8654 37.01 36.7933 36.758 36.6007 36.5275 36.4598 36.2505 37.4251 35.9857 36.3681 34.9227 34.1093 36.5111 36.7278 33.764 48.2727 38.7305
threshold=1.0000000180025095e-35 0.78403388512209748 5.1000000000000005 4.5857142857142863 0.2196325503751739 0.16843971631205676 0.90499999999985004 0.12095229309110003 0.64285714285706641 4.6530100334448177 0.063498483965600011 69.900946969696975 1.5833333333333337 6.1674999999999995 67.252619047619064 0.10755869194379999 6.5780410485155549 0.091168091167923085 0.028513356562137052 1.392000000000001 0.17391304347818481 0.1460933235396667 1.6733333333333336 0.29128787878750007 4.1602564102564115 0.21389249639235003 10.576500000000006 0.061111111111111116 0.33787878787856779 0.48195901320866669 0.71350000000000013 0.30471628592446137 0.16843971631205676 0.10173241337933105 71.475522533022556 97.500000000000014 12.816666666666668 0.75410000000000021 0.25175925925925935 0.29705882352941182 0.297076965612245 8.5000000000000018 0.26242784992765006 0.89444444444444449 0.08641975308632717 0.93272015093698413 0.16672236145900002 0.20881782945736438 0.65077561327516686 2099.6048894143009 0.45077720207212107 0.14192139737936457 0.2817460317460318 4.1846590909090917 0.095276497695666693 0.46302272727272736 6.416666666666667 5.9401738024959103 0.19925969682465003 0.10699651984660007 15.647604643557884 0.24833403797619055
decision_type=2 8 10 8 10 8 10 10 10 10 8 8 10 10 10 8 10 10 8 10 10 8 10 10 10 8 10 10 10 10 8 8 10 8 10 10 10 10 10 10 10 8 10 10 10 10 10 8 10 8 8 10 10 10 8 10 10 10 10 10 10 10
left_child=4 2 9 6 47 13 30 12 -9 10 34 17 21 14 45 -6 -15 -7 28 26 -12 22 23 -4 50 -26 27 55 -19 48 31 -3 33 -16 -2 36 37 -22 40 -39 53 42 -24 59 -43 46 -5 -1 -29 -35 -13 52 -28 54 -38 -10 57 -32 -59 60 -44 -62
right_child=1 3 7 5 15 11 -8 8 19 -11 20 24 -14 16 32 -17 -18 18 -20 -21 35 -23 41 -25 25 -27 51 29 -30 -31 56 -33 -34 49 -36 -37 38 39 -40 -41 -42 44 43 -45 -46 -47 -48 -49 -50 -51 -52 -53 -54 -55 -56 -57 -58 58 -60 -61 61 -63
leaf_value=-0.038420739297755718 -0.0052642670431244957 -0.022896281675453063 0.031793613822136628 -0.0077188642857669524 -0.027392091336924301 -0.023191637441076267 -0.034155656525244049 0.060339590385026468 0.0026673024840427827 0.039140872919649294 -0.01203421151909824 -0.017848244943985174 0.06593017579884726 0.059110794128487291 0.0081807646349674971 -0.015868104951532968 0.0051596600876078688 0.0082155259160840034 0.025198005096745003 0.013427043277283952 -0.0061252474948103172 0.0062841652371856604 0.054706034385354811 -0.027300009183701297 0.072654100533553687 0.027017111458588983 0.076044645916644324 -0.022221350471966717 -0.03354537063501134 0.051255152412759721 -0.028466785780047035 0.011923546693806419 0.043548226282461383 -0.07142606843894847 0.019351889291288754 0.041842853932280058 0.047572508945299539 0.058528531313672999 0.028168905882913788 -0.006198221159937194 0.019227276632476215 0.059418760934099993 0.061358189909332242 0.020371301352196426 0.0013464091994385219 -0.03161985154953776 0.025147874618530658 -0.026969669338211835 0.036477403885589531 -0.0074248532775462233 0.0189216107760533 0.037807615056648383 0.035277010841537275 -0.042508069551436038 -0.0073007795327346761 0.042468686623269199 0.049110642121148892 -0.0022836071821267746 0.036075205369156801 0.060348688978788104 -0.026539731462465466 0.029437648540499517
leaf_weight=2684.8808134794235 459.0511117130518 571.84182697534561 62.354105457663536 823.17397789657116 1560.6968643665314 111.61114963889122 232.22134108841419 423.29557593166828 174.82452200353146 279.06560344994068 110.75566820800304 73.101126492023468 86.238281041383743 68.367271363735199 950.28124518692493 2116.982864677906 98.156045064330101 191.31375409662724 320.60386402904987 177.13656675815582 356.93217043578625 217.49577876925468 251.81106671690941 68.611974239349365 75.126202255487442 350.83728931844234 189.81521306931973 40.192356616258621 87.479699611663818 307.29456302523613 124.08979031443596 127.04904919862747 69.657254382967949 28.700762808322906 242.36025363206863 184.44931173324585 38.905535116791725 76.640019655227661 1118.7958627641201 37.0002281665802 712.32569704949856 33.721507251262665 80.422626107931137 405.10085514187813 147.7965756803751 142.85995151102543 93.935261219739914 969.78480769693851 73.949397131800652 91.473305851221085 754.52411536872387 284.22794111073017 84.632087588310242 48.75904943048954 122.95665410161018 79.79114742577076 31.377382457256317 1020.7289441972971 65.461751878261566 165.901396676898 42.558136567473412 105.49903041124344
leaf_count=10875 804 1035 100 1304 6190 181 408 678 289 478 185 117 131 105 1486 8616 149 309 521 290 682 332 386 110 121 554 296 65 143 472 217 233 110 43 411 275 66 134 1886 65 1167 62 118 607 282 229 148 3918 113 154 1198 470 131 82 201 124 46 1714 117 258 70 166
internal_value=7.09844e-05 0.0150251 0.0263971 0.00227477 -0.0280604 0.00837074 -0.0098729 0.0361211 0.042406 0.0173971 0.0156558 0.0163404 0.0291801 0.00174863 -0.000214395 -0.020766 0.0275601 0.00575697 0.0111853 0.0369868 0.0187512 0.0271323 0.0304465 0.000824821 0.0223298 0.035229 0.0403491 0.0318002 -0.00494338 0.0417111 -0.00694836 -0.0165514 0.00705119 0.00463314 0.00324973 0.0200214 0.0184013 0.00446633 0.0216067 0.0375402 0.0136248 0.033586 0.0372191 0.0316435 0.0124286 -0.00803331 -0.00432331 -0.0353917 0.0157511 -0.0232146 0.0156502 0.0506099 0.0636649 -0.00530067 0.0060691 0.0152771 -0.00153014 -0.00288662 5.46305e-05 0.0431287 0.0303949 0.0132436
internal_weight=21127 13794.6 7290.67 6503.97 7332.35 4331.2 2172.77 3502.67 1835.16 3788 3508.93 1964.6 1667.51 2366.61 2200.08 3677.68 166.523 711.008 599.397 1411.86 2807.52 1581.27 1363.78 130.966 1253.59 425.963 1234.73 676.052 278.793 421.436 1940.55 698.891 1140.11 1070.46 701.411 2696.76 2512.32 470.572 2041.74 113.64 922.947 1232.81 1051.29 799.482 181.518 1059.97 917.109 3654.67 114.142 120.174 827.625 558.675 274.447 210.621 161.862 254.616 1241.66 1210.28 1086.19 394.381 228.48 148.057
internal_count=52227 22628 11986 10642 29599 6872 3770 5550 2928 6436 5958 3144 2622 3728 3474 14806 254 1154 973 2250 4743 2491 2159 210 1990 675 1960 1063 452 650 3362 1268 1793 1683 1215 4558 4283 881 3402 199 1516 1949 1605 1219 344 1681 1452 14793 178 197 1315 897 427 349 267 413 2094 2048 1831 612 354 236
is_linear=0
shrinkage=0.05


Tree=2
num_leaves=63
num_cat=0
split_feature=179 168 197 221 167 0 91 321 321 299 194 80 211 212 266 234 2 106 88 236 285 214 286 91 238 274 297 86 216 80 76 131 226 248 135 79 281 76 163 163 176 229 259 85 152 285 135 180 236 70 322 180 115 147 160 191 72 152 88 312 41 226
split_gain=3220.15 716.498 227.041 175.261 144.41 80.075 76.5356 59.4679 54.5028 53.9819 54.0584 53.3027 51.0837 50.7481 50.7418 50.1013 49.2631 48.9972 47.5026 42.3895 43.217 40.7431 39.6094 39.4982 39.0881 45.1832 43.9285 38.5084 37.8593 37.669 37.654 37.229 46.224 41.8465 38.3528 38.0894 37.147 36.4533 37.6584 36.154 35.9576 37.6147 40.3777 35.201 38.6376 34.7831 39.3124 47.0727 35.4282 34.6708 34.4701 33.8933 33.3391 48.8534 37.989 33.2374 43.8155 33.7623 34.9598 32.72 32.3558 32.7971
threshold=1.0000000180025095e-35 0.78403388512209748 5.1000000000000005 3.0835416666666675 0.18701439248628962 10.500000000000002 0.17546296296296301 0.098890847957533765 0.064314518742854973 0.13283239859074997 0.5833330000000001 1.1833333333333336 1.0500000000000003 4.9300000000000042 0.19428742346716668 0.1527670527670528 2.5000000000000004 4.2316636851520579 0.32611250000000008 0.028708791208791214 0.18445688411180008 90.050000000000011 0.15833333333320021 0.22666666666666671 14.43657178217822 0.13338318378166669 0.23237394115491114 20.31666666666667 1.4020000000000004 0.41428571428571431 4.2709790209790217 0.43069136896135274 0.092450142450142464 9.4642857142857171 0.047805582732029415 0.7430217391304349 0.23244588744569986 4.0513157894736844 86.632976190476214 80.860482142857151 0.48913043478250007 0.61433239962651742 0.44250587581466677 0.76388888888888895 0.90676629693031863 0.058333333333266672 0.27202380952359112 6.5000000000000009 0.050179856115107925 0.25462962962962971 0.13299319727850004 5.5000000000000009 1.0000000180025095e-35 87.601333333333358 0.27968975468965002 5.416666666666667 0.28285714285714292 0.88372093023241871 0.41345000000000004 0.10837898480804554 0.17914438502673799 0.087977296181630568
decision_type=2 8 10 8 10 2 8 10 8 10 10 10 8 10 10 10 2 10 8 10 10 10 8 10 10 10 10 10 10 8 10 10 8 10 8 10 8 10 8 10 10 8 8 10 10 8 10 10 10 10 10 10 10 10 10 10 10 8 10 10 10 10
left_child=4 2 8 5 -1 7 13 27 -2 10 23 17 -6 55 50 18 43 36 -9 -18 30 -20 39 -4 25 -16 28 -3 -26 -23 59 33 35 34 -8 -33 -10 -19 -39 -12 41 49 -43 44 -15 48 -47 -48 -38 -13 -11 -24 53 -41 -55 57 -57 58 -5 -21 61 -36
right_child=1 3 9 6 12 -7 31 15 11 14 22 40 -14 16 24 -17 19 37 21 20 -22 29 51 -25 26 -27 -28 -29 -30 -31 -32 32 -34 -35 60 -37 45 38 -40 52 -42 42 -44 -45 -46 46 47 -49 -50 -51 -52 -53 -54 54 -56 56 -58 -59 -60 -61 -62 -63
leaf_value=-0.036457589168292039 0.00061930182694813199 -0.012662271911335975 -0.040810635621411191 -0.03100132666105794 -0.028013127964244773 -0.072529785647310038 -0.025183144835890195 -0.026411555316047126 -0.01089054973634835 0.033137024829943788 0.017472455013525245 -0.034738031055399896 -0.01740246815537411 0.016199523772302139 -0.0019596610387838972 0.04537958088140541 -0.018264406527536817 0.070689907261968263 -0.0036189237522616779 0.034000603194901002 0.04576178555129299 -0.012509016259261081 -0.017530657516728301 0.016241526385165635 0.052893171750711426 0.062872402577676179 0.014868254282621349 0.041416662556095968 0.02385127098720069 0.027120158502806725 0.043301898667232018 0.017934447096926105 -0.0025400660226071936 -0.039390333946841008 0.011070053065504808 0.068364352996848426 0.039144863221471211 0.017549819996831872 0.066253053058528563 0.037178310765173792 0.0099988039966165815 0.084899389153941851 0.034133732911575343 0.048151267669825665 -0.0075017756837056698 0.0021667257017366922 0.025066204437287076 -0.0083865934308335558 -0.0097320016057284159 0.022351295407352617 -0.032614485897347716 0.02604231050571499 0.048334061486123008 0.038880443368410046 -0.0054858560078429822 0.039286177757777457 -0.027942806043838919 -0.043356077867957615 0.012142378794607916 -0.017551116918324346 0.042777499221988383 0.032910583425500274
leaf_weight=2542.2335876375437 475.09659740328789 1723.398456171155 42.063844352960587 87.895488098263741 1905.1856678724289 44.860948994755745 52.425204411149025 140.89266131818295 175.68140850961208 41.614800930023193 298.93166513741016 33.251060500741005 2837.8003420829773 797.19149327278137 89.988639712333679 65.075197130441666 286.55772288143635 48.930446699261665 557.87167136371136 35.94540947675705 60.740577101707458 76.465948566794395 72.158664867281914 101.63138779997826 986.79512102901936 37.198999062180519 101.10023306310177 32.565854668617249 130.06534661352634 266.30127254128456 39.852966368198395 59.837019592523575 54.853350251913071 33.672030359506607 876.60646192729473 104.81049765646458 205.33494228124619 282.20494110882282 45.641741514205933 826.82059326767921 227.80967304110527 41.340342625975609 676.1177004724741 67.677757769823074 218.2003835439682 739.50850100815296 558.09660816192627 128.74273958802223 44.5809146463871 117.94752660393715 36.435379654169083 113.41438080370426 436.53920744359493 73.268909350037575 136.72345028817654 58.909585744142532 39.716553494334221 108.11988194286823 98.48513463139534 183.31367614865303 119.46877340972424 214.02285778522491
leaf_count=10386 812 2914 71 160 7976 67 89 262 317 62 499 55 11237 1241 146 109 436 85 996 56 92 123 110 170 1551 59 163 49 217 403 63 95 85 54 1421 155 338 481 72 1282 382 67 1110 100 346 1245 970 224 74 204 55 174 665 113 213 91 64 184 173 276 195 343
internal_value=6.51795e-05 0.0142362 0.0249602 0.00215896 -0.0268357 -0.00696847 0.00953522 -0.00591431 0.016473 0.0341021 0.0289715 0.0187358 -0.0216707 0.00330839 0.0416489 0.00315868 0.00707574 0.0142798 0.000474912 -0.00432401 0.00816769 0.00471111 0.031143 -0.000591398 0.0439217 0.0173055 0.0466805 -0.0116335 0.0495399 0.0182543 -0.000767875 0.0180799 0.0371104 0.0148273 0.0163073 0.050286 0.0109205 0.0307058 0.0245262 0.0334451 0.0277675 0.0324048 0.0371799 0.0134612 0.011099 0.0132145 0.0101803 0.0187854 0.0304021 0.00961781 0.00235537 0.00906935 0.0366684 0.03171 0.0100813 -0.0128462 0.0121543 -0.0212484 -0.008234 -0.00896101 0.0181282 0.0153868
internal_weight=21116 13830.8 7325.04 6505.73 7285.22 2907.43 3598.3 2862.57 3800.29 3524.75 2101.55 3325.19 4742.99 2082.61 1423.2 1106.61 1689.48 2228.72 1041.53 606.41 319.853 900.639 1957.86 143.695 1345.15 127.188 1217.96 1755.96 1116.86 342.767 259.112 1515.7 219.501 1296.2 1262.52 164.648 1851.95 376.777 327.847 1772.28 1096.47 868.657 717.458 1083.07 1015.39 1676.26 1426.35 686.839 249.916 151.199 78.0502 185.573 1473.35 1036.81 209.992 393.127 98.6261 294.501 186.381 219.259 1210.1 1090.63
internal_count=52227 22628 11986 10642 29599 4923 5719 4856 6436 5550 3297 5624 19213 3282 2253 1893 2610 3806 1784 923 487 1522 3056 241 2136 205 1931 2963 1768 526 395 2437 335 2102 2048 250 3168 638 553 2772 1818 1436 1177 1687 1587 2851 2439 1194 412 259 117 284 2273 1608 326 672 155 517 333 332 1959 1764
is_linear=0
shrinkage=0.05


Tree=3
num_leaves=63
num_cat=0
split_feature=179 168 197 211 100 207 152 197 168 212 168 159 326 100 293 319 233 38 168 145 133 7 116 41 44 268 301 73 49 304 138 132 276 24 121 285 24 121 127 285 124 144 178 156 266 88 122 137 219 300 106 280 72 262 230 143 323 187 247 293 202 221
split_gain=2917.02 642.329 210.816 161.195 136.457 72.2414 72.3848 57.0769 53.223 52.282 71.4192 49.8339 49.0332 45.0187 44.7611 44.4779 44.0548 43.2163 43.6138 43.5742 51.708 42.8958 42.876 42.4113 46.6944 41.2893 41.2737 41.9414 40.5349 40.3472 39.8376 39.5271 38.3905 38.1731 60.2184 47.1427 38.0754 37.6281 42.996 42.2278 37.5971 36.5656 36.5498 39.0073 42.6103 35.8509 35.4808 41.7771 35.342 40.4257 35.3114 34.725 34.5363 34.534 41.2626 38.3567 42.182 34.2908 35.1046 35.2103 34.2631 41.1108
threshold=1.0000000180025095e-35 0.79075387615941739 5.1000000000000005 4.5857142857142863 0.24283374283374287 6.1674999999999995 0.91543203102128745 7.5500000000000007 0.81888572804633564 4.7366666666666664 0.72991384548391613 0.93154761904744998 1848.1634615384617 0.16843971631205676 0.3007583352317505 0.09589656636113135 0.17351155338168328 0.8333330000000001 0.7070899710320806 0.25049019607810008 0.10177005012516668 1.0000000180025095e-35 0.71350000000000013 0.17914438502673799 0.080128205128205135 0.25248931623916671 0.10082339387323384 0.46862745098039221 0.71573863636363644 0.30260525737547966 0.31034482758615523 69.450108225108238 0.071384089766166683 17.583333333333339 0.18055555555541672 0.066666666666600191 14.16666666666667 0.35283790283766669 0.68333333333333346 0.055470085469966665 0.27038157920483336 0.27193556443530004 0.35383204166666671 0.1232876712327055 0.43307301801233339 0.40822500000000012 0.66666666666616681 0.42350928369135871 5.4142857142857155 0.10899230936110003 3.8851648351648356 0.46543704752980009 0.11651583710407241 0.12325174825166668 17.662878787878793 0.86666666666645009 0.21606265356250004 5.6900000000000004 8.4719962453066362 0.29880186994460006 1.5220000000000002 3.1252777777777783
decision_type=2 8 10 8 8 10 10 10 8 8 10 10 8 8 10 8 8 10 10 10 8 2 8 10 8 10 10 10 8 10 8 8 10 10 10 8 10 10 8 8 10 8 10 10 10 10 10 10 8 10 10 10 10 10 10 8 10 8 10 8 10 8
left_child=4 2 9 11 8 6 13 12 -1 32 15 22 -4 14 -5 33 -6 18 -14 -20 -21 25 30 24 -15 52 -8 -28 -24 -23 -3 46 -2 34 -11 -36 -29 -17 39 -39 -19 48 43 44 -9 -41 47 -12 49 -25 -33 -26 -16 54 60 56 -55 -47 59 -59 61 -30
right_child=1 3 7 5 16 -7 26 42 -10 10 31 -13 17 23 21 37 -18 40 19 20 -22 29 28 41 51 -27 27 36 53 -31 -32 50 -34 -35 35 -37 -38 38 -40 45 -42 -43 -44 -45 -46 57 -48 -49 -50 -51 -52 -53 -54 55 -56 -57 -58 58 -60 -61 -62 -63
leaf_value=-0.025910269770911456 -0.0039263677187202344 -0.023239030874889752 -0.006960447935542644 -0.0058958152144996112 -0.028578538909802512 0.031828679788349107 -0.033639805217800932 -0.0067765994473399042 -0.036924873149925666 0.056663485335703603 0.029122449710898418 -0.044258900213708097 0.037007869877285854 0.005888176482766596 0.065959351957635207 0.039280382216997235 -0.013582151091925093 0.040997496440015241 0.032308582172286993 0.027801843408139411 0.0042992799939414765 0.023111243564811677 0.039525799455570276 -0.0073756459286546949 0.0076001128044026799 -0.033570496003659432 -0.014297053281450287 -0.011142512128057336 -0.017940125416457332 -0.012634072559361298 0.0099834318315989261 0.0057491714407180818 0.013424636562675766 0.037302948125856925 0.030834736353286298 -0.035989915575156121 0.051239816119752972 0.061706863071580187 0.066912080825769715 -0.011086064233819037 -0.0064880336529515303 0.01189034181644384 0.064327719764615515 0.05228686915513351 0.050132813856509119 -0.026495395440526915 -0.019514223584166698 -0.032028501720726181 0.094194726418991834 0.070078910266582917 0.024517770500749918 0.041306763237897559 0.019025026720163075 0.058428468499120992 -0.028496377998644004 -0.012278759648657496 0.0083154844737510485 0.0719926643094944 -0.012679445352234432 0.018701770710886519 0.022348354371790367 0.023572671453020073
leaf_weight=2345.1606532335281 498.71930927038193 595.89687824249268 91.041867047548294 841.15444891154766 635.5485276132822 273.82279054820538 158.05288368463516 81.464035212993622 2095.9310775995255 31.121768891811371 109.95066523551941 101.09689524769783 655.55305176973343 1050.3380701243877 42.447219967842102 657.20826920866966 2161.2542671710253 937.3052215129137 581.78792326152325 425.17031474411488 521.37594111263752 109.29483732581139 53.257070451974869 31.881310746073723 129.13463474810123 33.243986621499062 228.64345042407513 42.076070189476013 309.26935562491417 276.54351732134819 105.49243865907192 468.63097009062767 879.0239290446043 76.342689111828804 34.322879046201706 104.0159392952919 56.091513335704803 40.721191897988319 42.624954506754875 138.22398224473 43.167840421199799 86.609907180070877 194.95357018709183 167.93205301463604 53.79730623960495 29.554055318236351 174.07565546035767 36.351049274206161 37.847848027944565 34.073321133852005 541.70727288722992 189.56509034335613 439.51156483590603 50.908522114157677 236.84632578492165 171.25586643815041 224.28607439994812 57.831713914871216 34.847142919898033 68.260702416300774 103.28569760918617 72.830547094345093
leaf_count=9590 923 1084 142 1339 2534 419 256 127 8644 52 177 176 1054 1670 67 1060 8831 1454 893 656 834 166 85 51 217 55 365 69 527 430 198 745 1619 116 56 175 88 65 70 242 70 137 299 263 85 47 288 60 59 56 847 300 684 82 401 301 382 92 56 110 167 120
internal_value=5.96739e-05 0.0134934 0.0230129 0.00132383 -0.025666 0.0070705 0.00527085 0.0315373 -0.0311168 0.0150533 0.0191669 -0.0101974 0.0291032 0.00792145 0.00239174 0.0274311 -0.0170007 0.0301443 0.0261962 0.0215343 0.0148797 0.010132 -0.00838236 0.0140905 0.0109932 0.01956 -0.0127471 -0.00255587 -0.00271663 -0.00246215 -0.018228 0.0109816 0.00714195 0.00818425 -0.0050464 -0.019272 0.0246087 0.031839 0.0198922 0.0142877 0.0388972 0.0361594 0.0473438 0.036231 0.016023 0.00822898 -0.00429902 0.0137803 0.0560544 0.0330131 0.0158315 0.0277312 0.023297 -0.00467804 -0.0114321 0.00623803 0.017782 0.022255 0.0313464 0.0435569 -0.0030537 -0.00997361
internal_weight=21099.7 13861.8 7777.08 6084.76 7237.89 4060.33 3786.51 3753.55 4441.09 4023.53 2645.79 2024.43 3255.4 3301.65 1742.2 1315.08 2796.8 3164.36 2183.89 1528.33 946.546 901.041 1923.33 1559.45 1369.04 515.203 484.864 326.811 1221.94 385.838 701.389 1330.72 1377.74 245.803 169.461 138.339 98.1676 1069.27 412.064 369.439 980.473 190.412 498.147 303.193 135.261 328.718 320.377 146.302 103.802 65.9546 1010.34 318.7 481.959 1168.68 722.232 446.45 275.195 190.494 160.94 126.092 485.386 382.1
internal_count=52227 22628 12677 9951 29599 6428 6009 5877 18234 6800 4258 3523 5103 5231 2741 2141 11365 4961 3437 2383 1490 1402 3347 2490 2187 806 778 522 2065 596 1282 2117 2542 399 283 231 157 1742 682 612 1524 303 774 475 212 547 525 237 166 107 1592 517 751 1980 1215 765 464 305 258 202 814 647
is_linear=0
shrinkage=0.05


Tree=4
num_leaves=63
num_cat=0
split_feature=1 168 211 211 91 168 320 315 230 70 301 169 100 101 130 76 200 15 289 277 266 168 266 232 116 150 173 164 268 268 295 92 243 42 260 138 307 172 149 94 178 183 178 317 238 167 301 257 184 265 297 211 88 144 152 317 252 176 99 307 118 134
split_gain=2646.75 596.98 200.507 165.837 114.124 70.2401 62.9644 58.7881 52.7595 51.5608 50.1575 48.9479 50.761 58.2422 48.3773 51.5383 46.7286 45.9898 44.9539 42.8033 41.653 41.3279 40.7876 39.9466 39.8173 39.7606 39.3442 39.5825 52.59 46.1075 39.1281 38.9997 38.7117 38.5066 38.4872 37.6859 36.9163 36.8042 52.7511 40.2373 36.6746 46.1711 36.6218 37.9888 36.1677 35.6955 34.4865 34.4627 33.7647 36.5255 42.6676 42.2795 48.881 46.8379 38.8603 40.0468 34.1322 41.2739 33.7467 33.2472 66.1733 35.6824
threshold=3.5000000000000004 0.78403388512209748 4.8166666666666673 4.5857142857142863 0.19023809523809526 0.83948616376114205 0.13953488372086628 0.11123600614268381 18.151923076923079 0.046536796536796543 0.14754098360640169 0.2900481034738272 0.23606811145510839 0.074537037037037054 94.065674603174628 4.6733333333333347 90.63333333333334 7.5000000000000009 0.11306316334284995 0.070680790394700044 0.19428742346716668 0.72991384548391613 0.50026584606050006 7.416666666666667 0.71350000000000013 0.21930821371600004 0.130434782608529 0.31371043226190487 0.13186658249150002 0.21908218835666668 88.889372384596456 0.16714285714285718 0.2414523670368206 0.26969696969696971 0.13697089947083338 0.30471628592446137 0.07357452183290096 0.10810810810780068 0.097606837606700012 0.52453703703703725 0.45025120000000007 5.5833333333333348 0.6367639615384616 0.49999999999955336 13.603030303030303 0.24182691172068829 0.11702127659492555 0.44842334078816676 6.416666666666667 5.9545926295926304 0.19925969682465003 3.9500000000000006 0.37535000000000013 0.37501082251070006 0.8579683327526062 0.48664192765934766 91.500000000000014 0.18898809523800003 0.29285700000000009 0.092307692307160266 0.29322344322316668 0.20044642857125003
decision_type=2 8 8 8 8 10 10 8 10 8 10 10 10 10 10 10 10 8 8 10 10 10 10 10 8 8 10 10 10 10 10 10 10 8 8 8 10 10 10 10 10 10 8 10 10 10 10 10 10 10 10 10 8 10 10 10 10 10 10 8 10 8
left_child=1 2 8 9 -2 10 11 -6 14 -3 26 17 22 -14 15 19 31 42 -19 -1 -8 -21 -13 -18 35 36 27 28 34 37 -25 -7 -12 40 -5 -11 45 38 -29 -40 41 -22 43 59 -23 -10 -20 -30 49 -26 51 52 -51 56 55 -54 -53 -58 -27 61 -61 -4
right_child=4 3 6 5 7 16 20 -9 25 24 32 12 13 -15 -16 -17 23 18 46 21 33 44 -24 30 48 58 -28 29 47 -31 -32 -33 -34 -35 -36 -37 -38 -39 39 -41 -42 -43 -44 -45 -46 -47 -48 -49 -50 50 -52 53 54 -55 -56 -57 57 -59 -60 60 -62 -63
leaf_value=-0.005022442369511923 -0.033122128437740254 -0.035569450073327603 0.060025554862540964 -0.015674760516032817 -0.026733897320776686 -0.012248044191048905 -0.0062713554120992013 -0.014771440727322324 0.010413541706912364 -0.021455597356176744 0.041900422939370477 0.0049182737360377081 0.016332649300758728 0.038139184430225348 0.064343355545662007 0.042215634161710203 0.0031563898769985162 -0.0082846898054223239 0.063206178094313323 0.022288193112228627 0.013307720062459564 -0.038288272301862554 0.040024158824126646 0.0038272143178799331 -0.026879579069781806 -0.0035430112300603557 -0.0044396045463058233 0.028177332409162571 -0.010765364040590584 -0.009620395089829736 0.056409437387925025 0.029197198576214608 0.0043264449997281046 0.02736983816253695 0.01039317768175981 0.007034809968562504 0.0047340053658878316 0.044263121441884795 0.011789660895706237 -0.037757790607558496 0.070699731811530067 0.048382485800741795 0.069334540120012167 0.061773735167179593 0.010128554765175532 -0.034814770919889403 0.010043458797366985 0.039915255990983348 0.048650950566887119 0.049689224927917483 0.035757358500748161 0.028196754562514744 0.00037964969406388115 -0.031722533770893763 -0.031878386692460868 -0.050250599813328883 -0.040549884707322348 0.015375472192932008 0.046760639944691401 0.0079755594285501295 0.047237628110280885 0.018605041788790869
leaf_weight=283.89882145822048 2756.5428322404623 173.39795896410942 156.02399255335331 285.24915927648544 1830.4468828439713 738.47973781824112 48.196841821074486 2359.19581797719 60.347744181752205 632.89196987450123 235.70341648161411 602.02356885373592 650.65571762621403 583.96172003448009 49.951809659600258 162.66503325104713 1024.7229216396809 115.46674503386021 56.865283593535423 1101.4961075782776 115.93942430615425 39.215821489691734 95.106324404478073 67.959344044327736 143.87388443946838 59.008609473705292 379.9229179918766 440.5481316447258 43.308274075388908 112.60947768390179 73.653001308441162 60.474532917141914 97.28190740942955 363.40493504703045 279.07319718599319 141.27503204345703 331.96148826181889 181.29952275753021 134.73381946980953 57.676525965332985 139.26324862241745 522.95204624533653 89.349877238273621 117.41573803126812 938.60841970145702 151.53999997675419 66.039796397089958 140.41324609518051 31.141134142875671 30.560612291097641 75.836799651384354 222.85682253539562 360.22299098968506 59.064025864005089 203.76214200258255 42.778498366475105 47.68651670217514 101.27758125960827 74.745399668812752 284.05012692511082 172.3773884922266 80.143406540155411
leaf_count=482 11576 310 228 463 7535 1227 72 9872 105 1181 372 928 1047 904 82 275 1577 212 106 1913 191 77 150 107 260 112 594 666 71 175 108 99 157 564 464 268 600 278 203 87 218 820 132 176 1574 272 127 221 45 51 142 362 631 97 389 97 74 156 137 432 259 117
internal_value=5.50434e-05 0.0124765 0.022122 0.00152756 -0.0252147 0.00723833 0.0292619 -0.0200041 0.0127672 -0.00943626 0.0129985 0.0254551 0.0205824 0.0266735 0.0160319 0.0150494 0.000234117 0.0336986 0.0140612 0.0131603 0.0390492 0.0156465 0.00976525 0.00661561 -0.00725311 0.000344437 0.0100679 0.0133623 0.00478812 0.0202643 0.0314142 -0.00907214 0.0309839 0.0409708 -0.00277901 -0.0162477 -0.00566314 0.0244101 0.0186549 -0.00315516 0.0472729 0.042056 0.0388765 0.0354292 0.00814455 -0.0219214 0.0349926 0.0279478 -0.00196204 -0.0032265 -0.000226676 -0.00281707 -0.0109929 0.00926169 -0.0141342 -0.00509344 0.0158531 -0.00264508 0.0246693 0.0308732 0.0228853 0.0461283
internal_weight=21078.6 14132.4 7512.68 6619.74 6946.19 4353.11 4259.24 4189.64 3253.44 2266.63 2387.82 3069.48 1931.75 1234.62 2575.84 2525.88 1965.29 1137.73 238.372 2363.22 1189.76 2079.32 697.13 1166.34 2093.23 677.603 2054.83 1674.91 748.044 926.867 141.612 798.954 332.985 1141.56 564.322 774.167 543.849 814.258 632.958 192.41 778.155 638.891 899.361 810.011 977.824 211.888 122.905 183.722 1319.06 1287.92 1144.05 1068.21 637.324 430.885 606.764 403.001 371.821 148.964 133.754 692.595 456.428 236.167
internal_count=52227 23244 12312 10932 28983 6869 6683 17407 5629 4063 3751 4818 3029 1951 4403 4321 3118 1789 445 4046 1865 3564 1078 1792 3753 1226 3222 2628 1219 1409 215 1326 529 1793 927 1449 977 1234 956 290 1229 1011 1344 1212 1651 377 233 292 2304 2259 1999 1857 1168 689 1117 728 592 230 249 1036 691 345
is_linear=0
shrinkage=0.05


Tree=5
num_leaves=63
num_cat=0
split_feature=181 168 197 224 168 168 320 235 327 263 301 215 184 151 202 86 303 74 114 100 248 16 132 167 326 145 300 28 87 62 106 315 177 261 121 299 281 269 243 134 220 137 64 261 177 260 132 259 275 100 183 130 46 231 95 288 1 233 235 207 243 158
split_gain=2374.74 516.422 197.202 137.829 118.492 100.378 59.1458 55.3833 54.8441 54.0136 48.452 48.1386 47.9707 45.1708 44.9429 44.4661 42.1888 43.2541 41.2446 39.3025 38.3476 50.0941 39.851 38.063 37.8443 39.6325 37.1983 58.8933 40.8632 40.6033 36.7874 51.212 50.4864 47.6618 36.5297 35.9732 35.9391 49.1936 42.4192 35.4918 37.7165 35.4103 39.6631 39.3988 34.8133 47.0259 34.6559 37.6061 35.1735 34.6495 34.5152 33.8878 33.8 33.496 33.3559 33.1884 33.0887 33.4393 32.8816 32.8813 35.7099 50.4995
threshold=1.0000000180025095e-35 0.79075387615941739 4.9000000000000012 0.35416650000000005 0.73366749158079148 0.83948616376114205 0.14102564102559631 0.31838294448913923 1.5000000000000002 89.705211457307868 0.15624999999989067 8.7985000000000024 5.3833333333333337 0.29757807831421651 1.3680000000000023 17.788888888888895 0.51408450704193676 0.088932806324110686 1.0000000180025095e-35 0.26253132832080206 2.0690476190476197 2.5000000000000004 72.616458333333355 0.11762403446202487 1922.8404761904765 0.22828928381540001 0.079130964820555524 0.4915000000000001 0.27715000000000006 0.12928571428571431 3.972597597597598 0.11111111111082071 75.244155844155856 0.047619047618833336 0.40478965478933343 0.11970853220841669 0.29227290101169989 0.050925700357666671 0.29539566650965621 0.29166666666658342 0.66600000000000037 0.27777777777762208 0.38500000000000006 0.12499999999983334 89.126785714285731 0.083333333333166684 68.021296296296313 0.5213161742378335 0.1260823415551667 0.23956521739130437 6.8333333333333348 76.639444444444464 3.3693181818181821 9.4800853485064032 0.084166666666666681 0.0625 3.5000000000000004 0.29779113204482704 0.20261717413616151 5.4999999999999991 0.24871781383972016 0.12641025641015005
decision_type=2 8 10 8 8 10 10 10 2 10 10 8 10 10 10 10 10 10 10 10 10 2 8 8 8 10 8 10 8 10 10 8 8 10 10 10 10 10 10 10 10 10 10 10 10 10 8 10 10 10 10 10 10 10 10 10 2 10 10 10 10 10
left_child=4 2 7 20 56 10 8 13 24 12 26 -6 16 30 -15 19 17 -7 39 -9 21 -3 -23 -22 44 -26 27 29 53 -5 32 41 33 -2 36 -10 55 50 -39 -8 -41 42 -32 -44 45 -4 47 -30 -49 -13 58 -36 -11 -28 -14 -27 -1 -58 -38 60 61 -54
right_child=1 3 6 5 11 9 18 15 35 52 -12 49 54 14 -16 -17 -18 -19 -20 -21 23 22 -24 -25 25 34 28 -29 46 -31 31 -33 -34 -35 51 -37 37 38 -40 40 -42 -43 43 -45 -46 -47 -48 48 -50 -51 -52 -53 59 -55 -56 -57 57 -59 -60 -61 -62 -63
leaf_value=0.016520694884219745 -0.024173644223466378 -0.02125894030193631 0.03436229994820552 -0.0043035237462711526 -0.033576467682627925 -0.025942749504619445 0.030446661294350304 -0.025746168549272239 0.017625330713196368 -0.00997926173586231 0.036131532381053502 -0.026633402372105708 -0.0027358467356370909 0.028393379064186704 0.0082880862887490022 0.02922954851414002 0.027516321175691569 0.019595222996890111 0.061598511722966279 0.0071706866134581956 -0.04735729843114235 -0.0071000825823571388 0.028964101333398086 -0.016466736036620199 0.043550788070589298 -0.0035560052915414517 -0.026325025202781266 -0.041063890179060286 -0.0096335558126163113 0.042368794532733053 0.0060227258301548897 0.037100971394843536 -0.00092418243931694172 0.043427929176471841 0.04700224061091729 -0.021193692914047168 -0.03099472460142141 0.034846328423921581 -0.018707413645520678 0.085121819086767692 0.018059848117020369 -0.0011492206352540512 0.060388461958212791 0.0017207677107068246 0.039624155133183021 -0.029363778254178421 0.017968858297352893 0.053168506413332511 -0.0091376867464088973 -0.013505133164224942 0.031392626026184645 0.0081617892044442992 0.016406128262997352 0.018380033470951556 0.043098019370208351 0.040043370991226838 -0.019389088954780462 -0.0056730597112580093 0.0089130647747372432 0.039444734952529668 0.0274040119349327 -0.019328726215832159
leaf_weight=85.235318213701248 32.062681093811989 242.28942170739174 41.110914587974548 202.94414582848549 2134.9242627173662 573.30915734171867 923.96356847882271 214.66501103341579 139.15352636575699 218.64384646713734 185.46546916663647 2190.507498845458 749.91541229188442 819.74003008008003 423.15993557870388 78.731145456433296 45.591540560126305 56.503674000501633 151.87918588519096 155.54111112654209 121.58941677212715 169.89106877148151 137.8056583404541 555.61925458908081 335.08342500030994 46.328600838780403 116.02986560761929 86.088989615440369 252.91953870654106 59.382862791419029 169.42626735568047 233.18554390966892 960.93692162632942 125.1995542049408 63.586728781461716 102.92021752893925 64.733495905995369 586.79553696513176 38.727002739906311 62.534521922469139 32.576241225004196 345.79195532202721 92.694688156247139 41.543247893452644 48.426384776830673 91.614651128649712 1442.5270554423332 53.889497667551041 37.925223663449287 658.93438500165939 125.85200440883636 441.44784097373486 211.72412541508675 64.273217365145683 40.909313559532166 662.91137155890465 1422.8986154049635 649.21489326655865 239.27055609226227 96.794491052627563 165.45046250522137 183.70543426275253
leaf_count=213 57 431 61 332 8718 964 1453 374 217 356 306 9270 1172 1388 710 126 75 92 233 274 237 301 228 1026 508 73 200 127 407 94 285 415 1617 214 103 165 104 925 61 99 51 564 146 70 73 145 2239 85 63 2747 199 688 332 117 61 1022 5898 2741 375 146 265 291
internal_value=-0.000194147 0.0118006 0.0202339 0.000836247 -0.0236442 0.00462933 0.0276467 0.0117984 0.0239356 -0.00280628 0.011593 -0.0278829 -0.00867521 0.0140763 0.0215645 -0.00464406 -0.018451 -0.0218248 0.0372103 -0.0119207 -0.0141234 -0.00429237 0.009077 -0.022082 0.0259186 0.0274553 0.00961098 -0.00542489 0.0122775 0.00636346 0.00941385 0.0170405 0.0033795 0.029548 0.0250587 0.00108115 0.0284561 0.0225541 0.0314982 0.0335138 0.0626314 0.00978417 0.0222137 0.0424162 0.00376603 -0.00947828 0.0145673 0.000308208 0.0275571 -0.023605 0.00948431 0.0131451 0.00700642 -0.0103478 -0.000307115 0.0371874 -0.0138403 -0.0150989 0.000325095 0.0126675 0.00797549 -0.000189546
internal_weight=21104.5 13962.8 7891.59 6071.19 7141.71 4843.99 4198.92 3692.68 3027.96 2342.55 2501.45 4984.37 1466.23 3243.74 1242.9 448.937 675.404 629.813 1170.95 370.206 1227.19 549.986 307.697 677.209 2785.89 2604.74 2315.98 348.416 1967.56 262.327 2000.84 882.642 1118.2 157.262 2269.65 242.074 1764.62 1055.38 625.523 1019.07 95.1108 649.456 303.664 134.238 181.152 132.726 1787.26 344.734 91.8147 2849.44 429.856 505.035 876.318 180.303 790.825 709.24 2157.35 2072.11 304.004 657.675 560.88 395.43
internal_count=52329 22742 12795 9947 29587 7724 6555 6240 4719 3754 3970 20735 2364 5466 2098 774 1131 1056 1836 648 2223 960 529 1263 4337 4058 3664 553 3111 426 3368 1480 1888 271 3550 382 2759 1664 986 1603 150 1065 501 216 279 206 2794 555 148 12017 678 791 1390 317 1233 1095 8852 8639 479 1034 888 623
is_linear=0
shrinkage=0.05


Tree=6
num_leaves=63
num_cat=0
split_feature=179 168 211 224 168 168 320 300 0 86 327 263 80 15 290 215 214 235 80 325 303 174 69 156 164 172 70 29 147 127 188 92 76 123 60 251 296 130 142 267 294 62 276 163 186 137 15 178 138 173 214 145 304 132 129 178 94 313 51 186 139 310
split_gain=2152.58 464.215 179.197 124.762 109.1 90.3717 61.4369 58.0172 55.6724 49.8941 49.6832 48.8127 48.1276 44.7785 44.7482 44.5681 44.0268 41.6771 41.3153 39.8259 37.7825 37.615 42.4707 45.2354 36.7238 50.1016 36.4792 39.6413 36.2498 41.0773 37.6729 47.5846 37.1344 41.0053 35.9835 35.9134 35.1814 38.5491 36.413 47.9175 36.4521 35.1124 34.3511 33.9912 33.8497 39.9049 38.019 37.4075 35.6562 45.7693 35.8026 34.0457 33.7705 33.6247 41.9316 37.2289 38.2485 33.3254 33.1784 33.0307 35.7309 42.5356
threshold=1.0000000180025095e-35 0.79075387615941739 4.8166666666666673 0.35416650000000005 0.73366749158079148 0.83948616376114205 0.14102564102559631 0.055251213829100011 10.500000000000002 18.050000000000004 1.5000000000000002 89.705211457307868 1.2111111111111115 2.5000000000000004 0.31614973057955004 8.7985000000000024 96.577777777777797 0.31838294448913923 0.58571428571428574 89.737441588785046 0.42909124589769215 0.12916666666650004 0.36666650000000006 0.078124999999640635 0.33381577275641033 0.19318181818170457 0.046536796536796543 0.98416666666666675 82.067571428571441 0.33333333333316673 1.3283333333333338 0.043055555555555562 4.552777777777778 0.46666666666666673 0.23980000000000001 18.500000000000004 2217.7253159105553 74.556944444444454 0.21170496170470005 0.047696824748500004 0.5181551533800447 0.24833333333333338 0.091046372866500011 80.860482142857151 89.833333333333357 0.42350928369135871 1.5000000000000002 0.21576700000000004 0.26530612244866331 0.15999999999981004 90.050000000000011 0.27744516594480007 0.38901084258436097 67.583055555555561 0.16666666666658336 0.46419523684210534 0.32018518518518529 0.10779556129350977 3.1000000000000005 90.416666666666671 0.062542517006724502 0.47540983606505161
decision_type=2 8 10 8 8 10 10 8 2 10 2 10 10 10 10 8 10 10 10 10 8 10 8 8 10 10 8 10 10 8 10 10 10 10 10 8 10 10 10 10 10 10 10 10 10 10 8 10 10 8 10 10 10 8 10 10 10 10 10 8 10 10
left_child=4 2 7 26 -1 14 10 -2 11 12 28 16 17 -12 21 -6 41 24 34 -13 -14 22 -5 -24 59 -26 -3 -28 36 32 -31 -32 44 -34 -18 -23 37 -4 -39 40 -40 -7 -15 -11 45 47 -46 -30 49 50 -48 -50 -37 54 -8 56 -55 -33 -53 -9 -61 -62
right_child=1 3 6 5 15 8 53 9 -10 43 13 19 20 42 -16 -17 18 -19 -20 -21 -22 35 23 -25 25 -27 27 -29 29 30 31 57 33 -35 -36 52 -38 38 39 -41 -42 -43 -44 -45 46 -47 48 -49 51 -51 -52 58 -54 55 -56 -57 -58 -59 -60 60 61 -63
leaf_value=-0.013198276188717523 -0.011920694342115304 -0.043099658112137444 0.046088009742884101 -0.0031266264612586944 -0.032214652121606249 -0.012450564069510069 -0.0092319654808982292 -0.0024823584320411928 -0.047860709867848204 -0.0073418811964825878 -0.022371021246272674 0.038175682773077743 -0.0006442146674055624 0.052121563272734144 0.036469527139229491 -0.022579884635540698 0.039752108976022014 -0.011569918470878141 0.03931471050813308 0.0042142956752179292 0.030880808686353602 -0.015422618186603685 0.064755816562489674 0.0091701705817558276 0.014364750469742485 0.067913361755758364 -0.013132231893576669 0.028892390113413803 0.042265919908673337 0.047464036770446166 -0.028778350084782453 -0.0012003621031753315 0.075191008181738253 0.022033774249245224 -0.020439408118144976 0.014800258672076195 0.025988721607366511 0.027255231121947776 0.036243445148723887 -0.02050571281052924 -0.023613227375854196 0.031603693079779893 0.0010372370266380309 0.031062041709694118 -0.0038281992171095439 -0.032085591498090177 0.076676165919255634 0.003849099574923485 -0.0024626083095935026 0.072034837321328746 0.020768329045018269 -0.012506456798460922 0.048468774365099124 0.04633021078796002 0.046479236611611595 0.05635440416366562 0.024345911589951207 0.053515026796454639 0.033825572384602341 0.050342594223112908 4.9904588409610153e-06 0.045641159414711883
leaf_weight=2149.4881202876568 259.65063515305519 94.975266292691231 54.405351266264915 813.07243728637695 2114.4864670783281 1161.1788140386343 86.089673295617104 767.09718325734138 65.224890679121017 64.89830256998539 112.51831036806107 96.624146372079849 124.05374120175838 50.971077725291252 160.49925957620144 2830.4857389330864 32.582946509122849 275.60348373651505 90.32291467487812 754.43045674264431 400.58357979357243 90.868354484438896 47.206169366836548 155.15542586147785 725.74787886440754 45.666573733091354 1069.741554364562 58.225047320127487 86.864976853132248 407.28043372929096 39.082085251808167 42.836798906326294 68.563198864459991 79.07108598947525 94.161852449178696 1160.2882254272699 462.79414908587933 105.70545983314514 85.707527816295624 213.32420133054256 35.08514067530632 46.06579501926899 90.39607934653759 476.85317558050156 95.837540328502655 52.701673656702042 33.494980692863464 229.38163021206856 117.68154239654541 92.877337604761124 181.59226940572262 43.146223723888397 79.043686658143997 343.56226561963558 54.197373420000076 233.7424224615097 480.65957523882389 77.286837413907051 325.03849384188652 60.644500151276588 266.2941310852766 62.23622827231884
leaf_count=8852 460 173 90 1284 8718 1910 144 1386 93 101 175 151 205 81 257 12017 52 482 132 1201 666 152 75 254 1212 77 1950 100 142 622 64 68 105 120 141 1825 735 169 142 336 56 74 148 744 130 84 51 362 179 139 267 74 123 544 87 359 737 120 492 101 437 102
internal_value=-0.000186397 0.0111962 0.0191758 0.000793243 -0.0226169 0.00439528 0.0259298 0.0107838 -0.00266748 0.0125915 0.0222794 -0.00134933 0.00982928 0.00103612 0.0109919 -0.0267064 -0.00701043 0.00657931 0.0136667 0.00811624 0.02343 0.00923171 0.00197583 0.0224162 0.00918138 0.017625 -0.0134701 -0.0109348 0.0241176 0.0279987 0.0393966 0.0185599 0.023379 0.0470941 -0.00473647 0.0147612 0.0160913 0.00677956 0.0018123 -0.00627953 0.0187654 -0.0107406 0.019728 0.0264472 0.0205581 0.00777786 0.0258377 0.014517 0.0294259 0.0427541 0.0298124 0.020897 0.016989 0.0355975 0.0124323 0.0386499 0.0335608 0.0341131 0.0283634 0.00353345 0.0153799 0.00877767
internal_weight=21075.4 13980.9 7911.23 6069.67 7094.46 4846.73 4381.9 3529.33 2340.59 3269.68 3183.64 2275.37 2727.93 253.885 2506.13 4944.97 1424.31 2203.29 217.068 851.055 524.637 2345.63 1015.43 202.362 1927.69 771.414 1222.94 1127.97 2929.76 1972.74 566.486 159.206 1406.25 147.634 126.745 1330.2 957.022 494.228 439.822 334.117 120.793 1207.24 141.367 541.751 1258.62 368.948 889.668 316.247 793.831 307.965 215.087 485.866 1239.33 1198.25 140.287 1057.96 824.222 120.124 368.185 1156.27 389.175 328.53
internal_count=52329 22742 12795 9947 29587 7724 6822 5973 3754 5513 4951 3661 4668 404 3970 20735 2309 3797 325 1352 871 3713 1613 329 3315 1289 2223 2050 4547 3019 874 252 2145 225 193 2100 1528 793 703 534 198 1984 229 845 1920 588 1332 504 1202 457 318 745 1948 1871 231 1640 1281 188 566 2026 640 539
is_linear=0
shrinkage=0.05


Tree=7
num_leaves=63
num_cat=0
split_feature=1 167 211 211 91 132 320 213 100 130 246 327 326 15 120 308 131 0 167 315 157 329 167 252 184 157 88 132 178 298 124 121 133 132 295 93 120 246 246 94 10 227 140 176 124 273 141 211 174 149 271 154 121 290 225 267 132 46 269 245 120 46
split_gain=1955.73 420.367 176.889 121.543 98.2697 68.0088 56.4654 53.4842 53.0549 50.7955 51.1943 48.4828 46.9897 46.4711 45.6536 45.0623 43.9502 42.2063 42.1139 42.0303 40.0375 39.9658 42.4745 39.1627 36.9059 40.2479 36.8575 34.551 37.5274 35.9401 43.0412 35.8133 35.1594 33.647 37.2414 35.0277 33.3316 43.6613 53.6184 48.0681 51.4299 42.7022 32.8909 35.5022 46.6275 36.4648 32.1688 34.7107 33.0359 31.9983 38.1529 48.1071 33.4093 31.9635 33.4927 31.857 42.9181 39.4544 40.7588 33.7006 31.7516 31.8221
threshold=3.5000000000000004 0.20540855723687393 4.7638888888888902 4.6833333333333345 0.21842592592592597 66.88313492063493 0.14102564102559631 6.4142857142857155 0.17108013937282232 92.828055555555565 18.009259259259263 1.5000000000000002 1806.4431818181822 2.5000000000000004 0.62037037037016673 0.089887640449258385 0.52150785641025654 10.500000000000002 0.15511248250251766 0.1108123052172468 0.19999999999995502 -1.0000000180025095e-35 0.35233853879795524 86.500000000000014 5.4833333333333334 0.11111111111100928 0.603527777777778 67.691898148148155 0.4445295328947369 0.091415769349399975 0.13257575757550003 0.27784992784983342 0.066666666666166677 73.220896464646486 86.639734849911008 0.2651190476190477 0.57139954449700014 16.201744186046515 16.600751879699253 0.44892857142857157 0.17156862745098042 0.20483682983682985 0.2352941176468677 0.31009615384600003 0.094386197529833335 0.22786592673816672 0.099999999999812517 3.8944444444444448 0.22474747474700005 0.099362026861874994 0.0038096482060000002 0.23188405797077538 0.24074074074050003 0.31614973057955004 0.1676706827309237 0.36935545935500008 70.402647907647918 4.1715686274509816 0.3234710550883334 0.68532975645044625 0.50638264068350014 4.2264957264957275
decision_type=2 10 10 8 8 8 10 8 8 8 10 2 8 10 10 10 10 2 8 8 10 2 10 10 10 8 10 8 10 10 10 10 10 8 10 10 10 8 10 10 8 10 10 8 10 8 10 10 8 10 10 10 10 10 8 10 10 8 10 10 10 10
left_child=1 3 7 8 -2 -5 11 -3 17 10 21 12 -4 23 16 -12 33 24 36 -6 27 49 42 -13 26 -26 -1 -8 29 30 -29 32 -30 46 -35 -36 37 39 -39 40 -7 -41 43 -23 -45 -46 48 -48 -10 50 -9 -52 -53 54 -20 57 -57 59 -59 -56 61 -17
right_child=4 2 6 5 19 18 20 9 14 -11 15 13 -14 -15 -16 60 -18 -19 53 -21 -22 22 -24 -25 25 -27 -28 28 31 -31 -32 -33 -34 34 35 -37 -38 38 -40 41 -42 -43 -44 44 45 -47 47 -49 -50 -51 51 52 -54 -55 55 56 -58 58 -60 -61 -62 -63
leaf_value=-0.020653133438898172 -0.028167066144686434 -0.023746134934428401 -0.013686052860408748 -0.0081567786405146465 -0.022561214676291269 -0.0322189867654748 0.0028999418063595113 0.059585626896653393 -0.023252703120725551 0.041763820775262729 -0.021706252714845026 0.022288937558736371 0.023554071783433182 0.018714019897592683 -0.042097813614897547 -0.02655895525347703 0.054253490220794169 -0.06708842764503406 0.039063854366377715 -0.011225884170036109 0.051867835171870491 0.017477410500964595 0.035344282020377107 -0.039445630879174194 -0.0086830076200896441 0.034385335305285661 0.030546293401704394 -0.022382476043586334 -0.013740894245974206 0.033911077929178864 0.025308421119280517 0.068342641466215756 0.046724644271240803 -0.029772533711735438 0.01087623276793271 0.054922502071948834 -0.017602831633081871 -0.025088615599105225 0.0070591258737817105 0.0047676360816563653 0.014832936055039962 0.060080025643545198 0.037199469349290387 -0.022869664839083995 8.6027558557798112e-05 0.022355189789896597 -0.010554444813558649 0.034315642863119118 0.0089801754966163539 -0.0077666774491233258 -0.046264741119853521 0.050958815219029445 -0.0035669569308870337 0.037622551102421957 0.0092317716905008698 -0.031501492301881151 0.02665264592435217 0.019823863994515384 0.073916738299522236 -0.026291138238060049 0.02760054675573588 0.021231565220800663
leaf_weight=922.5679298043251 3451.8057859390974 117.55236932635307 86.312955677509308 710.8679300993681 1443.675340205431 70.009108126163483 114.48955225944519 40.481877520680428 284.02746957540512 123.67324493825436 230.74422545731068 35.092819020152092 3085.4775968939066 160.21784430742264 58.959337562322617 85.295418947935104 38.922024235129356 37.602320104837418 106.74345973134041 1901.0367020517588 235.41026525199413 981.25628061592579 226.58837755024433 88.947797492146492 232.75056502223015 69.628415703773499 35.608800783753395 72.076410934329033 33.64345595240593 441.41097934544086 133.13200408220291 120.57286515831947 79.133313819766045 38.928179636597633 173.57053677737713 60.561007618904114 182.55686767399311 199.31619326770306 366.75844374299049 55.906738176941872 317.56451228260994 93.592231392860413 125.94018986821175 138.17505046725273 485.10207150876522 295.44182054698467 86.238749548792839 84.227365761995316 109.35033589601517 400.78598095476627 33.785341262817383 49.992060348391533 61.941527768969536 132.18716561794281 839.53565488755703 95.075402766466141 46.387236595153809 430.20121005177498 37.220121219754219 71.506531968712807 118.36348362267017 57.384511768817902
leaf_count=1734 14837 418 130 1149 6052 108 186 64 517 199 401 55 4771 257 114 149 65 62 164 8055 370 1621 381 139 377 111 67 112 54 682 202 181 123 65 308 104 291 322 581 90 490 137 217 236 800 496 159 140 193 670 55 81 102 206 1305 145 66 684 58 109 211 101
internal_value=-0.000177687 0.0103501 0.0176631 0.000262973 -0.022245 0.00575607 0.0240527 0.00927624 -0.00897168 0.0104078 0.00923002 0.0207627 0.0225351 0.000958629 0.000106782 -0.00564771 0.00299841 -0.0155079 0.00900781 -0.0161253 0.0332695 0.0118096 0.0148366 -0.0219015 -0.0139133 0.00129845 -0.0187153 0.0288142 0.032173 0.025882 0.00850614 0.0493996 0.0286804 0.000546808 0.0149274 0.0224757 0.00212255 0.00540437 -0.00427563 0.0156054 0.00625983 0.0395977 0.0125241 0.0108672 0.00379023 0.00853929 -0.00642269 0.0116576 -0.0142799 0.00017999 0.0172615 0.00514351 0.0209768 0.0140339 0.0120921 0.0101701 -0.0123438 0.0124915 0.0242905 0.00641237 0.00855651 -0.00728927
internal_weight=21043.3 14246.8 8258.42 5988.37 6796.52 3755.43 4685.92 3572.5 2232.94 3454.95 3331.28 3456.05 3171.79 284.258 934.785 491.788 875.826 1298.16 3044.56 3344.71 1229.87 2839.49 2252.5 124.041 1260.56 302.379 958.177 994.459 879.969 646.619 205.208 233.35 112.777 836.904 273.06 234.132 1285.7 1103.15 566.075 537.073 387.574 149.499 2025.92 1899.98 918.719 780.544 563.844 170.466 393.378 586.987 186.201 145.719 111.934 1758.86 1626.67 1519.93 141.463 1378.46 467.421 911.042 261.043 142.68
internal_count=52329 23385 13464 9921 28944 5905 7262 6202 4016 5784 5585 5352 4901 451 1665 862 1551 2351 4756 14107 1910 4723 3751 194 2289 488 1801 1540 1354 996 314 358 177 1486 477 412 2019 1728 903 825 598 227 3370 3153 1532 1296 1009 299 710 972 302 238 183 2737 2531 2367 211 2156 742 1414 461 250
is_linear=0
shrinkage=0.05


Tree=8
num_leaves=63
num_cat=0
split_feature=1 168 197 224 167 132 197 266 168 240 170 186 163 241 152 15 56 143 197 267 103 326 316 85 221 148 45 326 42 130 125 165 229 178 315 283 70 285 262 220 322 122 300 162 221 76 322 307 269 262 1 255 277 197 234 74 317 8 309 286 171 141
split_gain=1773.32 382.387 161.488 115.673 91.2855 66.7316 60.2174 54.5149 52.4487 53.9735 50.6917 48.1135 47.8363 45.1245 43.2024 41.9222 39.9226 39.9709 42.0038 39.4818 37.9234 36.5429 36.3357 35.8309 35.397 33.6312 33.4789 36.2463 34.81 33.3458 35.3657 46.0562 42.9711 40.5511 33.2585 33.175 33.1662 34.9547 33.0391 34.3503 37.8981 32.7552 33.9965 32.787 32.5141 32.3133 32.1375 31.9544 31.6608 31.3432 36.0183 31.274 31.1605 30.7356 30.691 30.314 47.1159 36.8954 35.4053 29.7123 29.6133 32.7188
threshold=3.5000000000000004 0.79493648029882691 4.9000000000000012 0.35416650000000005 0.2196325503751739 65.528042328042361 3.2916666666666674 0.18845337629616668 0.75332343251958156 2.0312500000000004 0.22335025380681475 90.833333333333357 85.454424603174616 0.29672718533569292 0.70195313245038371 8.5000000000000018 21.100000000000005 0.72363636363610018 6.1000000000000005 0.44479684613116671 0.47958333333333342 1872.5662393162395 0.24324324324289423 0.68333333333333346 5.1521428571428585 0.27757057666666668 0.44949494949494956 2152.8271844660198 0.19375000000000003 89.77202380952383 0.38034951159933345 0.14752978502960004 0.67003401360544224 0.078550000000000023 0.13354700854655985 88.398880909480923 0.046536796536796543 0.16969251336865002 0.19315175565150003 0.66700000000000015 0.14146178768800002 0.63059764309733346 0.10651039357644999 0.32751262626253336 5.052777777777778 3.9023809523809527 0.11791443850200002 0.12903225806449195 0.13855504654758335 0.029040404040333336 1.5000000000000002 0.25675776043383342 0.10644526051670002 7.5500000000000007 0.1527670527670528 0.088932806324110686 0.44649427204940456 0.34523809523809529 0.25714285714272928 0.081928184883000008 0.23606690336940214 0.10714285714276787
decision_type=2 8 10 8 10 8 8 10 10 10 8 8 10 8 10 8 10 8 10 10 10 8 8 10 10 10 10 10 10 8 10 10 8 10 10 10 8 8 10 10 10 10 10 10 8 10 8 10 10 8 2 10 10 10 10 8 10 8 8 8 10 8
left_child=1 2 6 36 46 52 19 12 9 48 11 23 44 -6 20 21 17 18 -12 -1 29 -11 -19 -7 -23 60 27 28 -13 30 31 32 -8 -33 41 -31 -3 -38 39 53 -41 43 -43 49 -4 51 -2 -22 -9 -16 -51 -44 -5 -27 55 56 -24 -58 -57 -60 61 -10
right_child=4 3 7 5 13 10 14 8 25 15 16 26 -14 -15 34 -17 -18 22 -20 -21 47 24 54 -25 -26 38 -28 -29 -30 35 -32 33 -34 -35 -36 -37 37 -39 -40 40 -42 42 45 -45 -46 -47 -48 -49 -50 50 -52 -53 -54 -55 -56 58 57 -59 59 -61 -62 -63
leaf_value=0.0021817914907401865 -0.031707797588274723 -0.041009339163392375 0.0059685827807678315 -0.025134026025193514 -0.019341644937179461 -0.018788045902901035 -0.0051649128152436606 -0.022625083974445168 0.028018803380127924 -0.00183073091241788 0.014101905322260007 -0.026370417165630211 0.031425996154459006 -0.0068554179158024147 -0.016398917367069499 0.015150447986449607 0.042354060310151029 -0.019601518767499847 0.087975949563641853 -0.030528695386643729 0.04549914336903059 0.033037974010205556 -0.013493399949836844 0.024468229745065653 0.052071835029474225 0.032814846396254885 -0.020424908637438309 0.019483165426633003 0.010730119081013154 0.017369472004666948 -0.0088096843775505394 -0.013911087571562517 0.037058246409320983 0.040717424358115893 0.050010473002601225 0.075648342039334876 -0.018333537393642862 -0.00047989388997031674 0.0088289260367033183 0.027311320905822792 -0.021827945053011368 -0.0017000776385907874 0.026799631405649393 -0.028628496084309209 -0.042554026983697341 0.033185619214904517 -0.021803946061090929 -0.0076592955667466392 0.023288095870269636 0.035989121368903788 0.0070137713912219214 -0.016552174804215329 -0.0016552400086285168 0.079291063463269029 0.056405233678019667 0.061011553257387878 -0.0011030481498965352 0.013666359585115934 -0.0080183885024632494 0.026478589206695786 -0.034409870530638591 -0.0033262474744223656
leaf_weight=908.03430776298046 1803.0356103330851 100.07789626717567 471.80451700091362 258.41051921248436 2367.6211997717619 456.34873427450657 247.88145454227924 72.431180566549301 143.05907320976257 65.563577353954315 50.432866647839546 106.84490489959717 196.72894249856472 1046.1344078928232 49.984573915600777 320.47520966827869 89.417525231838226 117.29915331304073 30.805675774812698 101.6564878821373 208.94810949265957 1586.711652353406 271.5613240301609 52.511773139238358 294.08702869713306 376.99068662524223 105.11602076888084 389.45035496354103 151.70313905179501 57.371980130672455 156.86400127410889 39.03845626115799 78.483894050121307 234.56442214548588 45.856449991464615 42.973616778850555 672.89777363836765 463.24955643713474 285.91263893246651 115.59255190193653 58.148110404610634 970.75410398840904 70.829500511288643 34.872579723596573 36.234641149640083 157.06993600726128 1534.2124295383692 32.182744085788727 75.823186606168747 282.57756572961807 174.19304889440536 97.813458412885666 311.83767467737198 39.268151059746742 32.397785395383835 49.079014584422112 633.90396700799465 1264.586703568697 91.921974018216133 189.76245808601379 41.349677294492722 196.23373536765575
leaf_count=1829 7803 193 733 431 10002 758 394 121 224 98 84 169 289 4461 82 605 130 197 48 201 330 2392 455 77 435 575 159 594 235 92 266 68 128 377 82 70 1239 912 431 171 88 1576 114 56 54 252 6678 50 120 419 313 155 511 60 52 76 972 2015 147 302 64 315
internal_value=-0.000170669 0.00982479 0.0166935 6.32509e-05 -0.0212799 0.00367619 0.00941528 0.0233275 0.0257737 0.0300907 0.00591514 -0.00241014 0.0105577 -0.0155199 0.0129876 0.0320015 0.00964054 0.00855281 0.0429049 -0.00113353 0.0208701 0.0347643 0.00748224 -0.0142752 0.0360429 0.0174553 0.00560844 0.00986415 -0.00462493 0.0158992 0.0122639 0.0177874 0.00505577 0.0328824 0.00838098 0.0428773 -0.0135245 -0.0110652 0.0228449 0.0296021 0.0108058 0.00731306 0.00298891 0.0176298 0.00242121 0.0169417 -0.0271642 0.0383813 0.000821947 0.020873 0.0249895 0.00167662 -0.0123289 0.0373907 0.00874555 0.00810383 0.00594544 0.00873425 0.0221888 0.015215 0.00501272 0.00991885
internal_weight=21009 14258 8368.37 5889.62 6751 4653.39 3991.95 4376.41 3671.65 2415.09 4083.14 1261.97 704.768 3413.76 2982.26 2266.84 2821.17 2731.75 81.2385 1009.69 1098.31 1946.36 2650.51 508.861 1880.8 1256.55 753.114 647.998 258.548 857.178 756.832 599.968 326.365 273.603 1883.95 100.346 1236.23 1136.15 875.912 589.999 173.741 1838.09 1296.47 541.628 508.039 325.713 3337.25 241.131 148.254 506.755 456.771 168.643 570.248 416.259 2533.21 2500.82 2170.05 1898.49 330.763 281.684 380.642 339.293
internal_count=52329 23385 13629 9756 28944 7412 6854 6775 5699 3771 6470 1992 1076 14463 4824 3530 4478 4348 132 2030 1775 2925 4216 835 2827 1928 1157 998 404 1395 1233 967 522 445 3049 162 2344 2151 1325 894 259 2967 2097 870 787 521 14481 380 241 814 732 269 942 635 4019 3967 3442 2987 525 449 603 539
is_linear=0
shrinkage=0.05


Tree=9
num_leaves=63
num_cat=0
split_feature=1 168 211 224 100 168 213 86 320 0 235 165 89 200 327 215 64 40 289 15 157 318 283 293 321 283 326 236 232 154 164 275 106 8 325 133 229 116 107 127 226 16 323 132 276 172 133 145 258 292 0 326 150 265 139 82 315 243 120 216 130 133
split_gain=1608.06 344.291 146.351 104.754 87.7898 63.5197 49.9573 47.7731 47.304 46.6524 46.6002 51.4802 43.6009 45.5729 43.5868 41.3882 39.1918 38.2219 41.6306 37.3041 37.1135 37.0407 36.8742 43.7339 35.388 35.3169 34.1977 33.5626 44.4475 33.2099 33.5687 36.1207 34.3767 44.9698 33.1499 48.0073 49.3588 44.235 43.7325 41.7212 38.0233 39.168 32.7475 32.9049 32.1577 32.1202 31.642 31.4862 31.3994 45.259 54.9799 45.3547 41.2032 35.5867 31.9673 31.3643 31.0163 33.5303 34.6855 30.8361 33.0905 34.9667
threshold=3.5000000000000004 0.79493648029882691 4.8166666666666673 0.35416650000000005 0.19478319783197837 0.83948616376114205 6.5357142857142865 18.050000000000004 0.14102564102559631 10.500000000000002 0.28629976580796257 0.20221253510456669 0.71985000000000021 90.90000000000002 1.5000000000000002 9.0000000000000036 0.24166666666666672 0.069047619047619066 0.097606208169650016 2.5000000000000004 0.19999999999995502 0.23205978935250748 89.653787199286526 0.2762801484226643 0.099999999999922498 87.50540680639331 1806.4431818181822 0.023483455882352944 7.5833333333333348 0.33783783783768923 0.32062142805311378 0.16813852813825006 4.3563492063492069 0.27922077922077926 88.688383838383871 0.044444444444333341 0.63097434545774045 0.70450000000000002 0.37837753587333012 0.51388888888883344 0.041960093896713617 5.5000000000000009 0.20710681244700005 71.97256944444446 0.091046372866500011 0.15929203539794251 0.071474183542916681 0.26403139450740004 0.28326750907366671 0.47839059984825 5.5000000000000009 2287.8989898989903 0.023128342245925002 6.2200608650608666 0.09725494144089071 3.8944444444444448 0.09493670886068041 0.23094017094017097 0.49833064336566674 1.3790000000000007 81.563690476190487 0.085188941476666682
decision_type=2 8 10 8 8 10 8 10 10 2 10 10 10 8 2 8 10 8 8 10 10 8 10 10 10 10 8 10 10 10 8 10 10 8 8 10 10 10 10 8 8 2 10 10 10 10 10 8 10 10 2 10 10 10 10 10 10 8 10 10 10 10
left_child=1 2 6 -3 -2 17 -1 10 14 12 11 21 13 -7 26 -6 24 -5 47 -16 25 -8 23 -14 55 45 -4 -24 46 30 31 -20 33 -32 37 36 -36 -23 40 59 -37 56 -12 -44 -21 -10 -29 -19 53 50 52 -52 -50 -25 -54 -9 57 -42 -59 60 -39 -62
right_child=4 3 8 5 15 9 7 16 20 -11 42 -13 22 -15 19 -17 -18 18 29 44 -22 34 27 48 -26 -27 -28 28 -30 -31 32 -33 -34 -35 35 38 -38 39 -40 -41 41 -43 43 -45 -46 -47 -48 -49 49 -51 51 -53 54 -55 -56 -57 -58 58 -60 -61 61 -63
leaf_value=-0.022882920151955102 -0.02716152914921276 -0.01289959473280311 -0.011488979235099917 -0.0089971524335099567 -0.021145286046205455 -0.020484430925102246 -0.014988415168216251 -0.034781617804137271 -0.0075281892270596925 -0.043898621041859487 -0.024436159611916933 0.035992293856978823 -0.020686993742007144 0.00061404558928789151 -0.021682429499289637 -0.010822523636325328 0.030093360892247224 0.010482328769632412 0.00061795637969385927 0.045154012678838076 0.048038769845276857 -0.01081990842079175 0.00010144946404955335 -0.012970984639000505 0.041373067393776039 0.030013749255324608 0.021321685681352502 0.030360696269449636 0.076678052853034889 0.049832548895564661 -0.0051440354185690899 0.034557957239390945 0.050506911414589441 0.024144143133256017 0.024557358087298285 0.051062386777671824 -0.044497057641570414 0.04061228130248553 -0.011250732650454093 0.046255209235754269 -0.022996272437284433 0.053425281565240346 -0.005224608476224162 0.018601010270612516 -0.0019099760856010736 0.045924691436929892 -0.0071139095847902248 -0.013804289476470244 0.061370956278240976 -0.021795312122916913 -0.046612535134070071 0.024014458641763829 0.03132288540148833 0.048704114648849467 -0.024964947778064833 0.016819739940502319 0.028277274252185597 0.035510157121985367 -0.0023902054894181404 -0.0099536448014379691 0.036121938386185687 -0.0059649531754796467
leaf_weight=120.96486422419548 2778.6832661181688 1231.7842396348715 80.807501643896103 251.02233953773975 1790.4392990916967 456.05455233156681 152.89345264434814 67.498551785945892 125.22627754509449 64.513769268989563 144.50307495892048 186.59718738496304 217.86751721799374 580.53582082688808 116.85824385285378 2137.0692001134157 444.78450731933117 299.25055006146431 540.5444463789463 56.851110637187958 237.12496224045753 333.24789136648178 207.88537256419659 33.125745892524719 39.642329424619675 849.6169850230217 2968.5445850193501 181.0533454567194 37.32369527220726 67.987246736884117 170.17174930870533 90.762858644127846 87.094491988420486 561.01500105857849 44.247826293110847 115.8489592820406 59.534006834030151 94.486139431595802 94.208374708890915 76.068148285150528 79.07457472383976 76.595905512571335 503.92973694205284 202.19964025914669 96.693365320563316 35.140087395906448 80.811852186918259 239.20861831307411 62.114756286144257 153.61580388247967 55.675045907497406 37.038607627153397 65.696430459618568 74.912983685731888 39.566411525011063 50.692489311099052 261.25872123241425 106.65396603941917 136.65275494754314 178.92687231302261 67.490842595696449 175.43033854663372
leaf_count=432 12181 2344 121 397 7603 800 273 107 197 94 247 315 356 942 183 9160 675 464 878 89 372 590 322 51 61 1310 4573 274 55 111 255 147 131 879 73 184 103 155 162 121 129 119 879 339 157 56 121 381 93 244 83 56 103 115 60 77 443 179 229 292 108 279
internal_value=-0.000163619 0.00932816 0.0158374 5.9539e-05 -0.0203558 0.00349194 0.00860104 0.00963972 0.0218756 -0.00229599 0.00712114 0.0109049 -0.00109962 -0.00867434 0.0187415 -0.0155338 0.022512 0.00938268 0.0116324 -0.000478386 0.0301928 0.00860539 0.00519647 -0.00191932 0.00106062 0.0259546 0.0204471 0.0155687 0.026263 0.015868 0.0142384 0.00555234 0.0209186 0.0173233 0.0105138 0.0169494 -0.0150543 0.00372511 0.0207844 0.0119201 0.0246891 0.0199837 -0.00283441 0.00160743 0.0156629 0.00436564 0.0187939 -0.000303238 0.00593259 -0.000345766 0.0123386 -0.0183889 0.029397 0.0298025 0.0100824 -0.0126523 0.0155024 0.00507875 0.0142804 0.00677242 0.0156602 0.00580771
internal_weight=20973.1 14266.9 8380.29 5886.63 6706.19 4654.85 3813.43 3692.47 4566.86 2347.79 3089.85 2239.22 2283.28 1036.59 3319.75 3927.51 602.618 2307.06 2056.03 270.403 1247.11 2052.62 1246.69 739.613 157.833 1009.98 3049.35 507.074 299.189 1517.58 1449.59 631.307 818.281 731.187 1899.73 974.075 103.782 925.65 870.293 592.402 776.085 660.236 850.632 706.129 153.544 160.366 261.865 538.459 521.746 413.707 260.091 92.7137 167.378 108.039 105.263 118.191 583.64 322.381 243.307 516.334 337.407 242.921
internal_count=52329 23385 13629 9756 28944 7412 6571 6139 7058 3769 5219 3754 3675 1742 5123 16763 920 3643 3246 429 1935 3439 1933 1161 245 1563 4694 772 450 2401 2290 1025 1265 1134 3166 1621 176 1545 1445 955 1283 1099 1465 1218 246 253 395 845 805 639 395 139 256 166 163 184 980 537 408 834 542 387
is_linear=0
shrinkage=0.05


Tree=10
num_leaves=63
num_cat=0
split_feature=1 167 183 0 159 91 116 289 211 235 106 241 309 295 310 46 313 121 199 90 257 125 207 194 169 34 247 276 274 156 202 320 0 272 87 104 330 292 166 262 177 267 176 171 136 325 289 123 153 193 242 256 67 143 244 101 265 172 305 170 166 207
split_gain=1474.69 343.609 129.833 86.3982 77.2349 63.1733 61.76 49.5267 49.2368 49.0108 46.0449 45.7528 44.6562 43.0538 42.5142 41.9264 42.8282 39.7188 45.9166 39.2325 46.1662 38.3595 37.8035 37.0312 51.8667 36.3601 38.8395 59.2459 34.8617 45.3289 45.6147 41.7538 36.1543 38.5868 40.8151 35.6622 35.0194 34.7513 48.0061 39.6634 34.1783 36.7686 33.3929 33.0131 34.0333 32.9197 32.8775 32.3308 32.26 44.2513 32.0572 33.2016 41.173 36.2746 50.0666 43.8234 35.9596 32.9109 32.1018 31.862 31.8366 44.3358
threshold=3.5000000000000004 0.1995562158760332 5.8333333333333348 10.500000000000002 0.76801046176010013 0.2802777777777779 0.72450000000000003 0.091895049638849979 4.0500000000000007 0.17083593912862208 4.3424812030075195 0.29735554520037283 0.24434853707682369 92.37012146931076 0.5125918291842172 4.1380952380952394 0.17047317436635648 0.15298821548800004 24.100000000000005 0.24885000000000004 0.44671603805416676 0.25089320313083335 4.7037500000000003 0.8333330000000001 0.4043635986730908 0.48373015873015884 7.2991588527302822 0.10158594930816668 0.057078640578666677 0.12499999999963284 1.4179999999999986 0.14005074803469664 1.5000000000000002 1.0000000180025095e-35 0.31255000000000016 0.070598006644518277 1.0000000180025095e-35 0.46248876666210009 0.16666666666652782 0.23630952380933337 74.926136363636388 1.0000000180025095e-35 0.42481203007450002 0.1177925641859827 0.85034013605383174 88.874264705882339 0.13660447957477503 0.45954176542350006 0.24073345158975956 2.1658333333333339 0.1064701778862923 0.078721108326166675 18.500000000000004 0.80333333333320012 0.028629976580796256 0.1023024594453166 5.9401738024959103 0.15517241379285776 0.14912664353779534 0.26562499999959771 0.085232683982625013 4.387500000000002
decision_type=2 8 10 2 8 8 10 10 8 8 10 10 10 10 8 10 10 10 10 10 10 10 10 10 10 10 10 10 8 8 10 10 2 10 10 10 10 10 10 10 8 10 10 8 8 10 10 10 10 8 10 8 8 8 8 10 8 8 10 8 10 8
left_child=1 3 5 6 11 8 10 9 25 -8 23 -2 -4 28 -6 19 17 -17 -19 20 -9 -12 42 46 37 43 27 -27 36 30 35 32 33 34 -31 -30 40 39 -39 48 -14 -42 50 45 -45 -3 -1 -32 -25 -50 51 -7 53 55 -55 58 -54 -52 -53 -33 -21 -62
right_child=4 2 12 -5 14 22 7 15 -10 -11 21 -13 13 -15 -16 16 -18 18 -20 60 -22 -23 -24 24 -26 26 -28 -29 29 31 47 59 -34 -35 -36 -37 -38 38 -40 -41 41 -43 -44 44 -46 -47 -48 -49 49 -51 57 52 56 54 -56 -57 -58 -59 -60 -61 61 -63
leaf_value=-0.017782932944969628 -0.017201567455723446 -0.0085233205899854798 -0.016771995834731476 -0.048233595560627909 -0.027434791614705967 0.0054666618982861064 -0.063935816670878665 -0.029300990369150393 0.010914118251187335 -0.0030162692722603343 -0.0072300448772581634 -0.0032441059302579971 0.069147936809053998 0.045898467065183829 -0.015588242222390473 0.046805954242112563 0.061029923970937087 0.019272470365652734 -0.01031557601727523 0.0055469438336581932 0.03274399384612163 0.038266481458497557 0.042677892534435199 0.0302099423725775 0.044474091523171916 0.0055530434969024859 -0.011288618664620179 0.056430212681819782 0.012606066872760717 -0.019979019721228671 0.018430091924634549 0.016427130981260522 0.025716727738168188 -0.040112102225708463 0.036124338627631876 0.041010889837748997 0.051872570601115969 -0.012787295759959551 0.045598009014593488 0.061516522856546185 0.050648806000704517 0.0044390214680814855 0.0055737506403166683 -0.009810457119026568 -0.049586478706303019 0.02898620422989083 0.0090406980853160439 -0.029851986160980427 0.032594197687715321 -0.026746532897215038 -0.01501134409092294 0.034368396529860783 0.062388558466344314 -0.046294614878709783 0.031258372424654041 0.054486115669873915 0.0095075226017280259 0.026469418574256422 -0.00049919891126056447 0.047196668103765514 -0.00091817178000011307 -0.038532286318530146
leaf_weight=961.13581947982311 2066.5250230878592 130.06011205911636 65.69910754263401 93.090259715914726 2712.957758307457 250.00119403004646 33.408152148127556 34.733920067548752 2300.4671295285225 828.82239532470703 83.738647863268852 822.09565679728985 34.618502587080002 221.03388306498528 1060.7842189818621 84.66749769449234 53.305300518870354 437.50144119560719 186.06768074631691 864.51930399239063 188.24829371273518 101.53414367139339 136.87201495468616 76.020136430859566 57.155835866928101 177.41751882433891 130.01958507299423 83.826884984970093 737.7895767390728 53.618251875042915 52.579622492194176 116.22773368656635 581.77100886404514 44.068117842078209 78.841606825590134 129.71360485255718 190.79505056142807 682.91702038049698 36.117099225521088 33.436073541641235 56.914647027850151 169.74725393950939 603.7002831697464 521.88107307255268 59.204660221934319 104.61174595355988 128.74722544848919 97.382153064012527 43.284568652510643 107.10409417748451 125.20500633120537 308.26166985929012 33.984122216701508 31.812960505485535 55.870341867208481 233.14995993673801 413.85276255011559 75.976864531636238 83.532847374677658 324.12066175043583 272.07706101238728 109.21405264735222
leaf_count=1754 8802 242 106 144 11916 423 61 57 3600 1365 146 3536 54 340 4692 138 87 704 278 1388 300 170 218 122 90 295 275 132 1137 83 81 177 901 65 115 194 282 1112 57 54 87 260 1035 958 116 184 236 155 70 178 229 527 54 54 94 383 663 134 160 509 435 165
internal_value=3.13462e-05 0.00907744 0.015195 -0.000732606 -0.0193983 0.0108811 9.35388e-05 0.00471481 0.00662427 -0.00545379 -0.00608731 -0.0132335 0.0237413 0.0246698 -0.0241111 0.00864884 0.0181633 0.0148484 0.0104333 0.00370335 0.0229693 0.0177479 0.017221 -0.00817426 -0.00139762 -0.00154988 0.0109583 0.0220503 0.0228928 0.0202886 0.0124987 0.0268808 0.0197119 -8.32029e-05 0.0133973 0.0169014 0.0355749 -0.00412379 -0.0097884 0.0115094 0.0235023 0.0162357 0.0156273 -0.00756139 -0.0139499 0.00822846 -0.0146043 -0.0128802 0.00386434 -0.00953169 0.0193844 0.022046 0.0256056 0.0330749 0.00285974 0.0372949 0.0136616 0.000682683 0.0269394 0.0391422 0.000235365 -0.0117778
internal_weight=20973.8 14311.5 8814.63 5496.85 6662.36 5859.71 5403.76 3092.57 3507.49 862.231 2311.19 2888.62 2954.92 2889.22 3773.74 2230.33 761.542 708.237 623.569 1468.79 222.982 185.273 2352.22 2125.92 1036.03 1207.02 391.264 261.244 2668.19 2216.11 1017.46 1198.65 758.299 176.528 132.46 867.503 452.075 978.879 719.034 259.845 261.28 226.662 2215.35 815.758 581.086 234.672 1089.88 149.962 226.409 150.389 1611.65 1410.47 1160.46 712.628 87.6833 624.944 447.837 201.182 391.795 440.348 1245.81 381.291
internal_count=52379 23433 14322 9111 28946 9776 8967 4978 5802 1426 3989 12338 4546 4440 16608 3552 1207 1120 982 2345 357 316 3974 3673 1683 2202 702 427 4100 3417 1567 1850 1164 263 198 1331 683 1593 1169 424 401 347 3756 1500 1074 426 1990 236 370 248 2721 2358 1935 1218 148 1070 717 363 687 686 1988 600
is_linear=0
shrinkage=0.05


Tree=11
num_leaves=63
num_cat=0
split_feature=179 100 211 168 132 168 132 132 61 92 289 300 184 316 299 265 138 193 241 251 86 169 273 293 284 167 295 246 262 167 325 228 173 262 299 177 278 164 130 279 274 245 291 127 81 213 321 173 68 197 246 253 153 259 307 257 318 238 146 100 288 57
split_gain=1321.77 312.959 117.108 84.5906 60.1237 58.1179 57.4603 54.9486 51.5023 51.7006 49.4058 46.6034 45.7656 45.7165 44.6623 43.7585 43.1134 39.4266 38.8818 42.2608 45.258 46.6138 37.9506 35.8994 44.5494 39.6051 37.5015 39.3212 40.498 34.9589 34.9303 36.6639 34.5549 45.3177 34.3533 34.3397 38.426 33.8865 42.0014 33.8524 42.385 33.3656 32.787 32.7335 36.878 34.3132 32.5375 32.0879 31.881 31.5556 31.5254 30.7496 31.9561 30.6346 45.3122 35.2861 34.3031 34.0875 34.0647 51.7668 33.4632 33.1408
threshold=1.0000000180025095e-35 0.16843971631205676 5.154761904761906 0.71488134353789767 70.240389610389627 0.74343076331924807 62.619047619047628 65.528042328042361 0.036666666666666674 0.22154761904761908 0.12233134758504997 0.088732363315605564 4.9333333333333345 0.26213031682274063 0.16662265203916662 6.9520311670767594 0.21951219512169515 1.6658333333333337 0.25330422125181956 18.500000000000004 18.105555555555558 0.28650106716930401 0.10005005005000002 0.29341216310055035 1927.6993567868865 0.21220500116960669 89.638128559536625 16.076197387518146 0.13095238095216669 0.17882698778423781 88.12837022132797 0.024845679012345682 0.13888888888881948 0.073667073667000024 0.13131682424489996 87.506250000000023 0.25695207570179984 0.28431627479422422 75.069166666666675 0.11111111111100005 0.1460933235396667 0.67606497883003558 0.074942603604688948 0.31349206349191677 4.3166666666666673 25.225000000000005 0.075167120758282052 0.1212121212120076 0.63333300000000003 2.7750000000000004 14.473377138325592 6.2900000000000009 0.23877755551490429 0.51046238113550013 0.05769230769225963 0.50836673286466671 0.24564770193683547 16.42206477732794 0.049999999999900006 0.15047169811320757 0.17499999999999996 0.41489999999999999
decision_type=2 8 8 8 10 8 8 8 10 10 8 10 8 8 10 10 10 8 10 10 10 10 10 10 10 10 10 10 10 8 10 10 8 10 10 8 10 8 10 8 10 10 10 8 10 10 10 10 10 10 8 10 8 10 10 10 10 10 8 10 8 10
left_child=3 6 4 -1 18 17 -2 -7 -8 11 49 12 42 35 53 16 48 -4 19 -3 29 51 -16 25 -25 -14 27 -26 -29 -21 -20 -32 33 -23 39 36 -9 38 -15 41 43 -19 -10 44 -41 -46 -27 -17 -6 -5 -39 -22 -53 54 -13 58 -55 -57 59 -56 -60 -58
right_child=1 2 5 10 15 7 8 13 9 -11 -12 14 23 37 22 47 -18 34 30 20 21 32 -24 24 26 46 -28 28 -30 -31 31 -33 -34 -35 -36 -37 -38 50 -40 40 -42 -43 -44 -45 45 -47 -48 -49 -50 -51 -52 52 -54 56 55 57 61 -59 60 -61 -62 -63
leaf_value=-0.0079419291754789685 -0.029102057319347497 -0.014031677925216066 -0.0029646109465828263 -0.027029045058932489 0.0055074530190542589 -0.011988234710187416 -0.021380968441626139 0.031105186341569196 0.0087170520523038968 0.036325434696706231 -0.015676794004066331 0.038014072626314808 -0.017043654474897672 0.058905136917376345 -0.0098286717481451246 0.053654817787093162 0.015475444749895918 0.029054915579274761 -0.015925411835138844 -0.013667419588973521 0.064281535364071649 -0.053658348528642347 0.045121671748189207 0.063662844478071412 -0.027819881675029069 -0.0043825412677687301 0.03836984307335016 0.04235632352929608 -0.023060874570099019 0.0045249204695580868 0.063417301360196812 0.0066208031714638507 0.035470772930415138 0.010161829424949791 0.034252447483872718 -0.03858257219716351 -0.021407495571487578 -0.010275627022809342 0.0052280436390530578 0.021785307220806932 -0.0094526123356612236 0.079503758286268045 -0.027429144329574547 0.034729557832420675 -0.019598505241976552 0.033439250543674588 0.053638746086068348 0.016205723191915194 -0.028602074068405117 -0.0080008034243629154 0.023835315054646828 -0.0099542479730143803 0.050523086343117564 -0.017463683837864473 0.0050082702296194923 -0.0082277338925243436 0.010321618132811707 -0.04533997856385201 -0.0077681946031935949 0.062364281217289957 0.041000029121029291 0.053811625092900287
leaf_weight=1613.1085885465145 191.90981808304787 354.00216609239578 117.9679329842329 2639.8167616426945 238.0153900384903 186.12978857755661 292.01493756473064 74.064236477017403 74.758092656731606 96.429243505001068 2366.8302351683378 64.676024585962296 379.72601556777954 37.864088624715805 43.365077257156372 115.57112976908684 1611.7161858230829 143.50080823898315 34.527614891529083 314.90322721004486 74.256727173924446 40.642676651477814 108.94441345334053 36.177495777606964 98.781970337033272 61.66080729663372 62.846237495541573 59.197956651449203 38.047907397150993 1606.9877309650183 70.457931786775589 47.946016579866409 57.659062460064888 82.79926361143589 883.58150179684162 58.685794994235039 63.977116003632545 70.268932908773422 598.65564252436161 485.67262209951878 124.39808039367199 42.767562091350555 370.32050240039825 313.568289488554 117.68555517494678 40.024509966373444 38.443932011723518 115.72364903986454 94.986168712377548 239.43594658374786 1467.2091690301895 43.456555098295212 42.15015010535717 103.70363968610764 262.30666713416576 193.37060278654099 685.59439823031425 90.720129176974297 825.84359841048717 45.385357648134232 35.726584523916245 45.973279148340225
leaf_count=6785 330 723 192 11597 396 303 504 114 134 150 10448 108 623 61 80 182 2658 221 75 533 109 59 173 54 153 94 100 87 60 2647 148 97 85 121 1373 92 97 105 960 774 191 60 675 500 174 54 60 187 156 728 2224 64 61 170 425 303 1084 149 1312 71 58 68
internal_value=2.9208e-05 0.00879859 0.013747 -0.0179669 0.00833562 0.0192887 -0.00243064 0.0141055 -0.00117849 0.000368936 -0.0210464 -0.000569886 -0.00858137 0.0161605 0.00333071 0.0145542 0.0120924 0.025118 0.00344487 0.00200549 0.00452165 0.0212827 0.0294817 -0.00122814 0.0124639 -0.0096663 0.0050722 -0.00571816 0.0167364 0.00153593 0.0278691 0.0407083 0.00383171 -0.0110728 0.026661 -0.00687281 0.00675259 0.0182493 0.00851632 0.0213427 0.0179125 0.0410275 -0.0213407 0.0214812 0.0149726 -0.00598091 0.0181605 0.0350899 -0.00426357 -0.0254517 0.0222674 0.0408742 0.0200048 0.00162425 -0.00260495 -0.00444088 0.00931033 -0.020214 -0.000590287 0.0136592 -0.00569495 0.0131312
internal_weight=20936.9 14077.7 9771.82 6859.19 4945.8 4826.02 4305.92 2556.85 4114.01 3822 5246.08 3725.57 1219.96 2370.72 2505.61 2176.01 1944.72 2269.17 2769.79 2616.86 2262.86 340.964 152.309 774.882 295.052 479.831 258.874 196.028 97.2459 1921.89 152.932 118.404 181.101 123.442 2151.2 196.727 138.041 2174 636.52 1267.62 1081.35 186.268 445.079 956.951 643.383 157.71 100.105 231.295 333.002 2879.25 1537.48 159.863 85.6067 2353.3 1518.03 1453.35 835.271 284.091 1169.26 307.692 861.57 731.568
internal_count=52379 22821 15796 29558 8301 7495 7025 3956 6695 6191 22773 6041 2040 3653 4001 3579 3210 3539 4722 4402 3679 499 253 1231 454 777 400 300 147 3180 320 245 265 180 3347 303 211 3350 1021 1974 1693 281 809 1502 1002 228 154 369 552 12325 2329 234 125 3748 2426 2318 1322 452 1866 496 1370 1152
is_linear=0
shrinkage=0.05


Tree=12
num_leaves=63
num_cat=0
split_feature=1 100 211 100 0 231 167 47 132 184 154 193 145 321 46 0 124 289 95 58 265 0 326 315 211 167 295 260 278 164 266 299 116 101 300 132 302 276 239 227 117 243 205 82 59 139 154 76 243 160 164 198 306 297 34 266 133 326 265 174 137 121
split_gain=1215.91 285.816 115.349 71.211 70.289 57.1915 57.6069 52.0663 51.7968 50.4213 48.4228 46.6103 38.2681 45.3686 38.1562 38.0722 37.54 37.3227 36.4578 35.9896 35.2155 35.0255 35.8202 34.7822 34.4051 38.4586 35.4485 34.3553 34.2064 34.0882 34.039 37.1774 35.8128 33.3141 33.2686 36.2677 33.1454 37.9126 36.6376 32.7974 32.7329 43.8187 32.1647 45.2591 36.9678 35.3189 32.0417 31.9928 32.9191 32.8233 31.8523 38.1129 32.2426 45.8522 31.4843 37.0721 31.3454 31.0346 30.7358 30.654 30.2009 34.9634
threshold=3.5000000000000004 0.16843971631205676 5.154761904761906 0.23956521739130437 10.500000000000002 6.1794642857142863 0.22733059495397026 0.28044949494949506 70.240389610389627 4.5416666666666679 0.24038461538422118 2.2583333333333337 0.2687717482107001 0.097826086956429442 4.0741758241758248 1.5000000000000002 0.16706303505933337 0.12233134758504997 0.12805555555555556 0.61310000000000009 6.9633136557913424 7.5000000000000009 2651.3142857142861 0.10730226128134594 3.8660714285714293 0.17979813280376974 93.787175514243245 0.29247234247216675 0.26683235640090014 0.32754090552014631 0.26190476190450002 0.12047099915391112 0.72150000000000014 0.20881782945736438 0.16666666666620003 65.697532051282067 0.26229508196677875 0.082850961739166687 8.2042069992553994 0.38975694444444448 0.36666666666666675 0.23541565386485175 4.7750000000000012 3.8944444444444448 0.68830000000000024 0.10526315789468423 0.29280610987896227 4.6978260869565229 0.27186703055791689 0.42162878787855002 0.30874937639859779 6.0000000000000044 0.11706919685597281 0.22340032882099992 0.3575396825396826 0.19428742346716668 0.10377320524616669 2114.7234494477489 6.5261293269661911 0.12132352941150001 0.39086537285657524 0.4968101343098334
decision_type=2 8 8 10 2 8 8 10 10 10 10 10 10 8 10 2 10 8 10 10 10 2 8 8 10 8 10 10 8 10 10 10 10 10 10 10 10 10 10 10 8 10 10 10 10 8 10 10 10 10 8 10 10 8 10 10 10 10 10 10 8 10
left_child=1 4 8 17 9 -4 7 29 24 12 20 28 19 -14 36 50 -16 -2 33 -1 -10 22 60 -5 26 -26 47 -18 -8 -7 31 54 -32 34 35 -11 37 -9 -38 -12 -37 -42 43 44 -40 -46 59 48 49 -3 51 -13 -52 -54 55 -27 -56 -43 -39 -15 -17 -62
right_child=3 2 5 23 -6 6 11 14 10 18 39 15 13 46 16 21 27 -19 -20 -21 -22 -23 -24 -25 25 30 -28 -29 -30 -31 32 -33 -34 -35 -36 40 38 58 42 -41 41 57 -44 -45 45 -47 -48 -49 -50 -51 52 -53 53 -55 56 -57 -58 -59 -60 -61 61 -63
leaf_value=-0.020009525307178953 -0.026468834309481305 -0.0022696188959826459 0.048060739598066497 -0.018450384055036927 -0.04584220485386678 -0.022753410602486836 -0.012150463749431755 0.013446355029451696 -0.0054698921831204724 -0.0081360749874115311 0.018233543766516033 0.014314032938952795 -0.018388872513017972 0.0071871044294833436 0.0086106444274143667 0.032727531840835024 0.038370631742288372 -0.016728985192010815 0.044757377523200012 0.029819559730126413 0.037509219295664635 0.0015532160249761904 0.070196578377613408 -0.0066060142541502186 -0.0084368397316199172 0.011149436289371685 0.050714107645939213 -0.010228711013110322 0.015742531253713846 0.029905059158147965 0.0063829766955382939 -0.017643700211955115 0.027079841011529843 0.030490496180074586 0.032145802674399059 0.0053393262146165686 -0.022084355282754268 0.0063873816041030915 0.021452497284106364 -0.026587375460588869 -0.042054236026122196 -0.028501768451018039 0.026813891967450515 0.029997352531326994 0.0092201878809382767 -0.048717790356779929 -0.0041305348739247441 0.025282852243625434 -0.017072578754831366 0.047984927609209527 -4.0752774700377605e-05 -0.027449357327528817 0.056009108486860172 -0.00026894065790206091 0.047936156232810327 -0.027661791270720489 0.0073844886458451515 0.025105231976560224 -0.048326740423587256 0.067620087415791605 0.0090009462219021712 0.042356226392596175
leaf_weight=684.69008898735046 2138.7895786166191 443.93348297476768 157.0794253051281 1028.9033364057541 90.36349156498909 170.62091980874538 138.35582381486893 86.705237984657288 429.03805541992188 1102.1436438262463 1722.8747203797102 150.27855688333511 117.46857254207134 36.448373660445213 279.28048072755337 1230.3542064428329 326.23954728245735 1844.8005354106426 46.89776623249054 37.316347926855087 52.596565037965775 115.2906394302845 53.555265232920647 1566.5899988114834 314.73852205276489 189.16376748681068 27.899966433644295 40.31625509262085 519.23405840992928 36.461205899715424 394.83962470293045 172.84380389750004 446.85709609091282 90.878322258591652 77.242280662059784 1779.5651847273111 69.943627312779427 37.920969933271408 53.290688335895538 40.868907332420349 88.344779178500175 42.489803224802017 313.24330089986324 97.859159722924232 39.753558665513992 74.450511261820793 62.767978131771088 77.456271439790726 485.39826621115208 34.045768246054649 85.209315910935402 84.496118292212486 110.54999350011349 53.300353467464447 82.605563133955002 89.939938277006149 112.66703967750072 70.140026703476906 76.146128237247467 49.97860723733902 322.87681660056114 103.45683962106705
leaf_count=1337 9501 877 229 4426 143 293 223 139 724 1732 2858 238 228 69 424 1900 502 8261 72 66 83 172 80 6758 531 310 45 63 844 59 689 274 702 137 123 2790 103 56 92 78 142 66 465 145 64 118 121 148 886 73 125 126 158 78 124 148 178 112 117 93 501 160
internal_value=2.71898e-05 0.00820164 0.0128876 -0.017764 -0.00244428 0.0184334 0.0174255 0.0100789 0.00765408 -0.00151774 0.0133425 0.021634 -0.0114163 0.00474261 0.0133351 0.0249797 0.0224897 -0.0219649 0.00145095 -0.0173895 -0.000698036 0.028288 0.0300854 -0.0113086 0.00320256 0.00741427 -0.00390097 0.0329985 0.00985676 -0.0133586 0.0107718 0.00213587 0.017396 0.000811076 -5.02878e-05 -0.000868804 0.00634966 -0.0113509 0.0118461 0.0171777 0.00317488 -0.0158974 0.0159874 0.00313552 -0.0126138 -0.0286017 0.0229896 -0.00541702 -0.00791416 0.00139221 0.0124543 -0.000748203 0.0248729 0.037781 0.00937522 -0.00139357 0.0247212 0.00476504 -0.0301964 0.0425649 0.0287441 0.017187
internal_weight=20899.9 14320.8 9944.04 6579.08 4376.74 4826.27 4669.19 1702.23 5117.77 4286.37 2245.38 2966.96 988.67 266.664 1495.15 2309.37 645.836 3983.59 3297.7 722.006 481.635 1825.53 1710.24 2595.49 2872.39 1803.66 1068.73 366.556 657.59 207.082 1488.92 647.22 841.697 3250.8 3159.93 3082.68 849.313 200.772 648.541 1763.74 1980.54 200.975 578.597 265.354 167.495 114.204 149.195 1040.83 963.378 477.979 483.834 234.775 249.06 163.85 474.376 279.104 195.273 112.63 114.067 86.427 1656.69 426.334
internal_count=52379 23433 16202 28946 7231 7474 7245 2640 8728 7088 3743 4605 1914 511 2288 3538 989 17762 5174 1403 807 2813 2641 11184 4985 2956 2029 565 1067 352 2425 1034 1391 5102 4965 4842 1299 312 987 2936 3110 320 884 419 274 182 283 1984 1836 950 725 364 361 236 760 458 302 178 173 162 2561 661
is_linear=0
shrinkage=0.05


Tree=13
num_leaves=63
num_cat=0
split_feature=181 168 183 159 0 80 100 183 193 268 311 292 322 122 266 144 323 258 243 45 244 294 132 282 123 193 290 108 211 23 266 263 71 324 118 128 86 172 212 123 176 228 41 94 273 180 132 0 81 192 228 147 281 184 267 122 298 227 219 230 302 178
split_gain=1086.35 255.527 85.4237 76.0967 74.2583 52.9311 51.865 47.7098 43.5881 41.2386 39.5828 39.854 38.6478 37.7801 46.5375 41.5895 41.2919 38.7997 39.3777 37.2263 36.3804 35.5604 35.4502 34.9166 34.2035 47.9083 34.132 37.0468 33.5772 33.3423 39.7498 39.5222 37.6003 36.4219 35.7234 35.6595 32.9901 33.0451 32.4994 32.7843 32.3887 32.3675 33.2189 37.2736 32.3615 36.7753 32.1557 42.0523 35.1967 31.6862 30.5445 30.5291 30.431 29.9263 29.4113 28.9481 35.641 28.8618 34.8356 39.156 40.134 33.5602
threshold=1.0000000180025095e-35 0.79247193925658166 5.8333333333333348 0.76801046176010013 10.500000000000002 0.81666666666666676 0.24283374283374287 3.8333333333333335 5.6658333333333344 0.20591374984516667 0.21259438845531162 0.42238233597154995 0.11791443850200002 0.79569735819700005 0.28319382423116674 0.36381652661050007 0.20468236582650004 0.24103467055666669 0.28540100250626571 0.60769230769230786 0.020366683258669322 0.5441781592616004 67.478730158730187 0.43486290167050029 0.54428341384816681 1.8425000000000002 0.26260418927620016 0.46353173076923082 1.1339285714285716 1.0000000180025095e-35 0.48483970136116666 90.489235234105593 0.048809523809523817 0.19098277608900002 0.25188746438733339 0.17222222222216668 20.31666666666667 0.055172413792920698 4.9300000000000042 0.4777854090351667 0.56696428571400015 0.026846846846846854 0.080128205128205135 0.34511904761904771 0.16149678494866668 6.5000000000000009 64.697566137566142 1.0000000180025095e-35 4.0500000000000007 0.56833333333333347 0.014599317988064792 83.109666666666683 0.30886896175829998 6.3500000000000005 0.23812019566716672 0.43339438339416675 0.076862410981450011 0.19684550422255342 4.6833333333333345 13.64076246334311 0.28260869565197833 0.21576700000000004
decision_type=2 10 10 8 2 10 8 10 10 10 8 8 8 10 8 10 8 8 10 10 8 10 8 10 10 8 10 8 8 10 10 10 10 10 10 8 10 8 10 10 10 8 10 10 8 10 10 2 10 8 10 10 10 10 10 8 10 10 10 10 10 10
left_child=3 2 6 28 5 7 10 51 22 49 -2 54 -5 15 -15 17 -17 18 -13 23 -16 46 -7 24 25 -9 -4 29 -1 33 31 32 -31 -28 -33 -32 37 -24 -25 -40 -29 42 43 -18 -35 50 -11 -48 -49 -8 -46 -3 -10 -52 -12 56 -51 58 59 -41 -61 -62
right_child=1 4 26 12 -6 8 9 19 52 21 11 13 -14 14 20 16 41 -19 -20 -21 -22 -23 36 38 -26 -27 27 40 -30 30 35 34 -34 44 -36 -37 -38 -39 39 57 -42 -43 -44 -45 45 -47 47 48 -50 55 53 -53 -54 -55 -56 -57 -58 -59 -60 60 61 -63
leaf_value=-0.015923020267590897 -0.024755578588929558 -0.019197334190911838 0.0055401430204118831 -0.025672203948709005 -0.045298403412672224 -0.014990284926244457 -0.026977149835829495 0.059475738570008485 0.015042480304688112 -0.017409323306213295 0.0047400966056858479 0.051746538771894293 -0.015547639725303028 -0.026651245204041021 0.048290370658725629 0.037768227883640024 -0.0082142865429546841 0.011857558222405917 -0.009831755589607789 0.045669506859376902 -0.0016465563298563909 -0.042739935524954038 -0.020699825021675458 -0.01048986240858208 0.052590827026305055 -0.0098949669475952053 0.054387513312723929 0.02801429360283561 -0.0052385631740298763 0.051523025935431614 0.02757498812417147 0.061400930568157479 0.0076866384389428352 -0.006695879854660209 0.018307655232964667 0.072833924515359125 0.050653418092462023 0.01174061151583794 0.0093759948316334309 0.05147076421967442 0.062675645551474646 -0.020158436347390486 -0.016510885070705871 0.054745286850625657 0.046391451414246311 -0.015833572489048389 0.061864975384817757 0.020892112615336383 -0.013818051830887586 0.023237012124268215 0.0034504574842693643 -0.0025598826595858541 0.066658423018097532 0.053775474114917524 -0.052133653374247503 0.018097277415480627 -0.047269729249844961 0.0016614639114510181 -0.030439404683408413 -0.036030401886710868 -0.031706807466345986 0.019975377087064997
leaf_weight=1418.8988053053617 111.38175715506077 547.57326339185238 329.59890657663345 2087.1138643026352 88.299610316753387 156.28414380550385 40.233702689409256 31.862179636955261 62.737160429358482 117.94719706475735 40.750050202012062 121.2121746391058 1738.4677755087614 167.64241349697113 43.718535676598549 55.033290266990662 40.27521125972271 1049.8678047508001 32.436111345887184 45.225297138094902 196.5721912831068 41.783078789710999 86.452429503202438 674.77037385106087 58.803050935268402 101.49882459640503 41.787020206451416 796.90757550299168 1532.1537189036608 53.477503150701523 118.30502264201641 89.667903065681458 491.91131441295147 263.54953709244728 106.01503773033619 70.517821535468102 48.029953852295876 764.697799295187 922.35439026355743 29.478667378425598 73.880045205354691 231.23155990242958 73.190457105636597 54.300622835755348 99.422678917646408 71.584854990243912 37.729377925395966 174.05413064360619 124.26310916244984 32.810235053300858 165.95660483837128 556.66821131110191 53.128166601061821 35.054211467504501 49.55920435488224 2555.5391867160797 37.20081290602684 1199.7552588284016 176.30175419151783 85.51071985065937 41.773525029420853 117.12203077971935
leaf_count=6304 194 1020 511 9243 141 256 72 51 93 197 66 195 7727 270 75 91 65 1662 55 74 324 73 138 1161 93 166 62 1174 6284 78 193 134 767 425 170 109 70 1206 1426 46 107 383 122 84 155 118 61 311 194 55 266 1012 81 53 84 4197 64 1901 271 141 71 187
internal_value=2.51214e-05 0.00793967 0.0136141 -0.0164226 -5.18799e-05 0.000648611 0.00994725 -0.00177256 0.0101313 0.0140857 0.00417031 0.0056779 -0.0210778 0.00710579 -0.00650563 0.0104606 -0.00242114 0.0153224 0.0387351 0.0010969 0.00758073 0.000831388 0.00691013 0.000496221 0.0211498 0.00696095 0.0206963 0.0227071 -0.0103811 0.0181786 0.0243268 0.0190507 0.0120805 0.00970742 0.0382915 0.0447984 0.0107346 0.0084193 -0.000730667 0.00183052 0.0310293 -0.00805748 0.00861222 0.0280762 0.00668113 0.0161638 0.00493756 0.0128242 0.00641914 0.0165476 0.0238317 -0.0108245 0.0391208 0.0124741 -0.026645 0.0172265 -0.0142949 -0.00238766 -0.0131695 -0.00196422 -0.00861305 0.00624358
internal_weight=20861.3 14084.7 8236.37 6776.63 5848.33 5760.03 5428.73 4588.7 1171.33 3161.56 2267.17 2155.79 3825.58 2065.48 407.933 1657.55 454.031 1203.52 153.648 3484.46 240.291 495.777 1055.46 3439.23 192.164 133.361 2807.64 2478.04 2951.05 1607.25 929.895 741.072 545.389 677.355 195.683 188.823 899.18 851.15 3247.07 2572.3 870.788 398.998 167.766 94.5758 635.568 372.018 453.994 336.047 298.317 2665.78 300.433 1104.24 115.865 201.011 90.3093 2625.55 70.011 1649.94 450.187 273.885 244.406 158.896
internal_count=52379 22821 13216 29558 9605 9464 8894 7620 1844 5224 3670 3476 16970 3326 669 2657 745 1912 250 5588 399 836 1670 5514 310 217 4322 3811 12588 2530 1451 1149 845 1079 304 302 1414 1344 5204 4043 1281 654 271 149 1017 592 763 566 505 4388 474 2032 174 319 150 4316 119 2617 716 445 399 258
is_linear=0
shrinkage=0.05


Tree=14
num_leaves=63
num_cat=0
split_feature=1 100 211 100 0 231 316 262 140 59 132 215 154 101 90 276 197 272 73 276 321 160 189 68 177 325 170 259 118 125 325 122 285 323 72 41 92 129 200 263 133 116 221 261 170 46 265 309 235 27 233 147 199 283 325 288 18 319 236 228 80 266
split_gain=1003.15 238.067 96.6838 64.563 59.2276 51.8201 50.41 48.7712 50.2604 45.7138 44.6066 44.1695 42.6322 42.4772 41.9617 44.6029 50.092 42.2933 39.3772 37.523 37.5146 37.3655 37.4047 37.221 36.7287 40.3873 36.5989 44.399 35.7772 35.1215 44.6055 43.9674 41.7338 34.7536 34.4624 34.3835 38.6534 34.278 34.1723 34.0044 33.2389 32.5824 32.1741 32.0126 34.9496 31.8613 31.656 31.1577 30.989 32.65 30.6428 30.4921 45.7318 31.3677 49.3728 30.4359 30.4346 30.2178 29.9346 30.6423 30.3774 29.9118
threshold=3.5000000000000004 0.16843971631205676 5.154761904761906 0.18983268983268986 10.500000000000002 6.1794642857142863 0.28221685976674177 0.070899470899166692 0.027027027027013519 0.74430000000000018 70.240389610389627 9.0000000000000036 0.24038461538422118 0.091966173361522213 0.28455000000000014 0.19444444444433337 6.6333333333333337 0.20757067188616671 0.14550264550264552 0.089611171123666691 0.090289390560797725 0.33666514041490009 0.41666666666666669 0.90000000000000013 93.808333333333351 89.944324039362712 0.273291925465587 0.50157119857766685 0.4555916305913334 0.23953732370116668 87.380104166666683 0.54534632034600017 0.15448717948700005 0.30805176132250006 0.29814814814814822 0.069047619047619066 0.10879629629629632 0.046536796536750004 94.26666666666668 88.263178501303045 0.036086744639000003 0.9295000000000001 3.1252777777777783 0.24253154253133333 0.32183908045928167 4.741666666666668 6.9633136557913424 0.29438727291778038 0.22360681114551087 0.3751666666666667 0.24536878216123501 87.812059523809538 22.775000000000002 90.794147838091561 91.801452090270075 0.12716991341985001 0.41666666666666669 0.086416987875640339 0.040363310524600855 0.026144907723855096 0.58571428571428574 0.41656380480566674
decision_type=2 8 8 8 2 8 10 10 8 10 10 8 10 8 10 10 10 10 10 10 10 10 8 10 10 8 8 10 10 8 8 8 10 10 10 8 10 10 8 8 8 10 8 10 8 10 10 10 8 10 10 10 10 10 10 10 8 8 8 10 10 10
left_child=1 4 10 -2 9 -4 13 20 19 24 51 -5 46 28 15 16 18 29 -11 -9 -8 22 42 35 33 40 27 34 -7 32 -31 41 -16 39 -10 36 -15 48 -23 -1 -26 -32 -20 44 -22 -41 -12 -36 -37 50 -50 53 -53 -3 -55 -34 -28 -33 59 60 -59 -39
right_child=3 2 5 11 -6 6 7 8 26 14 12 -13 -14 23 17 -17 -18 -19 21 -21 43 38 -24 -25 25 -27 56 -29 -30 30 31 57 55 -35 47 37 -38 61 -40 45 -42 -43 -44 -45 -46 -47 -48 -49 49 -51 -52 52 -54 54 -56 -57 -58 58 -60 -61 -62 -63
leaf_value=-0.022839455017417236 -0.022509017170412579 -0.0014261651402944333 0.044905039472285857 -0.018081610402784561 -0.042833493304659104 0.0015156430449061306 -0.044970827835901908 0.037725795896421013 0.013918067400301513 0.047974642345744244 -0.0055403252883806965 -0.0074737106661516995 0.015758408191723514 0.020145495769071192 -0.016850008868366011 -0.036338605283235688 0.037081447247189904 -0.037159459541257038 0.006358770999568295 -0.022298722325805761 -0.01486515378912031 -0.026716732013226354 0.0066695831811133151 0.042327397150712182 0.079405739131262087 -0.014303975349669058 0.050508734345073185 0.029344159655028419 0.038335557094016294 -0.015971208632722469 -0.035508885125446504 0.079264545232147765 0.035887693700967442 0.0031421086409501968 0.015646962376570379 -0.016025251012980513 -0.041130409984867833 0.018390726339583576 0.0253184855324976 -0.008968276909986703 0.013682275178397141 0.025915701269059011 0.080855261076335394 0.042114782911074095 0.042864679590499027 0.033249645962684295 0.035122206729480486 -0.03739365791337964 0.011872501626447212 -0.018062360409453689 0.050976567262664446 0.0012043065270569029 0.043218445764919677 0.031062011575018696 -0.001762834348586009 -0.012114791364086955 0.026870167996219337 -0.01235726632703182 -0.0023479444694456636 0.057984794961407439 0.040654988077587474 0.054556396592262239
leaf_weight=520.61831194162369 2531.1369482576847 2146.0422460436821 157.69251787662506 1795.6588229089975 87.365876615047455 1110.3344810307026 39.145950198173523 33.936520680785179 427.39101758599281 55.763148263096809 428.95366084575653 2173.1663626432419 1768.8208509385586 46.664731800556183 427.64274233579636 48.066579461097717 171.77170802652836 84.388061821460724 26.236348867416382 101.11278435587883 128.80819688737392 140.77651089429855 602.84577584266663 135.69327372312546 31.918859675526619 56.18195053935051 155.9549977183342 401.40023316442966 69.181401446461678 133.32841788232327 57.136794984340668 24.451623320579529 75.252635315060616 457.88941676914692 44.412598997354507 94.019817680120468 54.991197839379311 146.08513495326042 39.630699291825294 843.43923087418079 48.10469289124012 33.365767255425453 32.345194488763809 50.349763989448547 31.8416897803545 46.173450708389282 52.852634340524673 70.205028384923935 146.7286446839571 52.569819778203964 76.156922444701195 154.47389623522758 110.92540431022644 206.22445866465569 255.3503985106945 57.349547520279884 1160.8099867105484 49.869316011667252 85.965394541621208 73.835607409477234 56.798844367265701 95.432550817728043
leaf_count=893 11562 3726 229 7877 143 1729 61 55 656 85 724 9507 2936 74 691 85 250 131 65 163 204 238 961 199 53 99 247 607 112 214 91 40 120 777 68 143 86 222 60 1451 86 52 50 76 51 84 83 109 240 80 114 271 168 357 463 89 1806 87 141 111 84 143
internal_value=2.36126e-05 0.00741676 0.0116868 -0.0162655 -0.00231269 0.0167619 0.0158018 0.0203507 0.0225438 -0.0014748 0.00689828 -0.0122778 0.0121685 0.00985815 0.0033708 0.0102817 0.0124139 -0.00328888 0.00765172 -0.00701199 -0.000635817 0.00492104 0.0104264 0.018386 -0.0069806 0.0179868 0.0243144 0.0167548 0.0037101 -0.000593299 0.00882131 0.0175198 -0.00925264 -0.00881231 0.00738538 0.0137674 -0.013031 0.0182483 -0.0151819 -0.0126968 0.0406155 -0.012773 0.0482419 0.00773923 -0.00319747 -0.00673656 -0.00100591 -0.0168404 0.00861539 0.0170715 0.0254242 0.00276524 0.0188795 0.00111663 0.0129274 0.0151542 0.0297099 0.0269722 0.0218767 0.0333907 0.0159398 0.0328678
internal_weight=20823 14323.1 9954.56 6499.96 4368.51 4830.92 4673.23 2645.37 2395.22 4281.15 5123.64 3968.83 2250.63 2027.86 2276.82 1117.44 1069.37 1159.38 897.598 135.049 250.146 841.835 661.427 848.342 2004.33 136.206 2260.17 943.409 1179.52 1075 514.752 381.423 560.245 1868.12 542.009 712.649 101.656 610.993 180.407 1410.23 80.0236 90.5026 58.5815 211 160.65 889.613 481.806 114.618 369.475 275.455 222.886 2873.02 265.399 2607.62 461.575 132.602 1316.76 290.921 266.469 180.504 106.668 241.518
internal_count=52379 23433 16202 28946 7231 7474 7245 4103 3711 7088 8728 17384 3743 3142 3645 1794 1709 1851 1459 218 392 1374 1076 1301 3443 238 3493 1440 1841 1720 820 606 900 3205 833 1102 160 942 298 2428 139 143 115 331 255 1535 807 177 577 434 354 4985 439 4546 820 209 2053 463 423 282 171 365
is_linear=0
shrinkage=0.05


Tree=15
num_leaves=63
num_cat=0
split_feature=1 80 197 211 167 168 163 73 168 120 212 121 121 214 101 306 257 296 214 29 214 0 109 307 135 108 199 172 44 311 94 243 136 244 161 153 297 55 287 229 318 252 161 265 76 293 165 265 134 226 204 0 265 162 303 263 185 225 167 286 152 276
split_gain=941.081 212.191 81.4252 71.5107 68.4997 56.0137 45.0417 46.0641 41.8848 57.5859 46.8811 57.7385 39.8235 39.7334 38.983 38.8888 38.8357 37.7994 37.5078 40.5869 34.3869 32.86 34.6586 34.2022 35.3434 32.5214 32.4017 32.3653 32.2278 31.9977 34.5972 40.9152 34.1729 53.534 33.9803 33.3941 33.2288 32.7283 31.7908 31.1126 30.9893 30.276 30.1675 29.6877 35.2343 29.661 29.5116 29.4834 36.1163 30.6419 29.263 29.0945 28.5462 28.4067 28.2736 36.3193 27.9904 27.8057 30.6311 27.8047 27.7591 37.1697
threshold=3.5000000000000004 0.81666666666666676 6.1000000000000005 4.6458333333333348 0.1923487474154221 0.77311283950086762 83.034722222222243 0.61721611721611735 0.72991384548391613 0.46825560060816673 4.9300000000000042 0.30555555555541675 0.34074074074050004 88.70714285714287 0.13840996168582378 0.072328788839203725 0.47307609707816667 2437.8481457792327 92.70714285714287 0.83950000000000002 95.828571428571436 10.500000000000002 0.6842789228723406 0.10389610389563637 0.38668997668980104 0.59278125000000015 24.550000000000004 0.09565217391260436 0.13809523809523813 0.21991067282001608 0.37018518518518528 0.23939916092298474 0.60253666389666816 0.017582502511786075 0.26914397433545006 0.3463596928668134 0.13589575966626671 1.0000000180025095e-35 0.33878621378582496 0.72232784114913395 0.2384621642617393 104.50000000000001 0.24539734775010005 6.4331400468596884 4.5278637770897836 0.23746031746015003 0.045467885872200006 6.7873780430046429 0.021286231883916668 0.074813432835820912 1.1000000000000003 7.5000000000000009 6.1552731157731158 0.10227914061236669 0.47368421052587828 86.918433845373229 24.833333333333339 0.25342723004694839 0.37416396217605524 0.081928184883000008 0.90676629693031863 0.062499999999833335
decision_type=2 8 10 8 10 8 10 10 8 8 8 10 10 10 8 10 8 8 8 8 10 2 10 10 8 8 10 10 8 8 10 10 10 10 10 10 8 8 10 10 10 10 10 10 10 8 10 10 10 8 10 2 8 10 10 10 10 10 10 8 8 10
left_child=1 3 8 14 -2 6 7 13 10 15 42 51 20 -5 21 45 -14 38 -11 47 27 22 -1 24 -24 56 28 -8 -21 -13 31 37 -32 -34 -35 -36 -37 -31 -6 60 -4 43 -3 -17 -45 -10 -25 48 49 -20 -33 52 59 -29 55 -42 -16 58 -44 -12 61 -7
right_child=4 2 40 5 17 39 12 -9 9 18 11 29 16 -15 25 41 -18 -19 19 26 -22 -23 23 46 -26 -27 -28 53 -30 30 32 50 33 34 35 36 -38 -39 -40 -41 54 -43 57 44 -46 -47 -48 -49 -50 -51 -52 -53 -54 -55 -56 -57 -58 -59 -60 -61 -62 -63
leaf_value=-0.015986570977949512 -0.022612169279560501 0.049689058820988494 -0.01949948100336675 0.020686887719896629 -0.01501074955043618 0.017356634012539205 0.05810222306582407 0.050133361241371771 -0.014498893274626218 0.0039867170355709757 0.033097543428512982 -0.037462807524233241 -0.015816363616339025 -0.013299542668528576 -0.00075085723133779014 -0.00021388418098672643 0.022955816087391025 -0.0034794722142575912 0.027178570365887885 -0.047743766658580947 0.056985897687489163 -0.055365293687704015 -0.0095909864816363585 -0.02317470343905385 0.038009133143329654 0.052937873944756048 0.046726323120114238 -0.014144821702467012 0.014987492357747031 0.022937864976389152 0.047788699444070312 0.0088938807423075902 -0.031631601679123864 -0.019051979295982225 0.06584092922357937 -0.0081419379222010466 0.04363839086188942 -0.025316526908831391 0.054422246476342986 0.037903615774908216 -0.031380300488761274 -0.037620069167500124 -0.0053207456319846131 0.012217115562662336 0.044203728427574994 0.038325668268588534 0.013193238432064628 0.0074333355803323301 -0.049807647031780755 -0.035874646911779703 0.055358962435789132 -0.015411334303128339 0.036789050372571901 0.024983207702881122 0.026987949345465934 0.0170346855807544 0.038934392982477979 0.019379211346192637 0.026424167580778143 -0.018181458983624551 -0.0082824189861758681 0.0010655788819707596
leaf_weight=725.28036542236805 2355.4542171955109 36.824507638812065 41.816108644008636 122.14293237030506 3077.9887589365244 407.31397664546967 56.256180062890053 44.255300298333168 29.679834201931953 1055.4814312160015 53.420699864625931 31.612267732620239 107.35252875089645 283.8923813700676 344.56794978678226 361.94899635016918 158.8073124140501 1007.3320800960064 35.366575628519058 31.187080800533295 103.81780548393726 34.718288794159889 1012.2537466734648 63.382327675819397 39.549728959798813 36.802150070667267 38.404869079589844 58.30879981815815 55.229450702667236 45.22874753177166 107.67746119201183 182.91311852633953 50.241414412856102 35.303527355194092 55.972493007779121 58.1451346129179 64.356170430779457 145.87076623737812 15.588751867413519 58.090816825628281 42.693080425262451 32.069506540894508 570.81549498438835 484.24632921814919 104.38782298564911 212.24486090242863 416.002161860466 53.453478470444679 130.86341246962547 39.95499861240387 40.875375524163246 32.367341220378876 596.38548971712589 213.3725051432848 1373.5705887675285 341.04757629334927 49.966560184955597 220.4999763071537 86.622895389795303 50.383921384811401 618.89789891242981 2464.5681724399328
leaf_count=1401 10855 63 66 215 13543 658 81 68 54 1766 85 53 169 458 630 587 245 4443 53 48 155 65 1772 123 68 61 53 88 95 73 163 282 78 53 82 92 97 234 65 86 63 46 990 755 169 335 758 79 196 62 65 49 919 342 2070 520 77 430 158 77 996 3847
internal_value=3.789e-05 0.0071713 0.0134625 0.00129422 -0.0158134 0.00503151 0.0146264 0.00227637 0.0102475 0.00589503 0.0149448 0.0202396 0.0225727 -0.00303781 -0.00515124 0.0138613 0.00729812 -0.0119027 -0.000881193 -0.014234 0.0319387 -0.00774831 -0.00698925 -0.00271656 -0.00776198 0.00861839 0.00911809 0.023845 -0.00788174 0.0110803 0.0130826 0.00312827 0.0241421 0.0143352 0.0252585 0.0341086 0.0191535 -0.0138099 -0.0146418 0.00192252 0.0226165 0.00941403 0.00595114 0.0110439 0.0179634 0.0317914 0.00833617 -0.0254716 -0.0340211 -0.00623486 0.0176116 0.0304338 0.0325792 0.0165461 0.023632 0.0115677 0.00434824 0.00405645 -0.00109672 0.00822442 0.00131164 0.00338309
internal_weight=20805.1 14348.8 6929.16 7419.6 6456.36 4697.08 1148.21 450.291 5130.04 2664.52 2465.52 1550.75 697.915 406.035 2722.52 1224.58 266.16 4100.91 1439.94 384.46 431.755 2291.19 2256.47 1531.19 1051.8 431.337 124.821 327.937 86.4165 818.196 786.584 414.888 371.696 264.019 213.777 178.474 122.501 191.1 3093.58 3548.87 1799.13 982.653 914.763 950.583 588.634 241.925 479.384 259.638 206.185 75.3216 223.788 732.557 700.19 271.681 1757.31 383.741 394.535 877.938 657.438 103.805 3490.78 2871.88
internal_count=52329 23423 11060 12363 28906 7408 1821 741 8341 4298 4043 2402 1080 673 4955 1946 414 18051 2352 586 666 4187 4122 2721 1840 768 196 511 143 1272 1219 654 565 402 324 271 189 307 13608 5587 2719 1557 1641 1511 924 389 881 390 311 115 347 1130 1081 430 2653 583 707 1578 1148 162 5501 4505
is_linear=0
shrinkage=0.05


Tree=16
num_leaves=63
num_cat=0
split_feature=1 167 211 167 106 207 0 10 27 169 130 246 29 161 168 137 300 297 76 69 147 130 198 120 98 57 63 193 245 224 236 273 324 154 284 130 8 173 102 297 100 268 136 150 322 251 140 285 244 186 243 79 75 188 152 332 55 256 138 284 178 153
split_gain=853.085 192.659 78.0617 63.223 52.912 53.1846 44.2249 42.9192 39.5785 39.2453 38.0648 33.2753 35.9348 42.8759 33.1434 38.7054 34.7895 34.8559 33.6377 34.55 58.9625 35.7986 39.0599 40.1502 32.9346 39.8838 37.7085 33.4693 33.3982 32.8503 32.3307 32.2362 39.3824 32.1235 31.5493 31.3414 31.2187 34.8352 40.6127 36.9314 34.3959 38.7974 40.773 35.453 39.3451 33.8523 31.9407 43.7609 31.9321 31.3393 31.123 43.4359 36.0999 31.0136 30.8447 30.6082 30.6618 37.3943 30.5532 32.2719 30.276 30.2712
threshold=3.5000000000000004 0.20621572544937636 5.354166666666667 0.1923487474154221 4.4456264775413716 6.1674999999999995 10.500000000000002 0.13809523809523813 0.27850000000000008 0.28507971339992638 93.573611111111106 18.009259259259263 0.68383333333333363 0.19907285144970002 0.74009640883539352 0.10116503866495673 0.060667902699099989 0.092222222222149972 3.0178571428571432 1.0000000180025095e-35 87.03366666666669 86.067063492063511 5.5450000000000017 0.43946864287133336 0.61250000000000016 0.39670000000000011 0.20845238095238097 5.2366666666666672 0.6712020239417501 0.35416650000000005 0.016064516129032261 0.28716931216916669 0.35355392156800008 0.27586206896522708 2425.1389762823724 84.164960317460327 0.40833333333333338 0.12018518518508796 0.24283374283374287 0.049382716049333315 0.15301003344481609 0.025674491621000006 0.87731481481458462 0.089630091918333349 0.10501253132750001 24.500000000000004 0.13333333333297223 0.14584316678162501 0.029350233817376326 95.416666666666671 0.24900392082162645 0.65473205741626805 0.23303167420814483 1.1083333333333336 0.76820821870125255 1.0000000180025095e-35 0.45000000000000007 0.094782668311666693 0.18181818181802048 2005.1993250650655 0.113046875 0.3063693595604568
decision_type=2 10 10 10 8 10 2 10 10 10 8 10 10 10 10 10 8 10 10 10 10 10 10 10 10 10 10 10 10 8 10 8 10 10 8 10 8 10 10 8 10 8 8 10 10 10 10 10 10 8 8 10 10 10 10 2 10 8 10 8 10 10
left_child=1 4 10 -2 5 6 8 24 -1 -9 11 12 50 -14 16 -16 17 35 -17 20 58 22 23 -21 26 -26 27 28 53 -10 -24 -28 -33 -29 -5 -15 40 39 -39 -38 43 -42 46 44 -31 -46 47 -43 -44 -45 51 -3 -52 -4 -11 56 57 -6 -20 -60 -25 -57
right_child=3 2 7 34 55 -7 -8 9 29 54 -12 -13 13 14 15 18 -18 -19 19 21 -22 -23 30 60 25 -27 31 33 -30 36 -32 32 -34 -35 -36 -37 37 38 -40 -41 41 42 48 49 45 -47 -48 -49 -50 -51 52 -53 -54 -55 -56 61 -58 -59 59 -61 -62 -63
leaf_value=-0.014220612918951388 -0.021681119032644965 0.00094638689583719307 0.02710175397388569 -0.014044757424878349 -0.037205176375556682 0.020551690342271681 -0.038925750594500264 0.024043652356288192 -0.0082560986039575037 0.0066385148148929707 0.034999959492933989 -0.003584186716484505 -0.035940491148930886 0.035772790595338617 0.055687222795430036 -0.041997050885157636 0.019470749648509089 -0.036728871307832929 -0.014792023494423434 0.026286171805879034 -0.021047746195265962 0.016484213511652957 0.0093437574801616529 -0.040823841489184755 0.027786566802505203 -0.0046697523983445077 0.029126373709511044 -0.040337645164612308 0.041111427208277651 -0.021588931884774301 -0.03428110183684898 0.01783596018374323 -0.04149803511755993 0.0076093636734517502 -0.0041630824307130115 -0.016501208844473463 -0.012469816712209425 0.0065113234196280696 -0.02779843622051056 0.0098878972646377107 -0.0080920628877916862 0.052310602939227582 0.019383569934124423 -0.01768156500974628 -0.006855537602066742 0.030546137314173022 -0.010148662443834104 -0.0069163704857029499 -0.038869849489347158 -0.066348659835280002 0.018485742270213198 -0.031385707822536177 -0.0067063301580115673 -0.0064375005049017138 -0.021193366205188868 -0.021011755166862128 0.039110958892803832 0.01952143325883144 -0.0047619432949490082 0.047202816785779068 0.00065331100647135108 0.035568233151791688
leaf_weight=572.21595931053162 2334.3654226064682 379.4942577034235 101.4457723647356 2971.2845309525728 33.914069160819054 264.24803778529167 80.55735370516777 230.91214162111282 1015.985753685236 372.12483188509941 124.21045669913292 636.12848246097565 45.849273890256882 60.323669254779816 37.677269518375397 36.129549488425255 1476.5212842673063 55.140722334384918 29.899121150374413 134.68153211474419 65.6400475949049 280.01810939610004 57.663463324308395 51.673564121127129 1386.1476286351681 101.02093887329102 460.35463698208332 69.570180907845497 77.365651994943619 217.82044471800327 154.79153403639793 101.27756056189537 37.483933120965958 68.364509552717209 1112.8376306444407 52.875867024064064 203.93494196236134 184.36530949175358 160.29448162019253 1866.5529508590698 332.47703151404858 129.55632825195789 44.134292811155319 102.48462672531605 159.22830502688885 96.162220567464828 42.001029193401337 40.505843326449394 48.148644879460335 48.973887294530869 368.87701688706875 141.85614125430584 229.98632369935513 209.4553147405386 134.75494088232517 88.447870716452599 162.94291970133781 172.02126878499985 35.409415379166603 179.04122027754784 265.58412246406078 31.118085816502571
leaf_count=1044 10855 680 161 13133 58 398 137 347 1925 558 197 1149 76 96 60 57 2388 89 52 225 107 440 81 88 2114 148 707 107 121 338 230 158 60 114 4918 90 316 295 256 2991 509 189 65 162 252 144 65 62 74 73 646 249 394 335 205 151 256 287 56 291 448 52
internal_value=3.59563e-05 0.00681428 0.0117952 -0.0151142 7.42898e-05 -0.00130028 -0.00238511 0.0176777 -0.00181776 0.0070059 0.00776885 0.00705231 0.00868867 0.0115259 0.0122715 0.00638354 0.0170161 -0.00447196 0.00489823 0.00628528 0.0207415 0.00151803 -0.00479745 0.00351123 0.0206858 0.0255768 0.0142006 0.00440925 0.0119285 -0.000301592 -0.0224289 0.0227703 0.00158993 -0.016654 -0.0113551 0.011381 0.00189681 0.00522688 -0.00946526 0.00767838 -0.0044738 0.00369531 0.0165729 -0.0128024 -0.00601973 0.00727203 0.0286113 0.0382166 -0.0110474 -0.0337828 0.00103445 -0.00788464 0.00880764 0.004542 -0.000777959 0.0158415 0.0229551 0.0100207 0.0320278 0.0386171 -0.00619364 -0.00607197
internal_weight=20766.3 14347.8 8249.75 6418.49 6098.09 5609.65 5345.4 3350.28 5264.84 737.792 4899.47 4775.26 4139.13 3018.92 2973.07 1328.21 1644.86 168.34 1290.53 1254.4 309.99 944.412 664.394 451.939 2612.49 1487.17 1125.32 526.201 388.267 4692.63 212.455 599.116 138.761 137.935 4084.12 113.2 3676.64 2415.15 344.66 2070.49 1261.49 636.823 304.346 624.669 473.211 255.391 212.063 170.062 92.2829 151.459 1120.21 521.35 598.863 310.901 506.88 488.444 368.878 205.935 244.35 214.451 317.258 119.566
internal_count=52329 23423 13324 28906 10099 9295 8897 5135 8760 1110 8189 7992 6843 4874 4798 2135 2663 275 2075 2018 506 1512 1072 761 4025 2262 1763 838 617 7716 311 925 218 221 18051 186 5791 3858 551 3307 1933 964 455 969 734 396 316 251 139 235 1969 929 1040 496 763 804 601 345 399 347 536 203
is_linear=0
shrinkage=0.05


Tree=17
num_leaves=63
num_cat=0
split_feature=1 80 224 183 167 140 131 132 120 168 198 165 211 137 92 224 132 274 265 330 257 164 265 153 307 314 207 323 132 10 100 254 216 289 32 169 292 193 90 299 322 307 296 152 139 250 164 149 139 288 2 177 133 283 297 145 278 59 134 283 162 275
split_gain=773.102 176.681 73.9293 62.2171 58.3243 52.2759 50.1797 47.2636 37.2066 54.6961 43.9284 38.0963 36.9674 40.9318 40.4805 36.9232 41.9226 38.0323 36.1169 36.0921 39.331 52.8761 35.4779 35.3258 35.2764 35.2268 34.8086 34.1547 33.9748 42.3786 37.952 48.0998 35.6985 34.4631 36.8584 32.9247 32.7685 33.2801 32.5477 32.5362 32.4022 32.2679 32.0965 31.2071 35.5477 43.3289 39.1927 36.7451 31.1303 30.9218 30.8383 58.179 37.4413 30.808 30.7547 39.1392 31.3166 39.73 30.8537 30.651 43.705 34.3958
threshold=3.5000000000000004 0.81666666666666676 0.70714250000000012 3.8333333333333335 0.1923487474154221 0.15789473684190355 0.45182884381324634 70.748280423280434 0.46825560060816673 0.72991384548391613 4.8400000000000034 0.11125332270050002 5.9500000000000011 0.10116503866495673 0.16714285714285718 0.76388850000000008 71.255416666666676 0.055555555555416671 6.721085449856421 1.0000000180025095e-35 0.4720925447256667 0.35246374048708734 7.0358694546194549 0.14012962215071248 0.071625887923871354 0.093749999999596004 5.8825000000000012 0.31383948928400002 69.270866402116425 0.61250000000000016 0.17573529411764707 0.094675596366000023 1.2630000000000019 0.13201898970660003 0.1126984126984127 0.34015345232437716 0.44845356330650016 6.3341666666666674 0.25385000000000013 0.11735165103825008 0.17546670381650004 0.10256410256402566 2412.3791640580598 0.83957671957632785 0.13083930994353735 5.6000000000000005 0.36235334411616166 0.10023310023290001 0.50518817204296784 0.10420950964780001 4.5000000000000009 83.786607142857164 0.015388257575666668 87.622974994716273 0.13589575966626671 0.25120558492040007 0.29959781887990006 0.75790000000000024 0.37499999999975003 89.956171990916758 0.050113990040338896 0.060618426753000006
decision_type=2 8 10 8 10 10 10 8 8 8 8 8 10 8 8 10 10 10 10 8 10 10 10 10 10 10 10 8 10 8 10 10 10 10 10 10 10 8 10 10 10 10 8 10 8 8 10 8 10 10 2 8 8 8 10 8 10 10 8 10 10 8
left_child=1 3 8 22 -2 6 12 53 10 11 -3 -10 13 23 15 16 19 27 -16 20 -15 -22 -1 -5 -14 -19 38 -18 30 32 33 -32 39 -8 -35 40 -9 -38 43 -30 -13 -27 -6 44 -11 46 47 -46 -37 -26 52 -52 -4 -7 58 56 -56 -58 -54 61 -61 -21
right_child=4 2 50 5 42 7 28 36 9 26 -12 35 24 14 18 -17 17 25 -20 59 21 -23 -24 -25 49 41 -28 -29 29 -31 31 -33 -34 34 -36 48 37 -39 -40 -41 -42 -43 -44 -45 45 -47 -48 -49 -50 -51 51 -53 54 -55 55 -57 57 -59 -60 60 -62 -63
leaf_value=-0.0090107332360879148 -0.020784797716073982 0.0038188215824360734 -0.01867283399695872 -0.0093435674604417669 -0.013665129714998205 -0.020054186749105644 -0.016526413700529648 0.058184517578746986 -0.013266445472482596 -0.016640086938480878 0.01903118265671153 0.024318320480142989 0.02819817615121999 -0.031845844459509616 0.0028958937029370346 -0.029637359690877232 0.042690644021923504 -0.021182536654912917 0.051835138642095727 0.027926011085022691 -0.016982164003157153 0.030466146619875414 0.023529608637374196 0.046252624502185133 -0.0092795522497256637 0.044065828979550192 0.047760387027564188 -0.013997436757971141 -0.047087761616986697 0.035255655031328444 0.079924769456189926 0.0054433465824024908 0.03042465013758119 0.062391975456114558 -0.01052579296960973 0.0090587094138486878 0.015081987811305701 0.065928930880618741 -0.0099920551354653678 0.0079818656704357949 -0.022184794486875044 -0.0011615582714701563 -0.0038595949532003642 0.032314119230788044 -0.028244866269300235 -0.0067215022149752987 0.074849016539462188 0.027580045404081113 -0.038962490796324495 0.0076682900457834798 -0.023556130398767867 0.030528012436156684 0.022270645518796359 0.011962673206259841 0.031371065840801647 0.037938968832285661 -0.05112462679845791 0.017129638502418717 -0.0044465210819424755 0.059340560783890911 0.0026799178235854737 -0.011750843810759519
leaf_weight=1604.238792553544 2313.8574455678463 699.24441203474998 50.180940985679626 46.382242485880852 2891.311139434576 104.4857389330864 223.51358714699745 71.556734696030617 133.56352061033249 193.42277911305428 1485.7897901833057 700.31626679003239 154.86234337091446 296.22733406722546 131.6241672039032 170.83662606775761 108.85468126833439 135.35668316483498 52.044591248035431 58.338477432727814 281.93476633727551 73.077823251485825 87.354207918047905 71.697563767433167 368.11392812430859 54.836380764842033 34.205912992358208 34.346356064081192 43.784206628799438 260.63138453662395 30.350818231701851 71.315984651446342 74.435744524002075 31.722223594784737 36.12305074930191 631.66185879707336 290.85335758328438 35.481321811676025 724.2501368522644 65.990130290389061 38.705567210912704 133.42449651658535 1176.6609264463186 90.666842579841614 36.50414614379406 210.08114355802536 32.759773910045624 137.35198697447777 34.639502733945847 991.66567750275135 102.41922283172607 94.747280910611153 593.46103265881538 259.91065755486488 91.756010830402374 598.57449896633625 34.593639180064201 52.172225311398506 131.33781963586807 38.900379508733749 233.80774356424809 685.06460218131542
leaf_count=3040 10855 1262 79 79 12838 169 351 117 218 327 2239 1150 237 495 209 271 170 221 84 99 460 117 155 115 570 84 51 57 69 401 49 112 112 50 54 1027 466 57 1151 100 73 212 5213 148 68 341 53 247 57 1551 151 138 905 440 136 910 54 76 199 62 379 1149
internal_value=3.23155e-05 0.00647318 0.0122107 0.00110612 -0.0144439 0.00359741 0.00172108 0.0157796 0.0092063 0.00558411 0.0141693 0.0121576 -0.000546475 -0.0041567 -0.00552658 -0.00733 -0.00552895 0.00769735 0.016996 -0.00923739 -0.0184187 -0.00714295 -0.00731448 0.0244771 0.0056622 -0.00179918 -0.00134828 0.0290567 0.0128683 0.0223174 0.00213133 0.0282891 0.00389301 -0.0070446 0.0239066 0.0145852 0.0276731 0.0208102 -0.00256323 -0.0141647 0.0218493 0.012149 -0.0108318 0.0051105 0.00101346 0.00924009 0.0254477 0.0157355 0.00650006 0.00307312 0.0210999 0.00243138 0.0234651 0.00273883 0.0248878 0.0318125 0.0111461 -0.0102989 0.017423 -0.0033357 0.0109678 -0.00859716
internal_weight=20727.4 14345.6 6932.41 7413.14 6381.83 5721.55 4959.26 762.288 5183.16 2998.13 2185.03 1538.89 4121.4 2606.75 2488.68 2305.01 2134.17 466.819 183.669 1667.35 651.24 355.013 1691.59 118.08 1514.64 323.618 1459.24 143.201 837.867 444.841 393.026 101.667 184.21 291.359 67.8453 1405.32 397.891 326.335 1425.04 109.774 739.022 188.261 4067.97 700.787 610.12 416.697 206.616 173.856 666.301 1359.78 1749.24 197.167 1552.08 364.396 1501.9 777.096 178.522 86.7659 724.799 1016.11 272.708 743.403
internal_count=52329 23423 11060 12363 28906 9168 7919 1249 8412 4911 3501 2525 6621 4263 4069 3776 3505 744 293 2761 1072 577 3195 194 2358 517 2386 227 1298 682 616 161 281 455 104 2307 640 523 2335 169 1223 296 18051 1184 1036 709 368 315 1084 2121 2648 289 2359 609 2280 1176 266 130 1104 1689 441 1248
is_linear=0
shrinkage=0.05


Tree=18
num_leaves=63
num_cat=0
split_feature=1 167 239 167 106 200 167 217 260 194 266 10 132 200 273 136 161 257 230 82 324 285 150 98 166 177 92 186 141 150 284 140 163 146 289 99 260 227 95 276 304 300 149 171 97 240 15 261 254 308 107 167 46 266 264 169 289 296 299 180 36 274
split_gain=700.741 161.174 71.1276 53.7798 46.359 49.0303 41.9745 40.6406 39.644 39.516 41.2649 37.1582 48.1442 36.2489 56.2101 39.0351 35.8318 37.3295 35.7912 35.5291 41.4716 42.3038 34.2925 34.1523 38.2564 35.2918 32.9746 32.4005 32.1799 43.6101 46.1748 41.068 40.3325 34.4711 33.3918 38.8133 32.1369 31.7553 39.2903 35.7995 41.5857 33.6682 31.6531 36.8532 31.3933 31.0939 30.8228 30.6872 30.4096 30.1523 29.9715 29.8526 30.1301 29.4292 29.6322 29.4126 38.8167 35.0261 28.9362 28.824 28.4068 35.074
threshold=3.5000000000000004 0.20621572544937636 8.7942252417036872 0.1923487474154221 4.4456264775413716 90.63333333333334 0.15615949107261887 2.3875000000000006 0.23306878306850004 0.5833330000000001 0.52826164968433342 0.36931818181818188 65.697532051282067 96.90000000000002 0.037367724867500014 0.75389554889509414 0.22690954878430003 0.53171888910566678 18.989130434782613 4.0500000000000007 0.34330357142850004 0.075000000000000108 0.22222222222187502 0.70714250000000012 0.014087301587244446 93.97750000000002 0.19472222222222227 79.416666666666671 0.032258064515838715 0.10714285714258336 2188.4348361264401 0.050423728813347467 81.031119047619072 0.24999999999990005 0.10881026764825004 0.38750000000000007 0.36150793650783336 0.25410277105192364 0.086851851851851861 0.12695360195333336 0.30173138418523066 0.057651406150733338 0.056289067530300003 0.12208903563333488 37.500000000000007 1.9198717948717952 3.5000000000000004 0.28928571428550004 0.15134184987100002 0.089552238805865755 0.32696958525345632 0.26698247255158697 4.5505050505050511 0.13675881617800004 2502.06576543661 0.25217105372254145 0.10717959576625 2270.5027877278376 0.09949950224909998 6.5000000000000009 8.5000000000000018 0.10268677519266668
decision_type=2 10 10 10 8 10 10 10 10 10 10 8 10 10 8 8 10 10 10 10 10 8 10 10 10 8 10 10 8 10 10 10 10 10 10 10 10 10 8 10 10 10 10 10 10 10 8 10 10 10 10 10 10 8 8 10 10 10 10 10 10 10
left_child=1 4 18 -2 5 6 47 16 11 10 -4 13 26 14 -7 -16 17 -8 23 44 21 -21 -20 24 59 37 48 -9 -11 30 34 -31 33 50 35 -30 -10 38 -25 41 -41 -39 43 -14 60 -17 -27 -1 -13 -34 -33 -43 -53 -5 -55 -44 -57 -58 -32 -3 61 -18
right_child=3 2 9 53 -6 8 7 27 36 28 -12 12 42 -15 15 45 19 -19 22 20 -22 -23 -24 25 -26 46 -28 -29 29 31 58 32 49 -35 -36 -37 -38 39 -40 40 -42 51 55 -45 -46 -47 -48 -49 -50 -51 -52 52 -54 54 -56 56 57 -59 -60 -61 -62 -63
leaf_value=-0.013355446612496769 -0.019921820802709725 0.036907187298031302 -0.00014148620899078745 -0.017401526101012095 0.014726642790490439 0.045766450109312989 -0.016847052284961108 0.016109092667583379 0.025763577015616559 0.028879873767111416 0.03317901628382261 -0.010301152536089819 0.036007494074404046 -0.023599251728771507 0.034731319950434193 -0.049655417885388471 -0.031290983946024933 0.026897452331796686 -0.012828428173535808 -0.011386704728127483 -0.014135034297963561 0.055268616031417118 0.030094684655331296 0.0017123639644976763 0.0031996789980895525 0.062599647494707519 0.043737324226661579 -0.043437769231228059 0.03575802777576597 -0.0032494576462898045 -0.014729323421962134 0.0076788249191567905 -0.0063311539655631207 0.03155464856682938 -0.01510475906664276 -0.027012926867690624 -0.013139129916686138 -0.015738186897942551 0.047477753959067878 0.028129516680610197 -0.048528820862720624 0.011384758391179913 0.026382296165977127 -0.0040974599012640143 -0.012762353717506992 -0.006465988578830773 0.017096298773994656 0.018964813917299109 0.029213275301349408 0.030585905247118392 -0.039453445653839729 0.049345048809559228 0.0074008390994691909 -0.010198623272126183 0.002432490581261066 -0.017799126180331117 -0.0043363174631402502 0.036433057853893613 0.020789880604616853 -0.0095347637971966402 0.013362877812758059 0.032841845506836782
leaf_weight=1395.6982111483812 2293.9466337114573 146.55874466896057 582.87852378189564 1080.2182787954807 489.33689771592617 57.837571382522583 335.34107635915279 30.098637461662292 302.86824940145016 592.99154599010944 109.47094365954399 575.54601162672043 235.26486676931381 247.42955622076988 48.950306162238121 47.590377166867256 80.486764535307884 56.043700471520424 364.74582827091217 29.946005269885063 45.078796580433846 107.61019049584866 52.30188761651516 682.7882866114378 2611.48652151227 65.81793412566185 32.775801792740822 87.117110848426819 80.496741279959679 150.21285702288151 63.922348260879517 91.314600005745888 58.062551826238632 77.672763720154762 275.39271013438702 34.350388705730438 63.489230588078499 41.9679274559021 49.390778467059135 32.787291705608368 36.155712112784386 131.71552842855453 132.84843176603317 75.078705653548241 231.98546892404556 299.36800570785999 87.36827740073204 76.539194121956825 52.165066748857498 976.40350049734116 52.144415706396103 208.24967956542969 54.689238741993904 2397.5398764163256 574.61882057785988 179.80436223745346 118.36329419910908 93.401731103658676 496.51371188461781 42.523862481117249 536.68122318387032 27.902171939611435
leaf_count=2484 10855 238 1170 4851 804 86 583 51 462 916 201 881 363 367 76 75 158 100 634 48 74 174 94 1080 4209 90 49 150 122 232 95 148 90 130 425 50 104 71 76 47 56 199 201 117 392 462 146 148 82 1478 79 322 86 10665 2535 284 184 141 770 70 943 56
internal_value=3.08195e-05 0.00615195 0.0107063 -0.0138012 -1.52097e-05 -0.00130591 -0.00559972 9.00383e-05 0.0037866 0.0159293 0.00516003 0.00124082 0.00569537 -0.00824591 0.00014882 -0.0066013 0.00238826 -0.0105178 0.00657521 0.00716511 0.0271682 0.0407442 -0.00737437 0.00796579 0.0047795 0.0143696 -0.0043821 -0.0280981 0.0184529 0.0158158 0.00752503 0.0214095 0.0243638 0.00492783 -0.00566302 0.0168692 0.0189908 0.0115423 0.00486694 0.0211712 -0.0121199 0.026455 0.0136706 0.0263072 0.00296784 -0.0125301 0.0369589 -0.01166 -0.00696817 0.0285049 -0.0095727 0.0309829 0.040701 -0.0103313 -0.00775492 0.00614714 -0.000755059 0.0137088 0.0167107 0.0264411 0.00864359 -0.0145865
internal_weight=20689.3 14343 8250.38 6346.32 6092.65 5603.31 3040.53 1568.29 2562.78 3641.83 692.349 2196.42 1495.25 701.176 453.746 395.909 1451.08 391.385 4608.55 1059.69 182.635 137.556 417.048 4191.5 2800.57 1390.93 660.487 117.216 2949.48 2356.49 950.676 1405.81 1255.6 221.132 390.24 114.847 366.357 1237.74 732.179 505.565 68.943 436.622 834.761 310.344 877.056 346.958 153.186 1472.24 627.711 1034.47 143.459 394.654 262.939 4052.38 2972.16 524.418 391.569 211.765 560.436 189.083 645.07 108.389
internal_count=52329 23423 13324 28906 10099 9295 5361 2729 3934 5906 1371 3368 2302 1066 699 613 2528 683 7418 1845 296 222 728 6690 4517 2173 1012 201 4535 3619 1462 2157 1925 357 597 172 566 1937 1156 781 103 678 1290 480 1549 537 236 2632 963 1568 227 607 408 18051 13200 810 609 325 865 308 1157 214
is_linear=0
shrinkage=0.05


Tree=19
num_leaves=63
num_cat=0
split_feature=1 80 303 211 100 132 140 29 40 311 315 100 86 164 125 297 205 329 79 255 132 320 324 45 258 307 265 39 154 306 170 258 160 163 180 92 235 186 163 277 59 124 197 247 297 193 265 289 161 159 119 40 132 20 262 87 287 98 87 70 232 269
split_gain=635.087 147.988 64.3998 53.2784 51.7251 46.4168 45.7721 41.7292 37.4457 35.6716 38.0187 34.478 34.2299 34.2005 42.5369 45.0378 40.1835 36.8414 33.8323 33.6894 31.9239 40.94 38.7345 37.2675 32.8395 36.2187 44.068 33.5484 51.9804 31.8616 31.3717 29.931 38.2416 30.9101 35.9632 35.7675 36.0762 33.2586 40.4216 33.0531 32.3884 33.7483 31.9101 30.8869 29.911 33.1644 34.0755 29.6671 29.5121 29.3771 34.7118 29.2958 29.2606 29.2362 29.1608 33.6485 34.1122 28.9887 28.7974 28.4646 32.9478 31.5122
threshold=3.5000000000000004 0.81666666666666676 0.47900628782927218 4.6458333333333348 0.23956521739130437 71.410185185185185 0.17948717948685902 0.69283333333333352 0.16025641025641027 0.24100652743705972 0.11956521739093663 0.23606811145510839 20.535714285714288 0.30667719015873024 0.28988195446500004 0.22802503611885003 6.9000000000000012 -1.0000000180025095e-35 1.0292826086956524 0.22598759942566668 68.882962962962978 0.07499999999947847 0.25677655677600003 0.42261904761904767 0.37225241545866672 0.058823529411536769 6.769075948816913 1.0000000180025095e-35 0.21590909090877841 0.08196721311411477 0.25221308264760639 0.33333333333316673 0.25321886446875003 86.377787698412718 7.5000000000000009 0.062083333333333345 0.30289129830414241 92.833333333333357 80.509803571428577 0.13986731376960002 0.87150000000000005 0.21337126925333336 6.2250000000000005 11.426866928691748 0.037268518518499959 2.3316666666666674 6.9633136557913424 0.10784190267290002 0.2938229131977001 0.80030788655750007 0.75842953342900021 0.22649572649572652 67.367625661375669 1.8333333333333337 0.046536796536750004 0.36175000000000007 0.064473137786250009 0.29285700000000009 0.33824285714285729 0.097619047619047633 4.7750000000000012 0.10848302024733335
decision_type=2 8 10 8 8 10 10 10 10 10 10 10 10 8 10 10 10 2 8 8 10 8 8 10 10 8 10 10 10 10 8 10 8 10 8 8 10 10 8 8 10 10 10 10 8 8 10 8 10 10 10 8 8 10 8 10 10 10 10 10 8 10
left_child=1 3 11 5 52 18 20 8 -8 10 51 12 -3 54 17 16 -16 -15 57 -19 24 -22 23 49 25 26 27 28 -5 -9 -26 33 -33 34 35 36 43 48 -39 42 41 -40 -35 59 -21 46 -46 -6 -37 50 -23 -4 -2 -11 55 56 -13 -1 -32 -27 -61 -62
right_child=4 2 9 6 47 -7 7 29 -10 53 -12 13 -14 14 15 -17 -18 19 -20 44 21 22 -24 -25 30 31 -28 -29 -30 -31 58 32 -34 39 -36 37 -38 38 40 -41 -42 -43 -44 -45 45 -47 -48 -49 -50 -51 -52 -53 -54 -55 -56 -57 -58 -59 -60 60 61 -63
leaf_value=-0.028745559335500666 -0.026035479856238882 -0.0026889856550612744 -0.047574554922645097 -0.029271648509230946 -0.014457984156615143 0.0071581395360970738 0.050733021522997183 0.079807911103510307 -0.0098446607018725252 0.059191170668746164 0.027960765471467121 -0.020208887876894802 0.042884403389647344 -0.016636985955763586 0.030132160924685958 -0.034128819118664312 -0.017941416796198414 -0.020766080991938832 0.030306191458350215 -0.016683225489606802 -0.032477714510189194 0.0023595669204408655 0.0044644829898394852 0.053274139365632273 5.3868517688061534e-05 -0.043957500298862508 0.057536135211252892 -0.034128231698291607 0.048400740007986366 0.026592754673561193 0.013033732470141324 0.0054835142492449026 -0.027643516598093866 0.019096051917085206 -0.026591096776398229 -0.01183184848682564 0.038210533228638245 0.043703402832919076 0.023006831334775039 0.047161929651869411 -0.032540633737010119 -0.024068301691404705 -0.03707391306524687 0.014325617764702581 -0.0033593092842131933 0.029417146934447976 0.052743181287543829 -0.0033335227416382827 0.033811092960643281 0.0033456427261767223 0.047410578330073137 -0.00098977660146545138 -0.014757198959455656 0.018138172419433198 0.0017033997777657528 -0.022080891758217949 0.031919472996143568 -0.0074697102906751871 0.060789615144595438 -0.026139175357407743 0.039115500340088767 -0.018429628885253815
leaf_weight=174.77929131686687 711.97565743327141 976.81145499646664 48.217650607228279 33.344373166561127 978.195655554533 635.78332668542862 30.452508091926575 32.869251668453217 133.92775222659111 43.493264824151993 72.496916428208351 35.347462430596352 42.011254608631134 132.32885563373566 632.98133464157581 30.788713127374649 45.893772572278976 69.239906340837479 54.312332987785339 62.842858076095581 60.981649205088615 69.893852904438972 1359.6736600100994 74.303176909685135 172.73829035460949 104.17119567096233 49.639263138175011 41.424175202846527 57.000380009412766 186.16623891890049 79.543367922306061 125.1957949846983 281.57536298036575 80.836828276515007 164.59963758289814 285.31452764570713 31.816467642784119 94.702174738049507 186.43713000416756 60.22242383658886 44.682699799537659 46.809707909822464 35.580420538783073 69.010432526469231 192.57782354950905 333.99543032050133 30.454386129975319 1551.0869306027889 39.39972397685051 237.92967964708805 110.56577952206135 108.24888743460178 3070.684600815177 2424.5208123028278 1371.4203347414732 43.022462695837021 236.43887527287006 1845.3578143715858 52.549651443958282 169.20848247408867 47.127914607524872 46.054643273353577
leaf_count=343 3362 1500 79 50 4363 1129 51 50 234 74 125 62 63 208 998 49 69 115 93 99 93 105 2116 110 272 171 80 62 89 283 132 198 443 123 294 463 52 147 277 97 66 75 53 111 312 507 48 6842 66 372 165 191 14339 3830 2245 74 412 3390 81 280 74 73
internal_value=2.90571e-05 0.00584677 0.0110962 0.000931029 -0.0131853 -0.00464923 0.00415314 0.0206877 0.00158642 0.0171364 -0.00171597 0.0072463 -0.000764652 0.00978411 0.0151938 0.0241563 0.0268533 0.00742477 -0.0082721 0.01207 0.00267742 0.00749312 0.00882851 0.0208283 -0.00116286 -0.00339844 0.0178866 0.00259159 0.0196721 0.0349275 0.0141398 -0.00542806 -0.017447 -0.00216894 -0.00478638 -0.0016805 -0.0123721 0.00548572 0.0156641 0.017417 0.00596958 0.0134757 0.00171679 -0.0161574 0.0157734 0.0194674 0.00448023 -0.00764188 -0.00619154 0.0149409 0.0300986 -0.0155883 -0.0168876 0.0188873 0.00486307 0.0185629 0.0250723 -0.00932625 0.0323837 -0.0219332 -0.0130367 0.0107275
internal_weight=20651.1 14339.1 6933.13 7405.98 6311.94 2710.23 4695.75 383.416 164.38 2696.98 228.963 4236.15 1018.82 3217.33 1531.1 709.664 678.875 821.439 2074.45 689.11 4312.33 1913.35 1852.37 492.692 2398.99 2094.15 181.408 131.769 90.3448 219.035 304.831 1912.75 406.771 1505.97 1329.33 1164.74 467.389 697.346 372.632 176.64 277.93 233.247 116.417 435.573 619.87 557.028 223.032 2529.28 324.714 418.389 180.46 156.467 3782.66 2468.01 1686.23 314.809 271.786 2020.14 132.093 366.562 262.391 93.1826
internal_count=52329 23423 11060 12363 28906 4955 7408 618 285 4299 395 6761 1563 5198 2405 1116 1067 1289 3826 1081 6790 2961 2868 752 3829 3344 281 201 139 333 485 3063 641 2422 2149 1855 761 1094 565 273 418 352 176 709 966 867 360 11205 529 642 270 270 17701 3904 2793 548 474 3733 213 598 427 147
is_linear=0
shrinkage=0.05


Tree=20
num_leaves=63
num_cat=0
split_feature=211 100 168 321 175 167 108 276 211 76 188 132 120 293 318 315 276 123 176 186 146 276 46 41 15 212 304 30 77 276 281 164 177 265 10 64 292 277 274 322 189 314 324 302 291 170 297 40 168 104 131 163 184 305 277 123 208 144 177 231 150 167
split_gain=593.564 164.897 62.1838 55.7199 56.0193 47.1586 46.3161 47.4245 41.4242 42.3388 40.669 39.7989 38.3254 41.7516 42.2938 38.2701 36.5547 47.4757 35.6381 45.1485 60.0926 35.0756 34.5078 32.8444 32.6449 33.5869 32.6135 32.266 32.1395 37.9746 44.6514 40.5345 36.6193 33.4772 33.1871 34.9919 32.0065 32.0032 31.6108 31.1058 30.9816 30.8705 34.373 30.6239 30.4217 30.9228 30.0189 29.9805 29.2385 29.1742 34.5123 29.7345 29.2436 35.2883 28.5042 28.4482 31.7592 31.6629 29.825 37.6235 28.8202 28.2631
threshold=3.4722222222222228 0.16843971631205676 0.71488134353789767 0.10683126632655897 0.80476190476150011 0.24821318490335881 0.3971165311653117 0.16192745426600003 1.0500000000000003 4.8153409090909101 1.3516666666666672 68.4802777777778 0.47621489621466667 0.26011002885990003 0.26291131547616514 0.081445631384666137 0.10697613359250001 0.53562359540566684 0.37171052631550006 89.833333333333357 0.14380482456130003 0.12289130622433335 4.912878787878789 0.069047619047619066 5.5000000000000009 4.7527777777777791 0.2606118206284353 0.27883333333333343 0.35685357142857149 0.15758061383050001 0.28319097396260007 0.27022470583333341 91.966666666666683 6.5433155363155375 0.16025641025641027 0.45916666666666667 0.46745765612440021 0.072923384300399977 0.12300895978666669 0.15643825301200001 2.4166666666666674 0.13221739739421892 0.29128787878750007 0.301444513975409 0.071507296631950046 0.24786324786299577 0.063894378568069468 0.07417582417582419 0.7409076314708295 0.064866760168302964 0.53185086355445932 87.241178571428591 5.1833333333333345 0.13953488372086048 0.080000000000000057 0.42873601576383341 0.77500000000000013 0.3019139194137001 79.685164835164855 8.8316433566433581 0.15277777777770837 0.25797859547836471
decision_type=8 8 8 10 10 10 10 10 10 10 10 8 10 8 8 10 10 8 8 10 10 10 10 10 8 8 10 10 10 10 10 8 10 10 10 10 10 8 10 10 10 10 10 10 10 10 10 8 10 10 10 10 10 10 8 10 10 10 8 10 8 8
left_child=2 6 -1 5 10 12 7 -2 -4 44 28 41 13 40 -15 23 43 21 19 24 27 -18 49 -8 25 -7 -12 -21 29 55 33 -32 34 -31 35 39 -9 -20 -38 -30 -3 -6 -43 -16 47 -46 -33 -10 -27 50 51 -13 -51 -54 -39 -5 60 -58 -59 -60 -57 -37
right_child=1 3 8 4 11 18 15 36 9 -11 26 22 -14 14 16 -17 17 -19 37 20 -22 -23 -24 -25 -26 48 -28 -29 32 30 31 46 -34 -35 -36 61 38 54 -40 -41 -42 42 -44 -45 45 -47 -48 -49 -50 52 -52 -53 53 -55 -56 56 57 58 59 -61 -62 -63
leaf_value=-0.0027720314764776593 -0.011916574434606517 -0.018567871954310249 -0.019165891422883899 0.046199879376667856 -0.023420980865974075 -0.004682136540594641 0.0069218874023990037 0.058240065370425809 -0.036739975582857839 0.017881089973506716 0.032115572571039121 0.0055428333764368596 -0.0046542267047315128 0.066809899721468863 0.011661917635856058 0.0046180282129413648 -0.045015347019975366 0.030259231625312424 -0.022456897693670378 0.056050237528621406 0.015583193207977776 0.0015734475642294272 0.040885816806857905 -0.029235418244726665 -0.005294996219849921 0.030775057111877814 0.0011786924563415334 0.011922288465718765 -0.0098405790179612318 -0.05353711716172406 -0.0057147566817224394 -0.0003323878666947526 0.044848722733554926 0.0069798104249109792 -0.02487802852112082 0.067786329877512028 -0.014333237388204488 0.032764471039000501 0.038888799238756454 0.042434357188434822 0.032981154491210536 0.04011966297185976 -0.010618104840067581 0.043163384229935708 -0.01829474002647177 -0.0087112501738885722 0.046857096068022394 0.010643957666748286 -0.014451760740289388 -0.00086367008612738298 0.048899013939321903 -0.03033438734205135 0.070657225802112422 0.020022670097146551 0.004171471117864793 -0.0094970911218183914 0.041663077362143371 0.042760458570044908 -0.019353309053819934 0.024603941952984786 0.032593380203876955 0.0080492890143442405
leaf_weight=1800.6826215982437 1348.0216736644506 202.68897861242294 2038.2541987746954 247.93336500227451 164.26190330088139 135.5843243598938 100.44517038762569 35.437248200178146 37.511499464511871 127.33660477399826 105.59228497743607 860.89955061674118 1172.6284466534853 33.121604576706886 734.05648067593575 2082.0059931278229 80.780460596084595 58.391182869672775 99.53065299987793 181.41548384726048 531.62594030797482 79.318668112158775 90.772649988532066 164.35282994806767 293.23654142022133 276.48433893918991 426.59446573257446 54.814565032720566 147.27194607257843 36.818125605583191 84.996357053518295 43.744247183203697 64.147295191884041 56.956053540110588 76.468510568141937 41.586999967694283 77.332990527153015 96.897265985608101 42.311462581157684 34.215352058410645 33.021985173225403 52.336361944675446 88.18030059337616 85.669515997171402 1419.9276878684759 2082.7332384437323 142.58905634284019 249.03366495668888 40.258760690689087 73.710996896028519 42.16846776008606 60.879868254065514 51.772547885775566 103.73884695768356 806.8324276059866 101.35651049017906 362.69339337944984 95.325829073786736 74.312391266226768 136.61308166384697 66.451404631137848 37.968235418200493
leaf_count=7015 2361 334 9722 397 269 229 179 61 93 461 167 1374 1972 52 1262 3264 122 90 164 280 816 127 143 294 592 439 691 82 224 60 147 85 95 99 110 62 132 157 71 56 57 86 149 134 5546 7909 220 546 67 119 63 90 75 154 1346 187 553 150 118 213 123 58
internal_value=-1.35988e-06 0.00660407 -0.0109192 0.0103193 0.0147402 0.00680122 -0.00205007 -0.00890035 -0.0133811 -0.0103652 0.0195884 0.00745544 0.00190375 0.00779017 0.0119831 0.00233725 0.0101666 -0.0079633 0.011622 0.0164655 0.024972 -0.0220361 0.0113116 -0.0155267 0.0076763 0.0160895 0.00737504 0.0459253 0.0230904 0.0265604 0.0125421 0.02281 0.0105182 -0.0170421 0.00386539 0.0123672 0.017194 0.00430147 0.00461327 0.000165814 -0.0112162 -0.00875694 0.00839414 0.0150088 -0.0113202 -0.0126018 0.0358094 0.00431736 0.0249835 0.00902515 0.00519321 0.00313756 0.0250253 0.0372555 0.00727555 0.0312585 0.0267754 0.0316516 0.0196817 0.00907527 0.00723533 0.0397924
internal_weight=20574.1 12818.6 7755.48 8968.71 3972.36 4996.36 3849.91 1503.1 5954.8 3916.54 2383.63 1588.72 2479.68 1307.05 1071.34 2346.8 1038.22 218.49 2516.68 1513.42 767.856 160.099 1283.94 264.798 745.564 452.327 532.187 236.23 1851.45 1449.79 365.104 271.33 401.658 93.7742 337.511 261.043 155.082 1003.26 119.644 181.487 235.711 304.779 140.517 819.726 3789.21 3502.66 186.333 286.545 316.743 1193.17 963.948 921.779 229.222 155.511 903.73 1084.69 836.753 668.945 306.251 210.925 167.808 79.5552
internal_count=52313 21021 31292 14659 6337 8322 6362 2625 24277 14555 3815 2522 4150 2178 1787 3737 1735 339 4172 2505 1178 249 2018 473 1327 735 858 362 2957 2352 611 452 605 159 510 400 264 1667 203 280 391 504 235 1396 14094 13455 305 639 506 1875 1527 1464 348 229 1503 1741 1344 1034 481 331 310 120
is_linear=0
shrinkage=0.05


Tree=21
num_leaves=63
num_cat=0
split_feature=211 100 159 277 167 266 108 276 285 273 30 162 148 46 321 276 186 241 137 263 138 167 240 245 236 321 221 314 134 121 267 164 234 190 290 214 301 45 228 164 286 174 186 146 202 77 91 211 75 92 155 147 278 299 267 70 90 236 124 163 273 124
split_gain=537.483 148.905 57.0271 51.6748 48.7321 43.7711 41.8753 42.9311 35.629 62.0959 39.2673 36.6552 35.0939 48.7889 40.2492 34.554 32.9226 35.7493 32.9185 32.2212 31.9129 42.542 37.3581 38.9858 33.0947 30.9573 33.8948 30.5891 35.7204 30.7642 30.3438 39.6364 30.1051 29.8084 29.6831 29.5269 32.4279 31.3155 29.1903 28.7203 40.3041 31.1349 28.9248 29.3344 28.4759 28.2224 32.1803 33.8502 31.9356 30.6738 32.4705 27.9885 29.2842 28.864 27.9773 32.441 27.8677 37.9876 31.0621 30.197 27.7857 27.7843
threshold=3.4722222222222228 0.16843971631205676 0.77051184926140015 0.12052093955050008 0.26151560230182069 0.1585860650591667 0.3971165311653117 0.16192745426600003 0.15199234653269997 0.041690821255833337 0.28516666666666673 0.025066137566111115 0.37919284738095244 4.2899159663865554 0.10762278396171117 0.19444444444433337 29.166666666666668 0.29672718533569292 0.41389631610209154 85.298359577282483 0.3090909090905728 0.36185398929428431 2.8660714285714293 0.68004352557127323 0.054616477272727275 0.072727272727272765 2.7847777777777787 0.11111111111108617 0.49999999999958339 0.14814814814783336 0.18937653569250004 0.29280604467498883 0.10287245739417263 0.41666666666666669 0.28152704144470003 83.050000000000011 0.099514276956279638 0.16025641025641027 0.014599317988064792 0.30322696684929856 0.089739390113399986 0.16228070175400003 91.166666666666671 0.12004329004320004 1.5520000000000003 0.36134057971014494 0.23861111111111113 4.4142857142857155 0.17914438502673799 0.086851851851851861 0.2089815615096258 88.478869047619057 0.28259208384179996 0.17539800818458331 0.40218904526000004 0.36602870813397131 0.26755000000000012 0.017467581998474448 0.19523809523783339 82.559876984127001 0.073296703296666682 0.26343992974716673
decision_type=8 8 8 10 8 10 10 10 10 8 10 10 10 10 10 10 10 8 10 10 10 10 8 10 10 8 10 10 8 10 10 10 10 10 10 8 10 8 10 10 10 10 10 10 10 10 10 10 10 10 10 10 10 10 10 10 10 10 10 10 8 10
left_child=2 6 16 12 5 -5 7 -2 9 11 -11 -8 20 14 32 51 17 -1 -15 -7 21 24 39 25 -3 26 -24 28 29 -18 31 -9 35 -25 -26 36 -14 -37 -34 40 61 -41 43 -43 56 46 -6 -48 -47 60 -51 53 -53 -10 55 -4 58 -58 59 -39 -49 -22
right_child=1 3 54 4 45 19 8 30 15 10 -12 -13 13 18 -16 -17 27 -19 -20 -21 22 -23 23 33 34 -27 -28 -29 -30 -31 -32 -33 38 -35 -36 37 -38 44 -40 41 -42 42 -44 -45 -46 48 47 49 -50 50 -52 52 -54 -55 -56 -57 57 -59 -60 -61 -62 -63
leaf_value=-0.012660140256772041 -0.011353161133741428 0.0024143703023014173 -0.013204876524409829 -0.02136196173342568 0.043616004792332574 -0.042484462192013184 -0.034529109206988061 -0.038105617198809616 0.016807331652274136 0.001819051083246831 -0.01480049092817122 0.025737874129497646 0.0038578495291824431 0.034028637976056722 0.023943493025546526 -0.02391443123588401 0.032317428570548208 -1.1938353482745007e-06 -0.010054484344551598 0.012705386233417543 -0.0037447579879196047 0.036066831362895874 0.058917103040602527 -0.0069180678886460907 -0.026701316555206946 -0.0039093112167883038 -0.003028440144598707 0.018691477535368109 0.023557334476696508 -0.010753865484318536 0.054217120485078145 0.023501589004573685 0.015126109718481032 0.047289887686956689 0.018689570444669686 0.05165610211603229 -0.054186315690742039 0.042854591478000012 -0.037610810062003563 -0.0053518791340421033 0.035037399965134858 -0.024868245240908061 0.055274083874419656 0.032514296657590251 0.048388732345909728 0.041565756226174339 -0.0080748865461982844 -0.012721278723038867 -0.0045230080351881937 0.024919189265921141 0.061609584041747101 0.023828794915111428 -0.037597919304351857 0.061301962049797765 -0.022646358874401435 0.014300027112877332 0.017296573336288392 -0.03211371909593954 0.043765402285343778 -0.0071717306484705206 0.02221457938546556 0.033702018379168405
leaf_weight=1732.0746876001358 1344.3192772865295 2624.4895539134741 3322.6923449486494 105.49466502666473 209.73913928866386 25.914528861641884 27.049334496259689 37.690932661294937 459.55845041573048 777.59050942957401 652.61111545562744 255.41767448186874 63.088616773486137 354.51850841939449 285.59105663001537 58.659004330635071 43.830241352319717 823.51832191646099 47.433210015296936 1541.5060114264488 306.34560887515545 87.387599274516106 42.513676553964615 36.330633938312531 178.35767902433872 706.59132923185825 44.353769361972809 219.34684699773788 108.6033038944006 548.38334448635578 38.505565986037254 79.221080020070076 37.529150977730751 80.162580162286758 44.169155448675156 43.241635739803314 37.638772711157799 37.222586050629616 82.077730119228363 51.041074827313423 125.77263951301575 26.660181328654289 119.30982786417007 115.35222470760345 37.812906697392464 47.671845898032188 85.405602127313614 64.900109440088272 163.8002363294363 163.39673288166523 97.784192100167274 32.613447353243828 44.922330901026726 38.950267523527145 814.71244995296001 109.81819428503513 63.450147613883018 97.207147747278214 64.092701986432076 141.89828941226006 422.2587051987648 58.034334495663643
leaf_count=7835 2361 4353 13754 173 331 43 43 66 714 1251 1058 395 108 557 428 96 98 3650 76 2455 533 147 67 59 310 1197 72 558 237 1217 64 134 60 126 79 72 64 61 136 84 207 43 177 188 58 70 174 103 248 259 159 51 69 60 3503 440 103 146 104 226 700 103
internal_value=-4.43471e-07 0.00627854 -0.0104192 0.00980853 0.0152612 0.00965984 -0.00194892 -0.00847302 0.00221903 -0.00152967 -0.00576611 0.0198476 0.00716229 0.0141239 0.00814149 0.0123288 -0.00566493 -0.00858445 0.0288021 0.0117632 0.00507202 0.00190327 0.0104946 0.00354582 0.000840589 -0.000427771 0.0275568 0.00243863 -0.00266057 -0.00750859 0.0163208 0.00344308 0.00171063 0.0304266 -0.017626 0.00639215 -0.0181018 0.011517 -0.0210338 0.0183533 0.0107511 0.0301942 0.03715 0.0216083 0.00746824 0.0227105 0.0260854 0.0216223 0.00598991 0.0250245 0.0388575 0.0160632 -0.0117223 0.0204096 -0.0143065 -0.0123195 0.00351461 -0.0125824 0.0141761 0.00337654 0.0175336 0.00228157
internal_weight=20537.6 12814.7 7722.98 8967.55 2927.87 1672.92 3847.11 1499.74 2347.37 1712.67 1430.2 282.467 6039.67 1392.8 990.851 634.704 3475.76 2555.59 401.952 1567.42 4646.87 2934.4 1712.47 909.952 2847.02 793.459 86.8674 920.164 700.817 592.214 155.418 116.912 705.26 116.493 222.527 585.653 100.727 484.925 119.607 802.516 490.153 312.363 261.322 142.012 441.684 1254.96 1043.48 833.745 211.472 748.34 261.181 576.044 77.5358 498.509 4247.22 3432.51 403.871 160.657 243.214 179.121 487.159 364.38
internal_count=52313 21021 31292 14659 4715 2671 6362 2625 3737 2747 2309 438 9944 2199 1566 990 13595 11485 633 2498 7745 4889 2856 1521 4742 1336 139 2110 1552 1315 264 200 1138 185 389 942 172 770 196 1335 843 492 408 231 698 2044 1726 1395 318 1221 418 894 120 774 17697 14194 640 249 391 287 803 636
is_linear=0
shrinkage=0.05


Tree=22
num_leaves=63
num_cat=0
split_feature=211 100 167 321 175 167 297 95 108 274 276 248 276 211 76 120 318 252 276 150 315 302 92 101 42 285 100 176 238 245 186 147 8 215 59 130 93 178 284 315 8 80 211 309 197 126 226 315 295 287 248 245 166 278 159 257 244 267 273 285 134 125
split_gain=486.592 134.443 54.0877 46.3391 49.568 40.7445 38.3829 37.9121 37.87 39.8402 44.0502 37.57 41.0561 35.9463 40.4927 33.7193 34.5036 37.9538 33.8673 35.5641 33.432 33.3918 36.4477 33.2558 33.048 38.0048 37.1169 32.5733 42.3946 33.1742 34.4241 33.5527 31.9517 30.9367 32.1265 30.8929 30.8239 30.02 30.5675 29.3707 29.2551 29.8522 29.2169 29.0417 29.4011 29.517 28.3853 28.1988 27.9518 27.8122 27.6752 32.903 30.6479 38.2682 27.6304 27.6034 28.8629 27.431 27.4023 39.9847 36.9609 39.8928
threshold=3.4722222222222228 0.16843971631205676 0.29017077277547532 0.10683126632655897 0.80476190476150011 0.24821318490335881 0.2382340698515501 0.03229166666666667 0.3971165311653117 0.12300895978666669 0.16825396825358338 6.5227272727272743 0.15391921714383336 1.0500000000000003 4.8153409090909101 0.47621489621466667 0.24936107905241708 104.50000000000001 0.086627453006500002 0.041702898550708335 0.081445631384666137 0.301444513975409 0.18845238095238098 0.049390243902439034 0.26969696969696971 0.12380952380940007 0.26253132832080206 0.40454545454500007 14.329227648166933 0.61058470645491303 89.833333333333357 89.715507936507962 0.16025641025641027 7.5281666666666682 0.88710000000000011 84.916785714285723 0.27687500000000004 0.10090000000000002 2330.2248578360104 0.11016949152520338 0.27922077922077926 0.70714285714285718 1.3875000000000002 0.33263734062525818 7.4500000000000011 0.1666666666661667 0.087977296181630568 0.11327492920682797 90.358299046499482 0.13690476190455003 1.6609195402298853 0.63137743266671553 0.054116716616650011 0.26923236184049998 0.68984848484815009 0.42342638138866667 0.016161682120935095 0.41421356421316674 0.041690821255833337 0.15199234653269997 0.041666666666583342 0.21582283385650003
decision_type=8 8 10 10 10 10 10 10 10 8 10 10 10 10 10 8 8 10 10 10 10 10 10 8 10 8 10 8 8 8 10 10 10 8 10 10 10 10 10 10 8 8 10 10 10 10 10 10 10 10 8 8 8 8 10 8 8 10 8 10 8 10
left_child=2 8 13 5 11 15 7 37 9 36 -11 12 43 -1 40 16 46 18 21 49 32 22 -18 -13 25 26 -9 28 -7 54 33 -32 -10 -31 39 -36 -2 -6 -39 -35 -15 -42 -4 44 -5 -46 -3 -41 -26 -20 -17 -52 53 -53 -30 -54 -57 -58 -22 60 61 -60
right_child=1 3 42 4 6 27 -8 24 20 10 -12 23 -14 14 -16 50 17 -19 19 -21 58 -23 -24 -25 48 -27 -28 -29 29 30 31 -33 -34 34 35 -37 -38 38 -40 47 41 -43 -44 -45 45 -47 -48 -49 -50 -51 51 52 55 -55 -56 56 57 -59 59 -61 -62 -63
leaf_value=-0.017449803504499345 -0.0082144901391795078 -0.029975417520385864 -0.0078368844742414991 0.018954068830473028 -0.025846147567928503 -0.016719437027204007 -0.027961449870773765 -0.019988555848000827 -0.021309245510479559 -0.00020054464492391243 0.053485805650014574 0.0097532866346692892 0.003994013213920301 -0.017909036859982571 0.017987930812615831 0.028763175354601146 0.012487965918099232 -0.028525330006105649 -0.0039815995509208156 0.014386509103879308 0.018986573544961485 0.05809971197822747 0.057769671522235423 0.046717176791011769 -0.0053336105579198812 0.038312042456969092 0.040075729416930959 0.0021021596105561045 0.019937829653000668 0.026445290712234056 0.028512865382402292 -0.012062420129463503 0.030268009499681753 -0.0088924022382663032 0.064594188309596554 0.002156281155692003 -0.027825140474583177 -0.00063349672788196834 0.023273018809354642 0.062747621591511135 -0.012951601844844375 -0.0028350293620786286 0.0056612029819019111 -0.017595562382085837 0.072333434454230391 0.022100450871389052 0.023099084680015709 0.0056568575189573818 0.028665010460822468 -0.050529508201461695 -0.020485650673360459 0.039164625830508393 0.038969120917425847 -0.0038137126717022931 -0.028642096416136398 -0.037507204944690307 -0.0071130226194629151 0.040273983418153442 -0.00809301703261491 0.012390000815221503 -0.01058903702346122 0.020475353390988538
leaf_weight=2074.8431294858456 846.95073321461678 98.424127534031868 898.44896064698696 1367.5763642787933 89.342190474271774 101.99426066875458 75.860064759850502 67.113678142428398 229.97294771671295 344.85634298622608 41.94307304918766 90.182667046785355 560.73832555115223 943.7851459980011 130.22368979454041 59.819615542888641 477.80019597709179 58.05572335422039 148.00898908078671 256.85325247049332 272.52944537997246 53.265585154294968 48.250733345746994 192.71176880598068 202.12932026386261 248.61627186834812 40.311401680111885 780.71422021090984 48.303810685873032 215.53236681222916 725.95421037077904 54.072755604982376 33.547965541481972 328.66497041285038 38.43694394826889 40.296565264463425 262.69063302874565 610.15410780906677 170.08686603605747 28.453942403197289 1425.1600019037724 1496.8112362325191 721.99041333794594 49.331860259175301 53.188739418983459 67.251586243510246 32.810400292277336 83.216722920536995 85.026421889662743 40.153431206941605 288.83476081490517 93.808692440390587 31.428446739912033 113.39351534843445 71.005624443292618 74.019505053758621 573.99423649907112 31.240214169025421 226.50449587404728 612.11945155262947 709.80650655925274 262.88287611305714
leaf_count=10017 1453 162 4038 2186 152 159 123 101 423 643 69 141 911 3693 468 106 787 92 237 399 420 84 80 307 300 394 67 1304 87 359 1107 81 50 621 66 67 460 979 279 50 5441 5340 2295 84 80 106 59 151 127 64 482 156 51 188 120 115 1037 51 356 954 1117 417
internal_value=0 0.0059684 -0.00994065 0.00932194 0.0133557 0.00611435 0.00650484 0.00825383 -0.00185349 -0.00806725 0.00573102 0.01792 0.0155954 -0.0121068 -0.00932758 0.00156276 0.00751693 0.0104575 0.0126975 0.00230228 0.00210739 0.0206564 0.0167525 0.0350271 0.017448 0.0276086 0.00266627 0.0105956 0.0144091 0.0163643 0.0183647 0.0256819 -0.0146346 0.0105638 0.00392159 0.0331284 -0.0128824 0.0014353 0.00459467 -0.00135259 -0.0102534 -0.00777373 -0.00181992 0.0198183 0.0210731 0.0447384 -0.0165939 0.0206759 0.00478052 -0.0141559 -0.00414013 -0.00579782 -0.00115323 0.0157149 -0.00893015 -0.0060934 -0.00823998 -0.00459642 0.00423297 0.00200114 -0.00330352 0.00725324
internal_weight=20501.5 12810.2 7691.26 8966.43 3969.62 4996.81 1588.64 1512.78 3843.8 1496.44 386.799 2380.98 2098.09 6070.82 3995.98 2480.16 1213.62 1082.39 1024.33 445.016 2347.36 579.317 526.051 282.894 643.197 356.041 107.425 2516.65 1735.93 1633.94 1514.63 780.027 263.521 734.602 519.069 78.7335 1109.64 869.583 780.241 440.336 3865.76 2921.97 1620.44 1537.35 1488.02 120.44 131.235 111.671 287.156 188.162 1266.54 1206.72 917.885 207.202 119.309 710.682 679.254 605.234 2083.84 1811.31 1199.19 489.387
internal_count=52313 21021 31292 14659 6337 8322 2522 2399 6362 2625 712 3815 3367 24959 14942 4150 1964 1743 1651 700 3737 951 867 448 989 562 168 4172 2868 2709 2502 1188 473 1314 955 133 1913 1410 1258 822 14474 10781 6333 2456 2372 186 221 201 427 301 2186 2080 1598 344 207 1254 1203 1088 3264 2844 1890 773
is_linear=0
shrinkage=0.05


Tree=23
num_leaves=63
num_cat=0
split_feature=252 80 132 100 315 130 315 173 132 289 137 321 129 105 173 143 28 265 81 261 202 222 20 266 274 2 177 172 259 263 152 118 172 257 217 154 107 136 304 314 186 145 201 169 186 217 314 227 130 125 169 256 122 221 176 159 134 329 276 50 141 322
split_gain=442.838 116.555 57.0349 55.4031 49.4432 49.0223 48.7543 42.6268 37.0516 36.2916 32.5839 39.1159 41.128 38.3641 36.2709 32.3617 39.1171 31.8341 41.1003 33.0579 31.6143 31.3812 31.8699 31.9993 29.7466 50.402 29.6702 29.0161 34.8995 28.7101 40.4316 38.5001 58.7207 39.4614 33.3177 31.6731 31.5691 31.3693 40.6771 29.8954 29.7209 29.5789 29.5747 36.7874 29.275 30.9813 28.6979 33.562 28.5826 28.5271 28.0945 27.8001 27.7069 30.7528 30.1137 30.1877 32.1315 42.9002 29.022 27.3664 27.0981 26.9783
threshold=60.500000000000007 0.81666666666666676 73.279107142857157 0.17712418300653598 0.1318956831740922 84.697341269841274 0.089743589743184429 0.33666666666645667 61.615138888888886 0.10659747416305003 0.26304101350674436 0.13265306122428064 0.19729437229433336 0.27386363636363642 0.062499999999945322 0.66122294372260015 0.41583333333333339 6.4526612812212107 4.0500000000000007 0.091287878787750007 1.3680000000000023 0.68333300000000008 4.5833333333333348 0.04551638837341667 0.11086813513250003 1.0000000180025095e-35 77.310416666666683 0.09615384615354329 0.46926568801525004 87.337246671457208 0.9046966911762423 0.14097222222216668 0.069565217391230449 0.50700743567733342 3.2361111111111116 0.20454545454517048 0.28102904040404048 0.80158730158660652 0.36919544226060713 0.13559322033885318 102.50000000000001 0.20736825266210004 10.440000000000003 0.25577595994242319 96.833333333333357 2.7321428571428577 0.065420560747343467 0.24106002554278419 81.812599206349233 0.12697609408083335 0.28936263326932621 0.12965768799083335 0.73033910533866675 3.0000000000000009 0.41885964912200008 0.77222222222213344 0.047732968785500006 1.0000000180025095e-35 0.14112621199916667 1.0000000180025095e-35 0.30151515151481822 0.076138716355500013
decision_type=8 8 10 8 10 10 10 10 8 8 8 10 10 10 10 10 10 8 10 10 10 8 10 8 8 2 8 8 8 10 8 8 10 10 10 8 10 8 8 10 10 8 10 10 10 10 10 8 8 10 10 10 10 10 8 10 10 2 10 10 10 10
left_child=3 2 6 -1 7 15 21 10 -8 -5 11 13 -13 14 26 -6 -17 18 -4 -20 -7 -2 23 48 -19 -26 -3 28 -25 31 34 32 -10 36 40 42 -34 38 -33 41 44 -39 49 -44 45 59 47 -16 -23 -32 -49 -15 54 -54 55 -46 -57 -58 -55 -31 -48 -28
right_child=1 4 17 9 5 20 8 -9 29 -11 -12 12 -14 51 46 16 -18 24 19 -21 -22 22 -24 27 25 -27 61 -29 -30 30 35 37 33 -35 -36 -37 -38 39 -40 -41 -42 -43 43 -45 52 -47 60 50 -50 -51 -52 -53 53 58 -56 56 57 -59 -60 -61 -62 -63
leaf_value=-0.016921544683160438 -0.018425001152349241 0.07679399280952065 0.047864194901942492 -0.012918812932059301 0.048592784239460542 0.011602913164553943 -0.023516241700222321 0.052263651257223653 -0.012487168772649741 -0.003727527975360273 0.0046943670083044193 -0.032986742095973756 0.033605820570652277 0.012918901206066261 -0.034093142953126689 0.0066581350983661667 0.034205755580346289 0.015362261936956813 -0.025699866145775564 0.02499007096075154 -0.028672900329601438 0.050655405954912074 0.032624121769235744 0.015888508656665749 0.013831134171298429 -0.044869228082117914 0.001481258915422701 0.0020018403761428846 -0.022111639118462489 -0.029554902709450149 0.0063271285192005831 -0.012849758222865255 -0.003711577769699324 -0.012732517736331017 0.045703942183733526 0.0021338718731724253 0.053493619045971753 0.0010382995851589605 0.029167805315850594 0.012390481434846676 -0.023211636735022911 -0.052202074563327809 0.044732467688245889 -0.024060476233990685 0.051735118955178711 -0.032182563684953883 0.021482491810125424 -0.0044526951626476909 -0.00022627847069572418 -0.046585119062884733 0.044395364153252362 -0.0096706942990934675 0.069648306583492636 0.032499068544454154 -0.015282520615108198 0.027094909769677229 0.020919252847022823 -0.040682068087113998 -0.014997041803519138 0.0059909598382556972 -0.018824865461038159 0.040816757780753783
leaf_weight=2230.7337683290243 526.62345872819424 38.38963595032692 129.45714856684208 1754.1769785135984 148.79744258522987 393.74039109051228 140.56919941306114 52.842348575592041 185.35073204338551 2776.1068516969681 3566.3123633116484 85.551654323935509 30.703008785843849 333.65009468793869 56.871577486395836 231.72172385454178 292.48249159753323 267.85826350748539 45.696026757359505 102.32624530792236 54.565898418426514 43.215928912162781 56.916739627718925 69.508545979857445 80.338019087910652 65.469201907515526 62.917435050010681 352.8814020305872 425.16836468875408 54.415115714073181 31.954390794038773 327.66341127455235 30.746406987309456 45.423595830798149 52.579778149724007 315.95388244092464 106.26032467186451 33.451463714241982 68.820340633392334 32.423333927989006 84.18108993768692 114.05275729298592 30.462184861302376 49.805408611893654 49.648672044277191 55.83265346288681 767.40204818546772 89.338431820273399 72.909842848777771 117.62142096459866 42.677252575755119 228.53940261900425 40.588189035654068 137.92220513522625 98.325275674462318 117.50067074596882 54.945474475622177 56.121398121118546 41.038028061389923 2329.2694570720196 43.213536784052849 143.48113200068474
leaf_count=10320 989 63 214 7493 238 605 253 88 311 12037 5785 141 51 529 90 370 444 423 74 162 85 68 93 121 140 104 112 638 796 97 54 543 51 76 83 520 166 54 112 55 134 195 49 82 73 94 1191 167 108 202 77 349 63 215 159 179 84 84 66 3807 68 219
internal_value=0 0.00516611 0.000679497 -0.0104704 0.00990575 0.0194815 -0.000805193 0.00796419 0.00168084 -0.00728967 0.00752737 0.0127743 -0.0152203 0.014586 0.0194818 0.0280079 0.0220739 0.0143093 0.0273854 0.00924056 0.00663668 -0.00852171 -0.00339375 -0.00555782 0.00548116 -0.0126181 0.036726 -0.00893821 -0.0167408 0.00244648 0.00442432 -0.0053333 0.00728571 0.0273609 0.00658794 -0.00813129 0.0406858 -0.0133922 -0.00548888 -0.0306537 0.00591266 -0.0401687 -0.0222121 0.00221464 0.00672933 0.0042957 0.015221 -0.00229718 0.0189373 -0.0352811 0.0115161 0.00372611 0.0166568 0.0307458 0.00836904 0.0167705 0.00896157 -0.0102482 0.021557 0.00516536 0.019307 0.028915
internal_weight=20465.5 13704.5 7041.3 6761.02 6663.2 1121.31 6350.15 5541.89 4802.93 4530.28 5489.05 1922.74 116.255 1806.48 1244.29 673.002 524.204 691.145 277.479 148.022 448.306 1547.22 1020.6 963.684 413.665 145.807 244.788 847.558 494.677 4662.36 3718.17 944.192 367.781 182.43 3172.37 545.797 137.007 576.411 396.484 179.928 3119.79 147.504 229.843 80.2676 3035.61 2439.52 999.503 188.887 116.126 149.576 132.016 562.189 596.09 219.548 376.541 278.216 228.568 111.067 178.96 2383.68 810.616 206.399
internal_count=52313 22463 11791 29850 10672 1742 10674 8930 7861 19530 8842 3057 192 2865 1987 1052 814 1117 450 236 690 2813 1824 1731 667 244 394 1555 917 7608 6045 1563 604 293 5138 907 217 959 655 304 5055 249 387 131 4921 3998 1593 334 176 256 244 878 923 344 579 420 347 168 281 3904 1259 331
is_linear=0
shrinkage=0.05


Tree=24
num_leaves=63
num_cat=0
split_feature=211 167 167 241 168 202 106 50 166 133 153 252 197 70 120 275 92 267 238 259 205 131 85 106 238 257 130 246 211 76 270 63 42 259 307 36 147 156 281 143 297 42 133 0 103 291 252 294 130 163 152 261 152 220 266 227 44 279 178 143 126 72
split_gain=403.411 116.225 47.4899 47.1265 43.5029 42.1201 45.2632 35.9796 34.6386 45.6612 39.4278 35.6965 34.5188 32.0954 31.3554 30.9887 30.1673 29.6966 30.3657 32.9654 29.5215 43.2138 34.4142 34.16 33.455 36.0169 35.1068 29.9362 29.0356 33.6595 28.8209 35.1999 30.9151 37.4179 43.3594 33.0664 30.2675 29.2113 42.1787 38.9582 31.0346 29.1205 28.4661 28.7304 27.8744 27.8714 43.1171 27.5681 27.4758 43.8168 36.1754 31.7585 29.9908 27.2534 27.2088 27.1691 31.4667 37.0678 30.8526 30.6083 30.6886 26.8568
threshold=3.4722222222222228 0.15615949107261887 0.29017077277547532 0.31568162208800693 0.73921262890771933 1.2000000000000006 4.6881944444444459 1.0000000180025095e-35 0.033015129128500006 0.13611712361700004 0.39523327524184665 64.500000000000014 4.9000000000000012 0.2752525252525253 0.4208455165690001 0.050715367675833338 0.178452380952381 0.15916831316000005 15.644009216589863 0.4849499701313334 5.9000000000000012 0.34208518518518521 0.43650793650793657 4.5166852057842055 15.281801470588237 0.47672828959116675 86.178055555555559 15.875553097345135 1.0500000000000003 4.8153409090909101 0.062026709997166675 0.27958333333333341 0.16025641025641027 0.51613065849633344 0.082474226803871148 12.500000000000002 82.803380952380977 0.11267605633777467 0.30333333333320028 0.82275252525230014 0.1556934741598251 0.30384615384615393 0.35545235638066669 8.5000000000000018 0.41421362489486968 0.071507296631950046 95.500000000000014 0.45355020444855004 77.827380952380977 83.845937500000034 0.80749482836478126 0.099873737373666685 0.76198306917472902 0.6680000000000007 0.26747141747100006 0.31400560224089641 0.095454545454545472 0.096298229749599992 0.038125000000000013 0.76902597402540007 0.081390831390666676 0.16954022988505749
decision_type=8 10 10 10 10 10 8 10 10 8 10 8 10 10 10 8 10 10 10 10 10 10 10 8 10 10 10 10 10 10 8 10 10 10 10 10 10 10 10 10 8 10 10 2 10 10 10 10 10 10 10 10 10 10 8 10 10 10 10 10 10 10
left_child=2 5 12 4 15 -2 -7 44 10 11 16 61 28 -12 -11 -3 -9 18 -16 -20 23 22 47 30 -23 -26 53 -24 -1 45 55 32 33 35 -35 -32 -34 38 -33 -40 -41 -39 43 -17 -6 46 -30 -22 -49 51 52 -50 -51 -27 -25 56 57 -13 -59 -58 -61 -10
right_child=1 3 -4 -5 7 6 -8 8 9 14 13 20 -14 -15 17 42 -18 -19 19 -21 21 24 27 54 25 26 -28 -29 29 -31 31 37 36 34 -36 -37 -38 41 39 40 -42 -43 -44 -45 -46 -47 -48 48 49 50 -52 -53 -54 -55 -56 -57 59 58 -60 60 -62 -63
leaf_value=-0.016186381240877051 0.0024966417717437422 -0.015935165454757701 -0.0014811796999910909 0.020012225341138393 -0.051884718701891014 -0.011857137490629886 0.038671139220029113 0.015232227633812887 0.021013410333725769 -0.033067794283686426 -0.027044883316516027 0.032365665724577324 0.056494742564295576 0.031789169598302441 -0.0115587767746703 0.012951971868581186 0.051750328504073621 -0.012503567926077309 -0.0055308815101140106 0.025518454014265127 -0.043937023049071766 0.06255111668012002 -0.008816079690063627 -0.005800910149090034 0.037775397116490493 -0.039673379792617258 0.031198299743315411 0.04734435206980106 -0.0027418384737229987 0.016190955824844713 -0.00022936661088533486 -0.038521359392320501 -0.0044916738071941169 -0.020504981965298395 0.044904726088292428 -0.036947672644894805 0.021000095727522542 -0.025518038022111052 -0.030573184991115845 0.059022330819723717 -0.0070280558093181403 0.033255473721527727 -0.025254068801650861 -0.017101364754549583 0.0057046870527220211 -0.010916624869459563 0.051712279712434896 0.03696107629632471 -0.053589346354087235 0.031736784161941103 0.056253788571381406 -0.0049442144394996196 -0.032908096779784811 0.016744753365668146 0.040027748113209083 -0.022161994576405216 -0.0081320239602891038 0.042030134640540444 0.0010936137515604163 0.014646724695002656 0.0688183527771392 -0.031484390481065737
leaf_weight=2048.4102454483509 1297.3152212798595 102.76527211070061 1615.6302055567503 738.65732637047768 49.484245598316193 1296.0093578100204 44.890444487333298 652.47863067686558 30.792160764336586 96.197311460971832 91.157632768154144 123.29155763983727 17.809009939432144 29.985122516751289 188.14159448444843 3580.0171232074499 61.382801666855812 470.9193516522646 140.77193008363247 214.59790986776352 36.281663447618484 57.371811211109161 34.597531884908676 45.087819129228592 156.68209892511368 52.132229492068291 64.934218287467957 71.76479959487915 249.9270436167717 128.88465125858784 120.46098481118679 173.78462918102741 189.71312248706818 43.413019895553589 58.132963195443153 124.48767827451229 298.13286985456944 33.661414489150047 58.454023823142052 32.75800809264183 36.938008233904839 52.773547142744064 50.219061270356178 80.362305015325546 35.434454053640366 3530.6262730360031 41.499027580022812 45.575608372688293 52.307979002594948 32.510652899742126 39.863943830132484 91.870696261525154 37.594419106841087 34.951488003134727 110.3852529078722 69.586540952324867 35.652137979865074 47.614108383655548 872.97818538546562 47.921828582882881 59.149993985891342 104.45697452127934
leaf_count=10017 2243 167 6333 1239 90 2194 76 1066 63 148 153 195 30 49 320 5842 97 757 230 355 59 82 50 73 239 81 98 110 589 466 209 293 322 69 91 196 474 56 90 51 58 81 93 129 60 13788 69 76 84 48 60 151 58 50 173 109 55 74 1355 74 88 218
internal_value=0 0.00542551 -0.00909709 0.00785341 0.00689764 -0.00392266 -0.0101343 0.0040936 0.00459302 0.0029192 0.0139711 0.00566868 -0.0111406 -0.0123004 -0.00593132 0.0110183 0.0184473 -0.00332304 0.00463049 0.0132239 0.00666144 0.0150162 0.00446786 0.0040909 0.0277025 0.0210287 0.00360153 0.029118 -0.0113516 -0.00884016 0.00265732 -0.00280336 0.00298145 -0.00841646 0.0169647 -0.018985 0.0110877 -0.0152195 -0.0225454 -0.000711211 0.0243415 0.0102793 0.0117702 0.0122863 -0.0280092 -0.00968957 0.00514564 -0.00338354 0.00163863 -0.00479608 0.0188539 -0.0228747 -0.00283452 -0.0170399 0.0267532 0.00797443 0.00976311 0.00672977 0.00325963 0.031713 0.0449791 -0.019429
internal_weight=20431.6 12798.9 7632.79 10160.6 9421.98 2638.22 1340.9 5608.62 5523.7 4688.69 835.004 3578.07 6017.16 121.143 1110.63 3813.36 713.861 1014.43 543.511 355.37 3442.82 808.439 442.367 2634.38 366.072 308.7 152.018 106.362 5999.35 3950.94 2478.9 1222.71 834.341 346.495 101.546 244.949 487.846 388.37 301.935 128.15 69.696 86.435 3710.6 3660.38 84.9187 3822.05 291.426 336.005 299.723 254.148 109.969 144.179 70.1051 87.0837 155.473 1256.19 1186.61 1043.88 920.592 142.724 107.072 135.249
internal_count=52313 21021 31292 16508 15269 4513 2270 9038 8888 7523 1365 5713 24959 202 1810 6231 1163 1662 905 585 5432 1246 696 4186 550 468 229 160 24929 14912 3940 1990 1361 565 160 405 796 629 492 199 109 137 6064 5971 150 14446 658 536 477 401 166 235 106 131 246 1950 1841 1624 1429 217 162 281
is_linear=0
shrinkage=0.05


Tree=25
num_leaves=63
num_cat=0
split_feature=1 100 248 0 100 200 160 58 233 254 46 132 185 144 151 133 122 263 82 268 129 130 207 282 259 2 148 291 309 154 134 10 8 132 106 238 46 297 133 281 271 299 139 220 282 163 125 246 326 241 298 31 138 247 273 267 259 320 174 147 304 259
split_gain=361.844 94.32 56.0076 51.8627 48.8147 39.8574 42.2305 39.1025 43.0313 37.9025 35.4896 34.592 39.9014 39.419 33.4483 33.7632 39.474 33.9576 33.2664 31.7775 31.6876 31.3948 30.7068 30.6323 32.4234 30.3716 31.0753 32.5586 35.6138 32.061 30.2855 29.3847 38.0217 36.3799 34.6912 34.5719 33.3145 34.3447 33.9871 32.4877 31.8628 33.0338 30.2975 29.6313 31.8642 31.7035 29.3717 29.3378 29.2776 31.3734 34.6986 30.6891 37.6064 35.4089 34.4993 34.521 30.861 34.8002 30.2614 33.9865 29.0814 29.0405
threshold=4.5000000000000009 0.19098277608915909 2.9069264069264071 10.500000000000002 0.25245098039215691 92.63333333333334 0.30615065490045007 0.41550000000000004 0.15544768069039916 0.13530753333050002 4.912878787878789 71.475522533022556 24.833333333333339 0.32166666666650007 0.23285714285685863 0.13072942372950003 0.75942760942716681 92.213760741952527 2.7321428571428577 0.26609067956650007 0.055555555555416671 91.241865079365098 5.9829999999999979 0.52438031432570031 0.42221213954375009 2.5000000000000004 0.3473811741315454 0.12501536357420004 0.25842696629200568 0.2909090909087364 0.058823529411583343 0.18465909090909094 0.11437908496732027 70.429401154401162 3.5309311224489801 16.803409090909096 3.9258241758241761 0.17407407407399997 0.071474183542916681 0.24485497835479964 0.063245738415166675 0.10197531291052857 0.16435180223595505 0.63400000000000067 0.48351500427590044 79.083349567099575 0.23450035802950001 15.104355716878404 1776.0474189675872 0.21627137341423061 0.16666666666656352 0.2902777777777778 0.23529411764665689 8.846142606662772 0.094128768948666675 0.35790020485783341 0.52700412206200009 0.10294117647041912 0.30384615384600006 83.338164141414154 0.25573400175137412 0.51110254014516676
decision_type=2 8 10 2 8 10 8 8 10 8 10 8 10 10 8 8 10 8 10 10 8 10 10 10 10 2 8 10 10 8 10 10 10 10 10 10 10 10 10 10 10 10 10 10 10 8 10 10 8 10 8 8 8 10 8 10 10 10 8 10 10 10
left_child=1 3 10 5 9 6 11 21 -9 -2 14 -1 13 -13 15 17 -17 20 -11 -16 -3 31 48 24 -22 47 27 -27 -29 -28 -15 32 33 43 -34 36 37 -35 -38 -33 41 -41 -40 -4 45 -45 -42 -7 -10 50 -50 52 56 -54 58 -56 57 -51 59 -53 -49 -36
right_child=4 2 7 -5 -6 25 -8 8 22 18 -12 12 -14 30 19 16 -18 -19 -20 -21 23 -23 -24 -25 -26 26 29 28 -30 -31 -32 39 34 35 61 -37 38 -39 42 40 46 -43 -44 44 -46 -47 -48 60 49 51 -52 54 53 -55 55 -57 -58 -59 -60 -61 -62 -63
leaf_value=-0.0050646469820052123 -0.017876607558599628 -0.011260315178887953 -0.022882841525321978 -0.041788146944514985 -0.0044857524085708611 -0.010465211648387525 -0.010262176562350706 -0.018654632976418836 -0.024233900069388515 0.014447057566284147 0.019988963897087892 7.279720360533115e-05 0.035381384468134255 0.053451786776889304 0.0069492843110194645 -0.032606174087028719 0.00720876518235887 0.022556565130383881 -0.010206061555354633 -0.015540058763144585 -0.032293862163135616 0.034316469218351589 0.033032429058970657 -0.022519673083809807 0.019024426144706345 -0.035049717437162266 0.0024082538719849239 0.04406393885520192 -0.010369106338537628 0.051561323433141903 0.0033030751480586243 -0.050283960345957758 -0.019119277072342671 -0.020554261244676526 0.019163663172780988 0.041472765130429086 -0.013103940558737901 0.034987047367746348 0.058037822760741903 0.057518051518796381 -0.05173318791546893 0.0016672722401826533 0.0098763644991213036 -0.022381495329945031 -0.0034054901452321706 0.028192821475776765 -0.0054979551175443385 -0.0064165222588259442 0.02884587494579215 -0.037677550822150137 -0.02155158029094183 0.05487004587705531 -0.022253250248191251 0.0055225586167963348 0.029636226346719571 -0.010634657539635479 0.046238226153800771 0.018308067133576449 -0.020220031423501268 -0.0074816074220537326 0.015829755983600143 0.05731947753924943
leaf_weight=1205.0869883000851 2383.3670403212309 579.98808437585831 134.32403676211834 75.708465084433556 2089.3214662224054 156.94396930932999 1413.5845147073269 89.920242741703987 46.779977545142174 151.72979971766472 283.07262350618839 835.60913211107254 112.0769769847393 65.017528861761093 2162.4675884544849 192.62992991507053 91.017570868134499 138.32621172070503 1311.2351384311914 168.31434001028538 33.443668693304062 92.531145647168159 249.10801976919174 70.554725825786591 289.9377715587616 114.63619764149189 278.04914402961731 33.701865673065186 222.72444650530815 36.732426255941391 56.014283627271652 39.216287523508072 37.132895261049271 124.30040854215622 145.14245399832726 102.41355213522911 47.064265266060829 34.774058356881142 71.01865366101265 33.739171385765076 43.212086454033852 112.41076856851578 61.163256227970123 36.851825565099716 609.05295571684837 171.97753238677979 156.83977451920509 171.80661879479885 522.69234344363213 31.540483951568604 35.715566515922546 39.155328065156937 154.52122393250465 436.31078384816647 503.10200829803944 58.797850221395493 80.576598674058914 187.82538363337517 89.554319962859154 47.239458173513412 981.97991995513439 76.908341661095619
leaf_count=2175 11594 992 240 137 9452 232 2498 154 78 734 475 1511 167 108 3659 333 159 238 6333 287 59 150 368 122 483 175 414 49 338 53 99 70 65 208 236 178 76 59 114 54 69 183 105 70 1072 282 250 255 822 51 52 59 232 687 806 111 128 295 138 76 1506 127
internal_value=-0.000249258 0.00401429 0.00729597 -0.00094944 -0.0106444 -0.000397347 -0.00347884 0.0109975 0.0151467 -0.0139865 0.00295165 0.000738699 0.00728585 0.00395553 0.00165117 -0.00446587 -0.0198322 -0.000528338 -0.00763765 0.00531713 -0.00383198 0.00597876 0.0163798 0.00709283 0.0136186 0.00529012 -0.00322662 -0.0130186 -0.00305222 0.00830497 0.0305009 0.0046732 0.00757449 0.00428953 0.0251254 0.0161498 0.00836994 -0.00823884 0.0231013 -0.00773785 -0.00277306 0.0148978 0.0360316 -0.00120602 0.00237154 0.0191801 -0.0157175 0.00974941 0.0145066 0.0153482 0.0255808 0.0118232 0.00555876 -0.00175857 0.0193614 0.0254019 0.0199471 0.0101013 7.93906e-06 0.0210243 0.0125101 0.0325993
internal_weight=20408 14472.3 8712.67 5759.67 5935.65 5683.96 3687.39 4702.91 2572.84 3846.33 4009.75 2273.8 1068.72 956.641 3726.68 1395.9 283.648 1112.25 1462.96 2330.78 973.924 2130.07 2482.92 393.936 323.381 1996.57 685.844 371.063 256.426 314.782 121.032 2037.54 1652.12 1392.94 259.184 440.734 338.321 159.074 179.246 385.418 346.202 146.15 132.182 952.206 817.882 208.829 200.052 1310.73 2233.81 2187.03 558.408 1628.62 890.774 590.832 737.849 561.9 299.942 219.366 175.949 86.3948 1153.79 222.051
internal_count=52302 24189 14472 9717 28113 9580 6558 7665 4057 18661 6807 4060 1885 1718 6332 2386 492 1894 7067 3946 1656 3608 3903 664 542 3022 1029 562 387 467 207 3458 2832 2404 428 740 562 267 295 626 556 237 219 1664 1424 352 319 1993 3535 3457 874 2583 1393 919 1190 917 474 346 273 135 1761 363
is_linear=0
shrinkage=0.05


Tree=26
num_leaves=63
num_cat=0
split_feature=1 100 224 160 215 248 226 191 283 103 123 291 156 108 313 253 102 319 27 289 120 75 207 104 289 121 98 170 261 45 213 148 100 178 169 164 100 44 282 276 134 150 228 155 122 218 133 16 236 263 32 296 141 105 95 102 72 270 253 243 261 274
split_gain=327.822 86.2755 54.2091 47.0969 46.0676 45.3017 41.7385 44.0986 35.8825 39.2312 35.2063 34.3515 44.1443 34.0607 56.0102 33.6116 34.8712 35.0529 32.3832 32.252 32.026 31.9191 31.8235 31.2626 30.7562 33.3919 33.9987 39.2414 41.7714 48.3333 33.2605 30.9089 30.5186 30.4002 30.2466 29.6671 29.2812 29.0824 30.9388 32.2769 37.7657 29.2827 33.3708 45.0917 29.2022 34.6067 29.0374 29.031 37.6305 37.6976 34.4178 29.4025 28.5113 28.108 27.841 27.6287 27.6108 27.48 28.2926 34.9348 30.7044 27.4506
threshold=4.5000000000000009 0.23606811145510839 0.56349150000000015 0.30247194163841673 8.6985000000000046 3.1291666666666669 0.096022128556375139 2.4166666666666674 89.471440987423577 0.35948717948717951 0.41337764701566676 0.17857142857141434 0.12727272727271818 0.39465108695652185 0.054054054053748656 5.830000000000001 0.17445652173913045 0.1560081202121095 0.3111666666666667 0.12521403055955002 0.40521782849100002 0.24500000000000002 1.8009999999999966 0.08248299319727892 0.079915386208416692 0.46473063973033341 0.61250000000000016 0.26874999999976262 0.20383597883583335 0.22649572649572652 22.105555555555558 0.25330822289855076 0.36140661938534285 0.22576209677419359 0.39152918388276919 0.25237675932789433 0.23956521739130437 0.10555555555555557 0.44462716653190032 0.14167459620333336 0.029586834733583336 0.062566773504250009 0.01574900793650794 0.098522167487534493 0.62074314574283351 0.84523809523809534 0.025978407557250002 5.5000000000000009 0.045628036086051364 91.021582868933237 0.051587301587301591 2046.2399698949587 0.079999999999980018 0.31180555555555561 0.086851851851851861 0.31643132220795894 0.26201372997711675 0.26772981688750003 5.7350000000000003 0.26931858096241662 0.10009920634900003 0.14974600122366669
decision_type=2 8 8 10 8 10 10 10 10 10 8 10 8 10 10 8 10 10 10 10 10 10 8 10 10 10 8 10 10 10 10 10 8 10 8 10 8 8 8 10 8 10 10 8 8 10 10 2 8 10 10 10 10 10 8 10 10 10 10 10 10 8
left_child=1 2 3 8 32 11 7 -7 9 15 19 47 -13 14 -5 18 22 -18 -1 -9 -10 -20 -17 -22 52 26 27 30 29 -29 -26 -27 -2 -31 -8 -15 -6 38 39 41 -41 42 -4 -44 -39 -46 61 51 49 -49 -50 53 -12 -3 57 -55 -43 58 59 60 -28 -40
right_child=4 5 37 13 36 6 34 10 20 -11 24 12 -14 35 -16 16 17 -19 21 -21 23 -23 -24 -25 25 31 54 28 -30 33 -32 -33 -34 -35 -36 -37 -38 44 46 40 -42 56 43 -45 45 -47 -48 48 50 -51 -52 -53 -54 55 -56 -57 -58 -59 -60 -61 -62 -63
leaf_value=-0.02315595063947869 -0.017273016747808234 0.0094846788876029788 0.071720087793607459 0.049280167551865192 -0.010380755962076655 -0.015797994308818012 0.040124030949055034 0.016167741543872027 0.028926426245649634 0.0029925693149321763 -0.034705430388525228 -0.037628561442409648 0.0067126247077918021 -0.034339511100978812 -0.024456132403497154 0.038481494837684288 -0.039505722250733649 0.015086281964878013 0.0349033390536466 0.048222150217345293 0.0077246940798320271 -0.013089456241678857 -0.015440408636897961 -0.030533822805566314 0.022314111226000466 0.019830657902254845 0.069568348495079049 0.00020608577664662817 -0.019751154095857405 0.0074971717783267723 -0.03570431543253523 -0.041195780857049828 0.0048688183812302041 0.062838119117275604 -0.0069125145079283858 -0.0025112315725807719 -0.0012070698870091236 0.037318438085177534 -0.01209685083678751 -0.049231073070654781 0.014123051412413183 -0.008998743866303385 -0.019342793067659108 0.058359278952625548 0.017615258286609599 -0.019370845373486937 0.0035988140371313801 0.037886212074979969 0.028433280924045123 -0.010224181816597913 -0.0393566683093401 0.0010988523712954787 0.010793847266028424 0.068272469301744076 0.043565182056980928 0.0081777728182743127 0.04253201191873715 -0.023192659448065877 0.013431567579955693 -0.010492468698303928 0.024190897717611626 0.015088322656177381
leaf_weight=79.649722129106522 2144.2153921574354 506.76670417189598 56.887500390410423 26.161813512444496 2120.1079859733582 142.45741932094097 209.81523141264915 226.73602004349232 163.82916603982449 878.81102415919304 69.918840155005455 106.69948762655258 116.37259159982204 78.769211858510971 511.6289320141077 35.373599827289581 230.83428683876991 32.999047890305519 88.404971092939377 121.06696532666683 566.38641925156116 55.682910233736038 109.3593043088913 57.922832101583481 31.893676161766052 32.385257065296173 68.161799237132072 129.01999059319496 82.52447484433651 37.357169076800346 99.38224221765995 54.099028885364532 167.00764343142509 76.087385609745979 40.26201768219471 901.17454299330711 1477.2876412719488 119.27517393231392 576.43513615429401 33.211282059550285 74.227846547961235 75.847299322485924 35.831363946199417 37.008720487356186 257.73874494433403 82.689285770058632 3195.4116836488247 209.49324294924736 30.958036944270134 49.834938034415245 44.233062505722046 2013.9318520277739 65.98157399892807 42.611509710550308 92.905232146382332 34.981360822916031 38.271405503153801 43.890682086348534 1055.3700120002031 34.675300568342209 85.619847372174263 109.62090465426445
leaf_count=146 10383 859 89 51 10333 378 361 358 307 1559 114 210 235 149 977 74 409 74 156 191 1045 96 191 100 57 55 104 223 135 62 158 83 754 126 73 1602 6643 182 920 52 113 121 58 58 393 127 4935 327 51 79 69 3397 105 65 145 59 58 67 1632 61 134 174
internal_value=-0.000237583 0.00381578 0.000584459 -0.00383912 -0.0101605 0.0084311 0.0130611 0.0111371 0.000671874 -0.00383647 0.0127392 0.00431933 -0.0145475 -0.0106722 -0.020775 -0.0133255 -0.0218405 -0.0326275 0.00222954 0.0274462 0.00931607 0.0163596 -0.00205364 0.00412395 0.0102407 0.0118672 0.0133004 0.00145124 0.0107785 0.0212285 -0.0215087 -0.018321 -0.0156695 0.0448828 0.0325339 -0.00510713 -0.00661631 0.00418385 0.00288317 0.0170725 -0.00568809 0.0271035 0.0432765 0.0203242 0.0161169 0.00858634 0.00159363 0.00576054 0.0196069 0.0286179 -0.0113734 0.00396909 -0.0126609 0.0138337 0.0172088 0.0416922 0.00845877 0.0152711 0.0166499 0.0344805 0.0446557 -0.00773017
internal_weight=20373.6 14464.9 8509.44 3816.99 5908.62 5955.49 2799.61 2549.53 2299.25 1511.11 2407.08 3155.88 223.072 1517.73 537.791 632.304 408.566 263.833 223.738 347.803 788.138 144.088 144.733 624.309 2059.27 1923.37 1836.89 456.265 324.989 242.465 131.276 86.4843 2311.22 113.445 250.077 979.944 3597.4 4692.46 4232.75 351.285 107.439 243.846 129.728 72.8401 459.703 340.428 3881.47 2932.81 334.519 259.328 75.1911 2598.29 135.9 584.36 1380.62 77.5929 114.119 1287.72 1243.83 188.457 153.782 686.056
internal_count=52302 24189 14216 6936 28113 9973 4622 4188 4157 2705 3810 5351 445 2779 1028 1146 748 483 398 549 1452 252 265 1145 3261 3042 2904 761 546 411 215 138 11137 188 434 1751 16976 7280 6578 549 165 384 205 116 702 520 6029 4906 526 406 120 4380 219 983 2143 124 179 1998 1931 299 238 1094
is_linear=0
shrinkage=0.05


Tree=27
num_leaves=63
num_cat=0
split_feature=179 100 15 82 193 0 100 163 317 28 195 173 320 94 75 318 158 295 120 151 277 124 177 163 330 202 304 163 297 267 33 137 60 270 92 160 260 307 323 165 227 84 130 148 212 277 158 62 219 265 132 234 132 257 120 94 299 262 310 163 31 230
split_gain=288.262 83.1005 52.4714 56.7818 53.6475 44.5753 43.4431 36.5942 39.9389 36.1473 35.8218 49.8875 34.8906 33.9211 37.3646 33.2208 34.3271 32.4217 36.3213 31.7571 31.6682 31.2645 31.1264 30.1115 36.4569 35.9357 35.2524 45.3078 36.4127 33.2325 33.2301 31.5844 30.1539 29.0931 28.9571 36.2494 28.8432 28.7919 33.375 30.3488 29.079 28.6524 28.5262 32.6443 28.5152 27.9474 34.7655 27.8375 27.7319 27.5142 30.9085 28.1885 27.1597 26.7975 26.7829 26.7102 26.6539 26.4878 26.3956 38.7254 33.328 30.2185
threshold=1.0000000180025095e-35 0.19098277608915909 7.5000000000000009 3.5857142857142863 5.2583333333333337 10.500000000000002 0.25245098039215691 82.177511904761914 0.45323741007145041 0.37000000000000005 0.8333330000000001 0.15384615384608466 0.16626789482651527 0.32546296296296306 0.2752525252525253 0.24461081143275823 0.17499084249065003 87.612698180089438 0.56668059036450014 0.19796838693877805 0.1360085881859 0.25111385647366674 85.226136363636385 87.386708333333345 inf 1.6100000000000001 0.27335382048728324 89.316765873015882 0.10825358851660001 0.0033501683501666675 0.3170634920634921 0.15666666666642001 0.26450000000000012 0.19643389253108337 0.20333333333333337 0.33387692554348342 0.38214285714283341 0.16666666666640975 0.19462481962450004 0.09082274932745002 0.13069358178053833 0.13392857142857145 81.863134920634948 0.29450811000000005 5.8400000000000034 0.14748004785450006 0.13777777777765002 0.036666666666666674 5.9500000000000011 6.6687204405884772 72.899148629148655 0.079455266955266959 68.882962962962978 0.43585316696716675 0.4523936847463334 0.22333333333333338 0.11135605344480005 0.1499458874456667 0.49999999999945594 85.419148809523804 0.23769841269841271 15.820855614973263
decision_type=2 8 8 8 10 2 8 8 10 10 8 10 10 8 10 10 10 8 10 10 8 10 10 10 8 10 10 10 8 8 8 8 10 10 10 10 10 10 10 10 10 10 8 8 10 10 10 10 10 10 10 10 10 10 10 10 10 10 10 10 10 10
left_child=6 5 3 10 13 12 20 22 -9 -6 15 -12 34 14 17 41 21 18 19 -5 -1 56 -4 24 25 -15 28 -28 -25 30 32 -31 -26 58 36 -36 52 38 54 -39 -40 -3 47 -44 45 -14 -47 -19 -10 50 -33 -51 -2 -24 -18 -45 57 -17 59 60 -11 -62
right_child=1 2 7 4 9 -7 -8 8 48 33 11 -13 44 23 -16 16 37 42 -20 -21 -22 -23 53 26 29 -27 27 -29 -30 31 -32 49 -34 -35 35 -37 -38 39 40 -41 -42 -43 43 55 -46 46 -48 -49 -50 51 -52 -53 -54 -55 -56 -57 -58 -59 -60 -61 61 -63
leaf_value=-0.015445305591815931 -0.0048527489699693345 -0.025930496871280725 -0.0030574925286307353 -0.039259582192832224 0.053110162995390689 -0.039694362451515315 -0.0034944823832511671 -0.0092491682364731279 0.009166939919231832 -0.032383784581751333 0.016918761611241718 0.054493209242344569 0.052627749191519094 0.014658798339721639 -0.023843674017048927 -0.013624850491130805 0.02052319155067743 -0.033995704589593313 -0.052821251049245371 0.0072006918810961192 -0.0062501988327766204 0.040328118105960473 -0.073640732138487708 -0.020364407178107672 0.0076968060627653047 -0.013550229356431265 -0.033655411297973857 0.015476497093430972 0.038387916932438343 0.03770993070520072 -0.02279236681006146 -0.034708848523269838 0.067355936051086404 -0.021790113200083783 0.026903682014906595 -0.030438827861407919 -0.027366533744517155 -0.052345898558784756 -0.02601055993008768 0.0062032031158209206 0.021091245828744252 0.015478357735976648 0.023942563471978717 -0.035693291058703072 -0.010867780397231143 -0.034393953957098863 0.029719504269390302 0.0017066544320603822 0.041005277062241711 -0.017289375403379107 0.01552996199460692 0.041031500689041663 0.0025639956087810545 -0.018400009820960038 -0.028273966661054542 0.0085153260579819527 -0.030922121251798475 0.038871691785004908 0.033766564817002617 0.036619933305579458 -0.0092528202166954638 0.048523737580735041
leaf_weight=2618.8927855342627 2690.250826433301 100.98269113898277 670.15449453890324 49.645487397909164 70.701447576284409 72.283082246780396 2250.5444405972958 291.3122344315052 579.05776877701283 67.574575185775757 304.86851285398006 124.69701896607876 70.931792244315147 1428.3372986614704 195.12568680942059 63.681331008672714 47.229506373405457 69.862471401691437 51.424128353595734 133.1972312182188 1463.9129021167755 32.493445068597794 24.757815286517143 42.148571729660034 46.609164923429489 121.62608164548874 154.97055557370186 66.256043419241905 66.996176302433014 28.116981267929077 33.623450815677643 179.35691854357719 38.616116777062416 47.644222885370255 165.38407751917839 32.088591560721397 108.77305692434311 27.122752413153648 32.602160334587097 102.76866745948792 1483.7259837836027 69.744669795036316 272.90250241756439 46.907584682106972 60.834292650222778 28.432927533984184 74.143045470118523 236.53971250355244 76.913531139492989 47.696425139904022 36.118547812104225 35.045362189412117 2278.3742358088493 162.94530303776264 66.399337515234947 117.97113841772079 94.216439679265022 37.208287253975868 175.80924697220325 79.150104597210884 56.87358370423317 36.201186895370483
leaf_count=12513 4467 178 1288 72 103 131 9962 573 1086 97 458 188 118 2148 299 106 75 109 79 204 7069 53 51 62 77 188 227 95 104 43 54 279 60 65 265 51 200 46 61 174 2320 117 409 73 97 50 127 362 137 69 54 51 3632 321 110 175 156 57 256 115 82 54
internal_value=-0.000225916 0.00377619 0.00691041 0.00897045 0.00525736 -0.000954774 -0.00907734 -0.000643302 0.00612536 0.0200062 0.0147512 0.027939 -0.000438476 0.00300022 -0.00392488 0.0121122 0.0139314 6.25754e-05 -0.0161141 -0.00553194 -0.0121519 -0.00430718 -0.0081218 0.00649732 0.00881346 0.0124347 -0.00745939 -0.0189148 0.0156752 -0.00378275 0.0187375 -0.0120319 0.0352544 0.0148396 -0.00127952 0.0174541 -0.0020124 0.0162941 0.0180997 -0.00629081 0.0200588 -0.00899362 0.00517645 0.0133575 0.0183967 0.0286893 0.0117392 -0.00650165 0.0129644 -0.0168489 -0.0262318 0.00754778 -0.00145095 -0.0260643 -0.00794585 -0.00417113 -0.0119341 0.00587839 0.0190929 0.0082186 -0.00588346 0.013443
internal_weight=20340.8 14007.4 8425.93 6620.79 4033.05 5581.5 6333.35 1805.14 947.284 533.954 2587.74 429.566 5509.21 3499.09 1173.58 2158.18 1987.45 978.45 234.267 182.843 4082.81 227.6 857.858 2325.52 1995.15 1549.96 330.371 221.227 109.145 445.183 118.849 326.334 85.2253 463.253 5274.87 197.473 5077.4 1759.85 1629.96 129.891 1516.33 170.727 744.183 437.781 234.342 173.508 102.576 306.402 655.971 298.217 215.475 82.7418 4968.63 187.703 113.629 164.879 195.106 100.89 415.609 239.799 160.649 93.0748
internal_count=52302 22758 13620 10164 6065 9138 29544 3456 1796 772 4099 646 9007 5293 1782 3453 3158 1483 355 276 19582 372 1660 3511 3023 2336 488 322 166 687 191 496 137 669 8615 316 8299 2786 2566 220 2381 295 1128 657 392 295 177 471 1223 453 333 120 8099 372 185 248 319 163 604 348 233 136
is_linear=0
shrinkage=0.05


Tree=28
num_leaves=63
num_cat=0
split_feature=1 168 289 91 15 82 214 163 207 320 126 152 265 144 170 82 248 289 227 132 123 8 268 323 164 274 243 236 76 185 170 233 229 227 45 245 132 138 247 227 102 170 109 30 244 56 134 204 35 74 184 310 216 141 243 211 82 250 132 106 122 227
split_gain=271.097 72.4072 39.7177 42.3507 38.9848 65.6455 43.7698 37.3984 37.1092 36.9391 36.7499 35.7326 35.245 31.1497 31.9194 31.1458 30.5973 35.3388 29.7693 29.2357 28.9942 28.9435 40.194 35.2838 49.1298 33.8225 36.8516 53.6644 31.7117 30.6733 33.2472 30.2575 28.9742 32.4324 32.1268 31.4035 30.2793 31.572 27.9428 28.258 29.496 28.9633 32.3558 28.0951 27.8427 30.5835 27.8306 27.6522 27.2956 43.7271 33.9622 33.1195 28.5494 31.3773 28.2826 28.8643 27.2734 27.2621 28.371 30.1511 29.0609 34.5715
threshold=4.5000000000000009 0.80164414274648155 0.10050737496770006 0.41055555555555562 6.5000000000000009 3.5634920634920637 86.725000000000009 82.337841269841292 2.1670833333333337 0.14814814814799393 0.43333333333316676 0.91543203102128745 7.3560528416347379 0.15814935064930002 0.27607361963150617 3.9500000000000006 1.6273148148148151 0.13569608375950007 0.38529014844804327 73.393667582417592 0.49009144237366681 0.20526315789473687 0.39607033926450008 0.23979166666650001 0.23323839500000002 0.077626463043000013 0.21281862228776072 0.017021584818194994 4.1889880952380958 24.833333333333339 0.31746031745992997 0.28352332824068638 0.61433239962651742 0.24575783721599082 0.16025641025641027 0.64183694925573631 70.429401154401162 0.2692307692305097 5.5407539480387173 0.29198717948717956 0.098780487804878067 0.29054054054029393 0.5340172413793105 0.21750000000000005 0.039173060528559255 19.100000000000005 1.0000000180025095e-35 1.3666666666666669 0.15833333333333335 0.054093567251461992 5.0166666666666675 0.42773644151652462 1.2900000000000016 0.072299651567651571 0.26161035226455792 3.4722222222222228 2.7071428571428577 7.1500000000000012 68.958800366300366 4.2873015873015881 0.67127085877050019 0.23971830985915496
decision_type=2 8 8 10 8 10 8 8 8 10 8 10 10 8 10 8 10 10 10 8 10 8 10 8 10 8 10 10 10 10 10 10 10 10 10 10 8 10 8 8 8 10 8 10 10 10 8 10 8 10 10 10 10 10 10 10 10 10 10 10 10 10
left_child=1 4 -2 56 5 6 8 -6 16 11 -8 13 18 14 20 38 -1 -18 21 -14 -3 25 23 24 -23 26 -7 -28 -29 30 44 32 -27 35 -35 -34 -36 -38 -15 40 -40 42 -41 -44 45 46 -26 -17 49 51 -50 -9 -51 -54 55 -53 -4 58 59 -42 61 -60
right_child=2 9 3 -5 7 12 10 48 -10 -11 -12 -13 19 15 -16 47 17 -19 -20 -21 -22 22 -24 -25 29 31 27 28 -30 -31 -32 -33 33 34 36 -37 37 -39 39 41 57 -43 43 -45 -46 -47 -48 -49 50 52 -52 54 53 -55 -56 -57 -58 -59 60 -61 -62 -63
leaf_value=0.018984839159582642 -0.015447930278805425 0.041690337435198566 0.0037208800313766064 0.01865811060667897 -0.0058076838791792061 -0.029200423953777328 0.018109223253449849 -0.015042001332048053 0.014470132163634297 0.010381922086225407 0.047433508210117235 -0.012964414005269121 0.055242766681125689 -0.031644463556948048 0.046933540620709757 0.0033611167889657529 -0.02315599006629767 0.031944326512424313 -0.026615065585919497 0.0037346327312130995 -0.00089535463377313869 -0.040360781200993415 -0.043240601889559027 0.0042047002513559252 0.037659177558258081 -0.054550261059313911 0.047572568504893109 -0.0079874033600641978 0.030906105658106461 0.039976503554261175 0.040625988789187266 0.01144103208635678 0.0091626469796883513 0.042628791454673999 -0.045593676252283687 -0.043797509454988087 0.037144935450235554 -0.021139159858940229 0.03709703274906697 -0.044289745138849694 -0.017575292327913859 0.037421931485891853 0.03863302878006112 0.001017403956501562 -0.0088882210988836443 0.048830103335943092 0.0010670838532226509 0.037921893338747875 -0.0073279326911982155 0.0010533337310964538 0.057222953902948216 -0.03341333098259585 -0.00080500231912711577 -0.051098603453113282 0.027856437628028047 0.010396177076115377 -0.0091180793728125008 0.021249397073263673 0.020509222866131119 0.0047541451123090262 -0.010536511571260048 -0.009997125714963459
leaf_weight=84.185169979929924 1808.9034326672554 47.488267853856087 469.35313265025616 159.24253419041634 1126.9355916231871 59.814276158809662 1292.9246602356434 116.79142113029957 525.48283404111862 625.89951314032078 116.32644067704678 699.22886241972446 60.90680256485939 92.307426229119301 59.036526396870613 959.63992491364479 214.29005791246891 32.686875954270363 77.805512279272079 50.31268909573555 226.08737669885159 35.214694634079933 38.79791846871376 2295.2644687592983 67.34020160138607 49.925368785858154 84.033767282962799 202.20614767074585 69.604029268026352 144.03750059008598 98.710512101650238 99.995842486619949 36.640134945511818 35.837345406413078 40.474492862820625 111.69923560321331 42.21650193631649 49.219686299562454 36.611482724547386 35.087858811020851 931.97612743079662 61.312653794884682 53.65400156378746 545.55379351973534 151.41258357465267 60.314208120107651 218.36259098351002 60.666930586099625 31.700744017958641 178.03780542314053 54.410753071308136 39.195072874426842 53.931639343500137 72.736335054039955 237.92696814239025 578.60567440092564 3421.6672152876854 77.740581035614014 230.82336385548115 179.56930032372475 435.4074277728796 153.8987995237112
leaf_count=164 8822 79 2225 701 2181 97 1915 244 865 1055 171 1242 91 177 107 1545 411 81 144 73 403 58 62 3519 112 76 129 306 105 198 158 159 55 54 66 170 68 75 70 68 1616 113 94 948 246 94 350 95 62 329 93 100 101 137 455 1027 16365 119 379 293 731 254
internal_value=-0.0002157 0.00346293 -0.00928685 -0.00653085 0.00624265 0.00829514 0.0151478 0.000926617 0.00621627 -0.00104311 0.0205653 -0.00250948 0.00457664 -0.000759579 0.0138961 -0.0020289 -0.00686991 -0.015744 0.00381187 0.0322274 0.00660353 0.00441281 0.00668022 0.00732647 0.0165436 -0.00357672 0.00677649 0.0129028 0.00203074 0.0193084 0.0142477 -0.0128167 -0.0194708 -0.0137597 0.00129204 -0.030709 -0.0101369 0.0058275 -0.00472647 -0.00380714 -0.0067672 0.00488948 0.00168299 0.00445265 0.00893209 0.0167476 0.00981056 0.0054561 0.00649704 0.0046416 0.0335907 0.00982155 -0.0118528 -0.0298982 0.0132344 0.00755919 -0.00756754 -0.00758695 -0.00876046 -0.0139625 -0.00169552 0.00829865
internal_weight=20307.5 14448.3 5859.17 4050.26 8936.31 6446.04 2265.9 2490.27 856.645 5511.99 1409.25 4886.09 4180.15 4186.86 332.612 3854.25 331.162 246.977 4068.93 111.219 273.576 3991.12 3109.45 3070.66 775.392 881.667 415.658 355.844 271.81 740.178 596.14 466.009 366.013 316.087 167.748 148.339 131.911 91.4362 2833.94 2741.64 2046.03 695.608 634.296 599.208 497.43 346.017 285.703 1020.31 1363.34 1277.22 86.1115 972.519 304.706 126.668 855.728 617.801 3891.02 2009.42 1931.68 1111.55 820.13 384.722
internal_count=52302 24189 28113 19291 14801 10072 3607 4729 1521 9388 2086 8333 6465 7091 589 6502 656 492 6301 164 482 6157 4797 4735 1216 1360 637 540 411 1158 960 723 564 488 263 225 209 143 4862 4685 3462 1223 1110 1042 802 556 462 1640 2548 2393 155 1826 567 238 1582 1127 18590 3392 3273 1909 1364 633
is_linear=0
shrinkage=0.05


Tree=29
num_leaves=63
num_cat=0
split_feature=1 100 321 215 314 248 263 300 252 224 1 160 122 269 228 206 143 267 27 126 63 235 256 321 106 275 90 187 271 230 166 24 252 157 104 270 262 173 103 298 291 16 216 163 106 221 192 204 213 159 279 158 258 190 232 146 297 124 325 297 5 118
split_gain=245.526 67.8838 45.866 40.178 39.023 38.3083 38.4028 34.7577 34.5489 34.0619 44.2232 37.3792 41.4779 37.0929 35.1067 33.93 33.3187 41.286 38.1352 35.3344 35.9665 32.4218 31.3748 31.2936 30.9881 32.0294 38.8232 36.0654 32.4321 32.9743 31.0972 40.734 36.8113 42.6943 54.0624 44.5317 30.2961 39.6603 30.0153 29.1013 29.0832 28.5469 42.564 28.3543 32.6089 33.2187 30.4684 28.2056 40.3198 27.8932 27.8845 27.7718 45.55 33.7726 39.4151 30.2136 28.827 32.3409 34.475 27.6622 27.6314 31.2679
threshold=4.5000000000000009 0.23606811145510839 0.101694915253842 8.6985000000000046 0.092712431156121392 3.1291666666666669 90.349013062321504 0.13970846484240004 79.500000000000014 0.52777750000000012 1.5000000000000002 0.20535714285700002 0.62903439153416685 0.22501897376633337 0.01574900793650794 0.64291666666666691 0.73265931372527515 0.35113536155166675 0.26850000000000007 0.21118326118316669 0.052777777777777785 0.23042886317222602 0.13643082064083337 0.10309278350473815 4.5913729128014849 0.066677631578833343 0.24680000000000005 4.7683333333333335 0.1464157953836667 17.393877551020413 0.11460459183659526 19.583333333333339 94.500000000000014 0.10294117647036767 0.022474747474747477 0.098940220538833348 0.074537037037000015 0.11163032191068641 0.5300120048019209 0.16904828105772776 0.17792654055290005 4.5000000000000009 1.2110000000000007 87.155726190476202 3.6092258748674451 1.3169642857142858 0.62166666666666692 0.90000000000000013 22.211111111111112 0.69688710798965015 0.14912297470940009 0.17842532467520003 0.19766573295950005 0.83333333333333337 7.416666666666667 0.066666666666633359 0.14714982811290009 0.17105779153750003 90.01611111111113 0.092934366752200029 1.0000000180025095e-35 0.24451659451650004
decision_type=2 8 10 8 10 10 10 10 10 8 2 8 10 10 8 10 8 8 10 10 8 10 10 10 10 10 10 10 10 10 8 10 10 8 10 10 8 8 10 8 10 2 10 10 8 8 8 10 8 8 10 10 10 10 8 8 8 8 10 8 2 10
left_child=1 2 9 -2 -4 7 8 16 -7 10 24 12 -12 14 21 -8 17 18 -3 20 -18 -11 49 36 25 26 -1 -27 -28 -30 32 -32 33 35 -35 -29 37 -21 -9 -10 41 43 -43 44 -22 -46 -47 48 -16 -13 -19 53 -53 -6 56 -56 57 58 -55 -48 61 -54
right_child=3 5 4 -5 51 6 15 38 39 13 11 22 -14 -15 47 -17 19 50 -20 23 40 -23 -24 -25 -26 27 28 30 29 -31 31 -33 -34 34 -36 -37 -38 -39 -40 -41 -42 42 -44 -45 45 46 59 -49 -50 -51 -52 52 60 54 55 -57 -58 -59 -60 -61 -62 -63
leaf_value=0.045657677199363443 -0.014055344854453042 -0.017810403984558892 0.018211441346693526 -0.0055415414338880259 -0.0069357450491234034 -0.0057467429242964007 0.040314311052829871 -0.023403831337005541 0.01275564162934726 0.004105735841730824 0.055214785372064437 0.022314845944835651 -0.0072395982678350075 -0.014752050469034923 -0.037220858363098706 0.015405982179672206 0.04188562142781041 0.031440718490990921 0.0092531145661234934 -0.031298988214875756 0.03403823548242163 0.02986970309058375 -0.0014967404775647517 0.0075504960808767778 0.047545685977150608 0.020962175553233812 0.016488760913098973 -0.015307002607535756 0.0047439230830720047 -0.061195969677567609 -0.026668449639328181 0.025264955405642966 -0.021871768758476628 -0.013479887695193217 0.047428622207634601 0.01926269940042187 -0.034074798736918238 0.029278307086750544 0.029049755184119265 -0.015981972940346131 -0.032183870440931781 -0.0088961625904446506 0.037466078795025219 -0.038565256758071521 0.044497457357765287 -0.021771724122114769 -0.017175040964663605 0.011210974976981166 -0.001153813633681246 -0.025498279535943569 -0.00754077011233013 -0.044113248073087058 0.017337535271833709 -0.016001557163225294 0.06015684486159243 0.0066540337084971622 0.011361038292154733 -0.031633607885924439 0.04027508765861345 0.012068537147188753 -0.0035781042955577757 0.0025564471644769007
leaf_weight=66.998606771230698 2272.5105227530003 148.93436071276665 440.60748967528343 3562.9068555235863 1182.5261994153261 375.36194609105587 174.62016531825066 184.36779840290546 1510.520899772644 257.71257276833057 35.965051278471947 31.098213657736778 93.68008591234684 265.79471689462662 90.978954404592514 637.865921407938 59.972924470901489 293.24977576732635 984.32378904521465 52.121314644813538 70.943560302257538 232.60449433326721 214.92211572825909 132.00491555035114 30.608161374926567 112.9004577845335 140.6817272156477 304.86079528927803 43.220460548996925 32.419583573937416 321.238470479846 41.872700721025467 192.48553435504436 56.179037645459175 100.21842189133167 132.91442340612411 182.15897811949253 53.983659848570824 31.022517636418343 92.563383042812347 56.558170080184937 77.369666293263435 134.15298989415169 44.472590625286102 35.67317570745945 176.12060828506947 114.47759971022606 343.09110195934772 494.43360444903374 673.09080095589161 53.709742188453674 42.127066895365715 843.26247443258762 66.548792406916618 55.477315723896027 50.483043476939201 317.81360886991024 107.34974478185177 44.554807841777802 268.51146677136421 411.60653740167618 623.14975826442242
leaf_count=103 11137 281 729 16976 2031 767 294 332 2358 390 78 63 206 432 155 1062 109 479 1644 90 112 343 456 229 48 187 230 513 73 54 501 61 285 94 155 209 305 92 59 141 110 126 213 72 76 297 184 523 793 1363 87 77 1381 108 82 82 507 173 74 454 639 1018
internal_value=-0.000205121 0.00329226 0.000423661 -0.0088598 0.00415175 0.00738987 0.0116567 0.00361033 0.00788717 -0.00319574 -0.00675586 -0.0147077 0.0103377 0.00235021 0.00556572 0.0208084 0.00503416 0.0103164 0.00567941 -0.000326594 0.00462159 0.0163742 -0.0182533 -0.0125446 -0.00145714 -0.00246066 0.0126985 -0.00587342 0.00230437 -0.0238826 -0.00852879 -0.020613 -0.00292544 0.00323036 0.0255715 -0.0047798 -0.0217584 -0.00044643 -0.0157265 0.0110843 0.00229159 0.00444506 0.0205223 -0.000358425 0.00224043 -0.00159468 -0.00461864 -0.000148011 -0.00682143 -0.023351 0.0253876 0.0024918 0.00668831 -0.00192259 0.00729674 0.0350136 0.00175592 -0.0121833 0.00667987 0.00329248 0.0078534 0.0110658
internal_weight=20276 14440.5 8495.48 5835.42 4185.51 5945.06 2790.93 3154.13 1978.45 4309.97 2625.35 1048.76 129.645 1684.62 1418.82 812.486 2938.74 1480.22 1133.26 1458.52 1038.25 490.317 919.111 420.269 1576.6 1545.99 283.32 1262.67 216.322 75.64 1149.77 363.111 786.658 594.173 156.397 437.775 288.264 106.105 215.39 1603.08 978.28 921.722 211.523 710.199 665.726 594.783 559.11 928.504 585.413 704.189 346.96 3744.9 1920.15 1824.75 642.227 105.96 536.267 218.453 111.104 382.989 1878.02 1466.41
internal_count=52302 24189 14216 28113 6901 9973 4622 5351 3266 7315 4679 2166 284 2636 2204 1356 4960 2491 1925 2469 1753 733 1882 716 2513 2465 460 2005 357 127 1818 562 1256 971 249 722 487 182 391 2499 1644 1534 339 1195 1123 1011 935 1471 948 1426 566 6172 3115 3057 1026 164 862 355 182 638 3038 2399
is_linear=0
shrinkage=0.05


Tree=30
num_leaves=63
num_cat=0
split_feature=211 168 91 16 164 299 31 324 153 288 136 42 185 213 230 132 92 326 238 245 121 266 123 90 178 143 236 194 100 9 144 227 198 290 131 269 216 270 150 33 150 40 261 312 73 88 228 30 177 254 213 90 254 207 292 100 101 126 99 261 302 102
split_gain=217.267 68.5703 46.4602 46.1223 46.8043 43.2374 40.8348 32.3662 37.229 33.2427 37.799 32.3318 31.5857 34.1221 31.0429 30.4118 29.9346 28.7567 33.6096 32.2271 32.4572 31.7434 42.1403 31.1035 29.6541 29.2045 28.5575 28.0757 36.3578 34.0078 32.0618 27.9878 30.0635 28.6619 28.5541 27.5835 27.3175 27.0915 26.5952 26.439 33.4015 30.2063 29.5478 36.9994 26.1864 26.0088 33.5263 29.9055 37.1593 29.855 29.5284 28.4348 35.6333 26.2698 26.1122 31.8288 26.0071 31.1116 27.7351 26.3844 25.6969 25.3152
threshold=3.4722222222222228 0.83868897326659375 0.25690476190476202 2.5000000000000004 0.29976524674603183 0.062969576719438911 0.32817460317460323 0.46998799519800005 0.19615841244818641 0.088888888888599971 0.91241866311722852 0.45804195804195807 21.583333333333339 21.707142857142859 14.575187969924812 67.308440170940187 0.19916666666666671 1997.7841880341882 14.081939799331106 0.69721540250678393 0.055555555555416671 0.25301012571366671 0.54428341384816681 0.27485000000000009 0.35383204166666671 0.65106005105970011 0.057259953161592513 0.8333330000000001 0.054804804804804812 0.11437908496732027 0.42147408147390003 0.31929669030732866 5.3999999999999995 0.26764587891470004 0.3898111139595104 0.34088465298133336 1.2600000000000009 0.092638009574666683 0.34259259259233338 0.2861111111111112 0.075045787545666695 0.17914438502673799 0.16826923076900005 0.10231808791647511 0.36602870813397131 0.38405000000000006 0.027973395931142415 0.17650000000000002 76.369047619047635 0.14478245944050003 24.387500000000003 0.27205000000000018 0.16241582326200002 1.9516666666666669 0.49134481014130021 0.28416149068322988 0.12632978723404256 0.030776515151500001 0.38750000000000007 0.16666666666658336 0.23611111111048616 0.1731634182908546
decision_type=8 8 10 2 10 8 10 10 8 8 10 8 10 10 8 8 10 8 8 10 10 10 10 10 10 10 10 10 8 8 10 10 10 10 10 10 10 10 10 10 8 10 10 10 8 10 8 10 8 10 10 10 10 10 10 10 10 10 10 8 8 10
left_child=2 3 15 4 11 -5 12 8 9 10 -3 38 56 -14 -11 -1 31 21 37 20 24 22 25 -23 -20 -7 60 28 -10 -30 35 32 34 -33 -15 -31 -24 -19 61 40 42 -41 43 -34 -9 47 51 48 -22 -49 -48 -47 -53 -50 55 -55 58 -58 -6 -59 -8 -2
right_child=1 7 -4 5 6 17 26 44 27 14 -12 -13 13 16 -16 -17 -18 18 19 -21 45 23 36 -25 -26 -27 -28 -29 29 30 -32 33 39 -35 -36 -37 -38 -39 -40 41 -42 -43 -44 -45 -46 46 50 49 53 -51 -52 52 -54 54 -56 -57 57 59 -60 -61 -62 -63
leaf_value=-0.018075734798756172 0.00042758522627828048 0.048839663652059211 -0.0010962287072903106 -0.016486786579337435 -0.022383167172814203 0.020207815874856313 -0.017036062545153444 0.004243390092225836 -0.041516277652386434 -0.036462884532347618 -0.0029818961062705643 0.039267834668326312 0.028932400543967826 -0.032406535556639825 0.0066050924371910446 -0.0075585334823797248 0.040129681989260604 0.0028673911282364427 -0.043712976885895351 0.036715504692841953 -0.018462280334713248 0.020483730950213538 -0.0049056627008251677 -0.011585219788414126 0.016970577982854351 -0.022744359815217236 -0.024943552147691186 -0.00078464669038462009 -0.024690131052953396 -0.0035506745392591245 -0.040223126883190755 -0.0055548757078380771 0.026933928878660248 0.047834884035793369 0.0031526729318727639 0.035518032960592714 0.043162909587439825 -0.037041498143581868 0.026348089444548462 0.0042720984649609398 0.022511191712839853 -0.030324285908041943 0.02013503256255654 -0.035417914236709168 0.059911198496773115 0.024528567440307947 0.00669384984923619 -0.0018037483905683925 0.066479250171998489 0.022906909989449484 0.023471004586923722 0.0081701998390720787 0.054460189213271795 -0.031906233864675247 0.053644535003095732 0.031887440238995583 0.052634140478350758 0.016917623008446212 0.0279149601563446 -0.036422097056503212 0.02887990742725239 -0.012670788659460442
leaf_weight=829.17106442153454 640.24427074193954 89.718502223491669 2622.9995550066233 163.49600619077682 256.5910022854805 44.815370574593544 32.676015630364418 51.801596388220787 94.247029945254326 48.068996474146843 57.022076100111008 39.838132381439209 156.67753808200359 123.48865231871605 282.94823178648949 4050.4059911668301 53.888306900858879 139.46369551122189 50.094858884811401 124.34071244299412 42.540181890130043 271.14907731115818 62.247545674443245 103.73198440670967 32.365699231624603 293.03581856191158 30.379203826189041 1144.1537121534348 260.92669266462326 652.12703461945057 54.840035647153854 40.946983262896538 31.170793980360031 62.719065606594086 102.57365487515926 47.529877379536629 54.693581327795982 59.978108063340187 60.819518133997917 178.32212650775909 282.62087699770927 96.307140693068504 75.723430022597313 91.042111903429031 35.121862232685089 954.89955423772335 1700.2134672254324 870.95006458461285 43.584364503622055 141.13107997179031 309.95875662565231 647.39355345070362 43.54814787209034 33.910618141293526 39.119238913059235 43.415713295340538 31.142170801758766 57.489454865455627 29.73000630736351 37.38430880010128 339.49356742203236 866.82266440987587
leaf_count=3658 1127 152 10465 268 486 71 58 90 186 80 102 69 250 196 494 17197 81 221 84 192 73 435 100 154 53 457 54 1815 438 1238 103 66 47 94 161 79 85 92 105 264 412 148 115 142 59 1487 2802 1482 83 234 448 987 74 59 66 73 58 93 52 68 558 1460
internal_value=0.000290301 0.00424872 -0.0064656 0.00619225 0.00177765 0.00880856 0.0066737 -0.00263669 -0.00359818 0.00906294 0.0287845 -0.00464614 0.00328801 0.00712563 0.000244888 -0.00935005 0.0040983 0.00948921 0.0108496 0.0116411 0.0110034 0.000828344 -0.008037 0.0115895 -0.0199169 -0.0169893 0.0209814 -0.00628708 -0.0119502 -0.00916293 -0.00376099 0.00226869 -0.00034755 0.0268471 -0.016307 -0.000842575 0.0177091 -0.00923438 -0.00578945 0.0044385 0.0115065 -0.00790804 -0.00421554 -0.0193848 0.0272187 0.0115319 0.0136386 0.00518052 0.0226688 0.00165634 0.00929368 0.0189335 0.0111694 0.0336804 0.0209 0.00379741 -0.00874501 0.010103 -0.0170641 -0.00420902 0.0248003 -0.00710632
internal_weight=20309.3 12806.7 7502.58 9988.17 3718.09 6270.08 2110.37 2818.51 2731.58 477.758 146.741 1607.72 1707.82 1295.48 331.017 4879.58 1138.8 6106.58 5276.91 5077.47 4953.13 829.673 454.792 374.881 82.4606 337.851 402.549 2253.82 1109.67 1015.42 754.497 1084.91 981.249 103.666 226.062 699.657 116.941 199.442 1567.89 755.186 480.557 274.629 197.936 122.213 86.9235 4870.66 3656.01 1214.65 202.57 1012.08 2010.17 1645.84 690.942 160.03 116.446 77.3263 412.337 126.016 286.321 94.8738 372.17 1507.07
internal_count=52400 21080 31320 16244 6164 10080 3403 4836 4687 828 254 2761 2733 1976 574 20855 1726 9812 8510 8197 8005 1302 713 589 137 528 670 3859 2044 1858 1420 1645 1485 160 357 1317 185 313 2692 1128 716 412 304 189 149 7868 5798 2070 354 1716 3250 2548 1061 281 198 132 757 219 538 161 616 2587
is_linear=0
shrinkage=0.05


Tree=31
num_leaves=63
num_cat=0
split_feature=211 168 8 100 16 164 299 118 106 321 321 15 198 74 169 285 252 291 308 178 324 239 121 64 116 64 319 298 306 42 115 92 86 10 172 237 329 257 199 106 140 186 206 230 230 164 247 262 60 212 147 298 122 60 321 281 260 301 319 269 166 8
split_gain=196.513 61.9624 44.561 44.1017 41.6268 42.2684 39.0761 37.2217 37.4457 32.4935 32.179 30.8165 29.897 29.5603 41.161 31.0029 36.8308 31.6692 41.0668 33.322 29.7551 29.4871 29.4627 29.3922 30.9447 43.7413 35.5607 30.9352 30.0224 29.2505 28.7518 28.4469 28.4351 27.8205 31.489 30.2624 31.069 28.9254 29.9533 29.497 31.2064 27.7277 27.7035 29.1671 28.3607 27.683 27.55 39.488 29.0436 27.3416 27.2171 27.074 26.9679 39.9218 30.6269 27.8827 27.5262 28.7729 26.6571 26.1325 26.0207 29.1583
threshold=3.4722222222222228 0.83868897326659375 0.37980769230769235 0.18677325581395351 2.5000000000000004 0.29976524674603183 0.062969576719438911 0.35736531986500003 4.5783625730994162 0.1024030763574381 0.099330273720416654 5.5000000000000009 4.8099999999999996 0.088932806324110686 0.27549154879073989 0.15129380920975002 78.500000000000014 0.087037037036999984 0.079185520361624448 0.3422573000000001 0.28867521367450005 4.6818367346938787 0.4194865319863334 0.21095238095238097 0.76950000000000018 0.48000000000000009 0.18500064407210948 0.10000933706810006 0.093023255813686076 0.45804195804195807 1.0000000180025095e-35 0.045648148148148153 16.183333333333337 0.11805555555555557 0.13868613138666061 0.65279221529221543 1.0000000180025095e-35 0.50232414644150014 21.100000000000005 4.0229915433403809 0.088235294117419136 93.833333333333357 0.63600000000000034 14.883484162895931 16.326252236135961 0.32828303374176554 8.2554877085855676 0.11433239962633333 0.27870000000000011 5.2600000000000025 85.992445887445911 0.086867124936400003 0.79369149369100012 0.28710000000000008 0.097076420696963026 0.28437723035360013 0.18347763347750004 0.10034023446048242 0.19827336355787331 0.19444444444416667 0.27790404040389588 0.37980769230769235
decision_type=8 8 8 10 2 10 8 10 10 8 10 10 8 10 8 8 10 10 10 10 8 8 10 10 10 8 10 10 10 10 10 10 10 10 10 10 2 10 10 10 8 8 8 8 10 8 10 10 8 10 10 10 10 10 10 10 10 10 10 10 8 10
left_child=2 4 21 45 5 29 -6 8 22 10 52 -11 -9 15 20 17 -17 -3 19 -19 -15 -1 33 46 25 27 28 -25 41 60 -10 -24 -22 35 42 37 51 38 39 50 -41 -26 -35 -44 -45 -4 -18 -48 -49 -46 -7 -37 -8 54 55 -54 57 -57 -13 -14 61 -2
right_child=1 13 3 -5 6 7 9 12 30 11 -12 58 59 14 -16 16 23 18 -20 -21 32 -23 31 24 26 -27 -28 -29 -30 -31 -32 -33 -34 34 -36 36 -38 -39 -40 40 -42 -43 43 44 49 -47 47 48 -50 -51 -52 -53 53 -55 -56 56 -58 -59 -60 -61 -62 -63
leaf_value=-0.0300995832273524 -0.0092998585813639251 -0.041463494656563571 -0.016580496080359143 -0.0004751779107160859 -0.015694654818772399 -0.01013802385112548 0.0091484963939545069 -0.0080976175239142242 0.0093929326696677758 0.015893621371384239 -0.011849195603586105 0.0079407211286579744 0.044955598988677743 0.0070906384986652044 -0.0057742913507326608 -0.014592850355942467 -0.0042820919872498453 0 -0.010980265285649857 0.063713560762752405 0.02203017976212162 -0.010428240800351497 -0.042214441704570782 -0.024085242962921121 0.015687431572469508 0.023086523337912081 -0.031137721611726923 0.0073891914036969836 0.026934797403434921 0.03837758091772972 0.070794458751708242 -0.0029664991187505585 0.087815941019341121 0.021518936913672747 -0.043767621745706482 0.011843709401028982 0.0050288786392615548 -0.028618354921479496 0.011547330865986501 0.054411249580775728 -0.017349129455731003 -0.040135019707706623 0.018628428825674496 -0.042683441660094287 -0.033842969905443811 -0.0045779326423105535 0.069842976808206045 0.004733131960681528 0.055645470817728818 0.025614043838940167 -0.064062963934416559 0.044756983024668427 0.015132797209550568 -0.030623072128378361 0.050793730571637455 -0.0047864063939022164 0.017332250815944181 -0.053235397123637479 -0.0202810627848099 0.0053714228422576324 0.019399555441448182 0.015744395077963862
leaf_weight=213.04166984558105 1345.3111187666655 75.218661829829216 855.93433386087418 3520.7149294018745 163.21816799044609 66.144698932766914 2120.5752427577972 55.443027302622795 42.01911498606205 2161.4215144813061 253.93115715682507 1019.2266172766685 139.94983501732349 55.908397808670998 130.73507343232632 305.78604900836945 90.027474194765091 52.42290024459362 970.26335544884205 32.819828137755394 32.799556195735931 1793.622142419219 64.910337164998055 281.55478143692017 53.467106148600578 90.035463735461235 42.389426320791245 107.03405228257179 223.69311693310738 37.954342767596245 34.798736557364464 155.77149197459221 34.368766635656357 91.779931992292404 50.042994394898415 114.84049364924431 243.02918317914009 69.503523349761963 468.62375530600548 26.097429633140564 33.423428103327751 36.583903357386589 58.991483211517334 81.250892385840416 33.361993253231049 1099.3672805428505 44.730624988675117 119.93740674853325 35.747036725282669 43.211215868592262 35.86356583237648 139.96866138279438 148.8190546631813 108.11783045530319 30.792045220732689 68.123344346880913 48.354716271162033 55.410592198371887 90.111416578292847 60.060575053095818 97.498477891087532 126.16307166218758
leaf_count=936 2316 138 3789 14076 268 128 3370 103 69 3308 397 1823 221 92 220 701 159 94 1606 57 53 7825 112 474 85 143 63 174 339 65 55 245 51 145 81 187 376 110 740 53 68 56 88 122 51 4694 77 201 53 62 70 220 245 170 49 111 76 90 173 97 173 207
internal_value=0.000276544 0.0040397 -0.00615961 -0.00382129 0.00588712 0.00169174 0.00837287 0.0063461 0.00387052 0.00901962 0.0050952 0.012416 0.0242048 -0.00250941 0.0137293 -0.004125 0.000761963 -0.0103093 -0.0080473 0.025019 0.0343664 -0.0125331 0.00237931 0.0049485 0.000169439 -0.00812182 0.011318 -0.0154063 0.0171507 -0.00441413 0.0378246 -0.0146716 0.0565593 0.00480845 -0.00738573 0.00846779 0.0178786 0.00174849 0.0051458 -0.0133522 0.0144114 -0.00712767 -0.00134744 -0.0111043 -0.0222966 -0.00984041 0.0186191 0.0289014 0.0167357 -0.000328514 -0.0295831 0.0300471 0.00676867 -0.00419647 0.00398172 -0.000641212 -0.0143356 -0.0268111 0.00562756 0.0331797 -0.00547626 -0.00713995
internal_weight=20282.3 12799.6 7482.68 5476.02 9984.12 3716.01 6268.1 2109.09 1853.63 6104.88 2834.12 3270.76 255.453 2815.52 253.812 2561.71 1430.99 1130.72 1055.51 85.2427 123.077 2006.66 1776.82 1125.2 834.758 478.624 356.134 388.589 313.744 1606.93 76.8179 220.682 67.1683 1556.13 358.639 1197.49 497.838 699.656 630.153 161.529 59.5209 90.051 308.596 216.816 157.824 1955.3 290.443 200.415 155.684 76.5732 102.008 254.809 2580.19 459.618 351.5 320.708 171.889 123.534 1109.34 200.01 1568.97 1471.47
internal_count=52400 21080 31320 22559 16244 6164 10080 3403 2982 9812 4508 5304 421 4836 416 4420 2525 1895 1757 151 196 8761 2858 1824 1334 791 543 648 480 2761 124 357 104 2501 549 1952 783 1169 1059 319 121 141 468 323 235 8483 490 331 254 113 198 407 4111 741 571 522 277 201 1996 318 2696 2523
is_linear=0
shrinkage=0.05


Tree=32
num_leaves=63
num_cat=0
split_feature=1 168 183 247 296 318 0 161 48 272 300 43 30 234 177 169 225 316 166 122 46 325 256 208 140 286 325 92 174 75 24 217 326 133 325 297 50 24 137 158 108 106 90 19 261 271 166 272 153 56 199 312 251 132 56 324 297 285 120 269 257 257
split_gain=170.926 51.8677 40.162 41.2119 36.461 36.1501 31.7814 28.8496 28.5229 28.0941 27.4039 27.1641 39.4327 28.6768 28.9497 28.5187 27.9539 28.0793 29.0563 26.9717 27.5549 35.9317 36.3502 27.535 30.2947 33.6586 40.8732 34.9361 29.0623 28.1946 27.2314 31.4407 25.6643 25.0589 28.2239 24.9315 33.6735 28.6642 27.8909 26.5983 24.9248 47.1653 37.0641 31.2507 40.8393 30.3038 29.6939 31.1683 28.7382 30.0265 37.7312 28.6532 29.356 28.3471 26.9056 26.8615 39.9444 34.9252 36.9744 41.7325 34.1949 43.2475
threshold=4.5000000000000009 0.83578842356813865 4.416666666666667 6.1954194792671169 2399.8023566202896 0.21252473774109795 10.500000000000002 0.28985464160775004 0.68777083333333333 0.015408298597833334 0.087755102040642893 0.68990384615384626 0.22716666666666668 0.054158809972763469 92.570833333333368 0.30697281260837794 0.10072463768115944 0.26956521739095957 0.26042441354919449 0.68654401154366684 4.8944444444444457 87.893853695324324 0.11271993810783335 0.7083330000000001 0.10741758241732859 0.058836007130000006 88.583484848484858 0.081574074074074091 0.18898809523800003 0.31698564593301443 13.583333333333334 1.2928571428571431 2181.2817460317465 0.37622655122633342 83.010761904761921 0.14805442006659444 0.55000000000000016 14.833333333333334 0.29989752311163403 0.11942460317446112 0.39797573099415212 4.1883445945945956 0.23305000000000001 4.5833333333333348 0.21611952861933334 0.053458372902666675 0.28571428571407148 0.35078964948666669 0.48349673915123081 11.900000000000002 22.633333333333336 0.12070068876873184 22.500000000000004 72.567914122914132 14.550000000000002 0.15047169811300001 0.22619047619030958 0.19007006858200001 0.48450239704050002 0.11053192255700002 0.47565935199550002 0.49805080652900008
decision_type=2 8 8 8 8 8 2 10 10 10 8 10 10 10 10 10 10 10 10 10 10 8 10 8 8 8 10 10 10 10 10 10 8 8 8 8 10 10 10 10 10 10 10 10 8 10 10 10 10 10 8 10 8 8 10 8 10 10 10 10 10 10
left_child=1 2 10 -4 9 -5 8 -6 19 -2 -1 15 -13 -14 -15 32 -17 -18 -19 20 -3 -22 -23 30 25 26 29 35 -26 -25 -21 -32 -12 34 -7 36 37 -27 39 -37 41 43 -42 51 45 -45 47 48 49 50 -44 52 -36 -49 -48 -51 57 58 59 -57 -60 -62
right_child=4 6 3 5 7 33 -8 -9 -10 -11 11 12 13 14 -16 16 17 18 -20 23 21 22 -24 24 28 27 -28 -29 -30 -31 31 -33 -34 -35 40 38 -38 -39 -40 -41 42 -43 46 44 -46 -47 54 53 -50 55 -52 -53 -54 -55 -56 56 -58 -59 60 -61 61 -63
leaf_value=-0.0031847583929088645 -0.011463431638826299 0.00015324882860487927 0.048155804817447204 -0.036060743450062195 -0.0057960584470068757 -0.038866780772759443 -0.03538764188938285 0.0072480885770849603 0.043980591091329103 0.00079313772529840539 -0.00043004610901990899 0.059176834918463261 0.040818997671457385 0.010795308670735566 -0.038354719932738784 0.04374170370533953 -0.01333146642631966 0.00053514813257452183 0.049821893369237778 -0.033653241953151135 -0.016080691385872245 0.0016691527192563933 0.072241134197273557 -0.01861198995559436 -0.04706130256096977 -0.011970797261269631 0.057357796147256668 -0.018407158896102383 -0.0027826236026044361 0.039881469482458666 -0.030043906336003456 0.0044935681955647015 0.016396861218767291 -0.026258698350715277 -0.025067853828508454 -0.021270848086981781 -0.039201895987487446 0.045284532058420764 0.048895506165290967 0.02774981169187073 0.021692385100028192 0.016172586970957629 -0.0015935395304341158 0.01834995287692312 -0.059040671310091643 -0.024500803645766196 0.0048271168029398754 -0.059903841351891307 -0.014456401508863898 0.035262987162104471 0.03784119054914975 0.0061209727317809845 0.001069971220245386 0.0058697294545964722 0.060216173935386565 0.018658839064316826 -0.017595504673977552 0.02222904468221085 -0.008827684376182211 0.00039984627067662649 0.022650111432721116 -0.0026178248571367625
leaf_weight=2062.1246693879366 3361.9844006448984 1824.9832921624184 59.702605873346329 47.944385439157486 1218.9052213728428 31.893286049365997 70.159675046801567 648.45421628654003 32.951719656586647 542.01190523803234 407.63861766457558 49.78825281560421 58.087478294968605 144.99893806874752 36.690474882721901 29.225936844944954 481.64040446281433 381.33945693075657 31.471280232071877 166.77782611548901 34.624717190861702 30.135565415024757 46.024241611361504 56.288289368152618 66.192501783370972 54.245354101061821 54.444625109434128 226.60297401249409 83.505071669816971 31.156344190239906 102.83192948997021 179.25489813089371 507.49960786104202 54.963469609618187 169.55829219520092 49.325968369841576 52.80261342227459 35.179524064064026 56.083337783813477 60.42186564207077 569.35866978764534 557.63196505606174 90.392204225063324 69.886649414896965 46.908315911889076 97.646049186587334 39.020828023552895 31.629269197583199 136.92825464904308 83.79171895980835 181.4517588019371 1166.1171355098486 289.07298673689365 32.320570439100266 50.23050445318222 833.97013184428215 159.3467570990324 377.21826541423798 596.81546945869923 501.51399412751198 279.87978872656822 425.24721185863018
leaf_count=3709 16460 3147 88 82 6012 50 135 2988 55 2634 734 87 106 248 64 68 861 763 58 339 57 54 76 89 107 93 90 354 133 49 239 307 947 94 298 82 86 55 91 97 894 909 151 103 70 144 64 51 208 124 289 1942 482 49 74 1231 242 570 918 755 408 636
internal_value=0.000262801 0.00316221 0.0047919 0.00711461 -0.00701256 0.00675294 -0.00232949 -0.00126225 -0.00160226 -0.00976074 0.000920816 0.00490056 0.0191106 0.0105591 0.000686936 0.00265096 -0.00354154 -0.00513921 0.004416 -0.00208516 0.00163211 0.0257297 0.0447649 -0.00772917 -0.00229979 0.0022062 0.0237693 -0.00354059 -0.0225771 0.00238786 -0.0176849 -0.00814071 0.00890375 0.00705754 0.00733067 0.00740301 -0.00790437 0.0107497 0.0205303 0.00567929 0.00755422 0.00344837 0.00979392 -0.000413516 -0.0183098 -0.00659303 0.00801386 0.00732437 0.0079317 0.00880549 0.0247524 0.00195524 -0.00861595 -0.027006 0.0363772 0.00746608 0.00671981 0.00801213 0.0059692 0.0118112 -2.39522e-05 0.00742234
internal_weight=20256.3 14484.9 11170.9 6980.44 5771.36 6920.74 3313.99 1867.36 3243.83 3904 4190.51 2128.38 289.565 239.777 181.689 1838.82 923.677 894.451 412.811 3210.88 1935.77 110.785 76.1598 1275.11 826.248 676.551 141.889 534.662 149.698 87.4446 448.865 282.087 915.138 6872.79 6817.83 308.059 142.227 89.4249 165.831 109.748 6785.94 2396.82 4389.12 1839.19 214.441 167.533 3819.76 3730.51 3666.56 3529.63 271.844 1624.75 458.631 63.9498 89.2513 3257.78 3173.99 3014.64 2637.43 1335.48 1301.94 705.127
internal_count=52400 24306 18571 10926 28094 10838 5735 9000 5600 19094 7645 3936 505 418 312 3431 1750 1682 821 5545 3334 187 130 2211 1326 1086 228 858 240 138 885 546 1681 10756 10662 504 234 148 270 179 10612 3948 6664 3039 317 247 5770 5632 5532 5324 440 2722 780 100 138 4884 4760 4518 3948 1986 1962 1044
is_linear=0
shrinkage=0.05


Tree=33
num_leaves=63
num_cat=0
split_feature=211 168 8 100 16 164 31 299 108 90 297 106 219 301 285 226 285 229 178 197 115 106 260 300 269 122 298 45 162 270 27 180 42 67 57 164 146 221 169 154 56 46 178 267 90 60 259 8 160 221 309 319 171 137 170 31 280 286 240 280 304 76
split_gain=162.055 51.2743 40.3589 39.2956 36.9058 38.0973 35.3903 35.2214 29.9462 38.3824 37.1705 34.3384 37.4077 30.4081 30.292 41.5427 43.6699 29.7546 28.3401 37.3017 28.2704 40.2855 33.5531 36.5851 30.2168 40.4833 32.4977 31.7012 30.2484 28.3751 27.8219 27.6654 32.12 28.1892 31.0008 40.7953 30.1088 29.2126 28.0571 27.396 27.2814 32.7215 30.1935 27.1548 27.0686 35.564 29.4781 29.3561 35.0966 34.2088 31.4033 28.8366 28.6643 34.7145 27.5283 27.1989 27.0591 33.2653 38.3904 32.3552 31.2763 29.1441
threshold=3.4722222222222228 0.83868897326659375 0.37980769230769235 0.18677325581395351 2.5000000000000004 0.29976524674603183 0.32817460317460323 0.070036694021850004 0.39797573099415212 0.22780000000000006 0.30170634920625011 4.1771241830065371 4.7888888888888896 0.12333333333287667 0.090000000000000038 0.054299754299754303 0.064999999999999947 0.6029687155761182 0.31151041666666673 4.4500000000000011 1.0000000180025095e-35 4.5568475452196386 0.116865079365 0.071298874147811123 0.21037773202366669 0.78018925518866677 0.13333333333330008 0.30384615384615393 0.18667548500874448 0.2092884375971667 0.25883333333333342 7.5000000000000009 0.45804195804195807 15.500000000000002 0.30390000000000006 0.20237215403013656 0.095238095237900014 5.3112500000000011 0.18502498607257931 0.29280610987896227 19.366666666666671 4.1483516483516496 0.26635941764705889 0.52955266955233338 0.18755000000000005 0.19990000000000005 0.4753770816268334 0.52272727272727282 0.21262085137075001 2.4842777777777783 0.25974025973996079 0.12631019356069759 0.025004736642633009 0.11428571428563335 0.262068965516907 0.051587301587301591 0.53428571428539995 0.064352963501800017 2.0801282051282057 0.44613134142509986 0.39193869010219323 3.2828571428571434
decision_type=8 8 8 10 2 10 10 8 10 10 10 10 8 10 8 10 10 8 10 8 10 10 10 8 8 10 10 10 10 10 10 10 10 10 10 10 10 10 10 10 10 10 10 10 8 8 10 8 8 10 10 10 8 8 10 8 10 8 10 10 10 8
left_child=2 4 43 -4 5 31 20 40 11 -10 -11 13 30 14 15 -9 -17 -8 19 -14 24 22 23 -22 26 -26 28 -28 29 -7 -13 32 33 37 -35 -36 -37 38 -2 -25 41 42 -6 -1 46 -46 -3 52 -49 50 51 55 -47 -54 -52 -50 57 -51 -59 -60 61 -61
right_child=1 44 3 -5 7 6 17 8 9 10 -12 12 18 -15 -16 16 -18 -19 -20 -21 21 -23 -24 39 25 -27 27 -29 -30 -31 -32 -33 -34 34 35 36 -38 -39 -40 -41 -42 -43 -44 -45 45 47 -48 48 49 56 54 -53 53 -55 -56 -57 -58 58 59 60 -62 -63
leaf_value=-0.0095681694779376769 0.030730270954252816 0.0037012865921614724 -0.0090960970432399924 -0.00023099753628757336 0.0089762613390418459 0.0025461577739704787 -0.026991142263130999 0.042922011721386148 0.025255720850559188 0.0098453293352182506 -0.034448774776573793 0.03790444638297244 0.052021556136507302 0.0097287404439010561 -0.011296683694247444 -0.019892368225972862 0.03410391991094374 0.023126831570323775 0.042617290614371181 -0.0027497282460105916 -0.050094325949231779 0.062583715247762531 0.021299553479745978 -0.004602409380020352 -0.024947119966038201 0.011711165513102084 0.059065988264783542 -0.0018580655103114176 -0.014733048908677599 0.039258972536383829 -0.011539239141396007 -0.024883528792852022 0.044610026628044835 0.011809471826719736 0.043616880030849271 0.013544053234199242 -0.016121114241308545 0.037151045955141702 -0.0201557137401993 0.038020763752692859 -0.049120424401807528 0.025304714817857968 -0.031896802678722726 -0.027749622564365056 0.038583538906559946 -0.037184187790671445 -0.043941738189230861 0.017129091376620335 -0.053314526485174318 -0.010578831679961397 -0.041353436585039149 0.04506067695968622 0.032580361398051642 -0.0089800770936837564 0.010981385004585635 -0.0012037605808825275 -0.026433405123463583 0.052561589722564618 -0.029721010709701953 -0.01799640707397045 0.056110343416684486 0.013233723172070022
leaf_weight=1758.3347779512405 28.07831959426403 54.801470875740051 1940.531964212656 3513.1832935810089 77.771711871027946 397.03798145055771 31.264620244503021 65.530019447207451 418.21298924088478 3633.6265709400177 46.985587313771248 33.728167861700058 40.917914867401123 462.6662902534008 686.82208022475243 122.08998855948448 52.800515666604042 370.1715734153986 135.11623457074165 119.37721553444862 35.866709992289543 35.451165497303009 256.15382643043995 203.01476122438908 249.76290011405945 106.72582225501537 47.869335383176804 37.539225667715073 230.74474602937698 59.77812072634697 156.17791292071342 148.63913130760193 34.593099474906921 409.08358524739742 37.111511334776878 106.93827134370804 411.07897140085697 25.675013154745102 404.43160302937031 45.226886332035065 36.494004473090172 70.54608465731144 105.18066078424454 232.49194180965424 54.002859771251678 82.077487796545029 77.513584822416306 308.25005854666233 28.363904729485512 233.35958723723888 127.40067714452744 27.299077853560448 52.576849862933159 803.44175437092781 30.611407190561295 171.90467977523804 69.542517080903053 51.006066486239433 51.638339206576347 88.068292930722237 35.423438027501106 461.62489111721516
leaf_count=7610 47 106 8483 14076 123 636 53 102 675 5715 79 59 66 766 1176 203 84 617 226 201 58 55 388 325 421 178 75 61 370 95 263 269 59 695 60 176 646 46 763 71 58 116 168 1151 102 141 148 537 68 389 222 48 81 1302 57 383 127 83 87 152 56 747
internal_value=0.000249824 0.00366483 -0.00561411 -0.00338737 0.00534502 0.00139243 0.00581437 0.00768604 0.0085128 0.0109074 0.00926932 0.00327296 0.0147089 -0.000724246 -0.00595022 0.00928612 -0.00346092 0.0191538 0.0258105 0.0114364 0.00266167 0.0116701 0.00821057 -0.00360632 -0.00193202 -0.0139563 0.00361791 0.0325189 -6.90223e-06 0.00743651 -0.00257908 -0.00440611 -0.00229798 -0.00347285 0.00137682 -0.00630959 -0.00997318 -0.0136703 -0.0167774 0.00326439 -0.00929927 -0.00337642 -0.0145404 -0.0117068 -0.00230066 -0.001203 -0.024292 -0.00203856 0.00190699 -0.00150878 -0.0141269 -0.0021809 -0.0091232 -0.00638655 -0.031178 -0.00883724 0.0034066 0.0056911 0.0112261 0.00782998 0.0111976 0.00819756
internal_weight=20229.7 12785.2 7444.54 5453.72 9976.28 3712.24 2106.61 6264.04 5974.05 4098.83 3680.61 1875.23 485.317 1389.91 927.243 240.421 174.891 401.436 295.411 160.295 1705.17 575.713 540.262 284.108 1129.46 356.489 772.969 85.4086 687.561 456.816 189.906 1605.63 1456.99 1422.4 964.212 555.129 518.017 458.185 432.51 248.242 289.992 253.498 182.952 1990.83 2808.91 2676.59 132.315 2622.59 1684.49 1376.24 385.58 227.568 938.096 856.019 158.012 200.269 990.663 921.121 687.761 636.755 585.117 549.693
internal_count=52400 21080 31320 22559 16244 6164 3403 10080 9615 6469 5794 3146 815 2331 1565 389 287 670 493 267 2733 897 842 454 1836 599 1237 136 1101 731 322 2761 2492 2433 1577 882 822 856 810 396 465 407 291 8761 4836 4582 254 4480 2956 2419 778 499 1524 1383 279 451 1641 1514 1125 1042 955 899
is_linear=0
shrinkage=0.05


Tree=34
num_leaves=63
num_cat=0
split_feature=211 168 91 16 180 56 28 321 306 321 30 177 192 137 212 199 252 200 89 301 133 301 86 148 198 324 153 288 136 8 230 124 230 316 252 134 205 238 139 276 323 273 297 153 264 144 214 200 171 310 274 153 229 146 15 243 148 299 198 173 278 294
split_gain=146.56 46.3514 37.4994 33.2789 34.2848 35.9076 35.8368 32.6182 31.3923 31.1886 34.0354 44.9697 36.3166 40.8569 39.394 35.0598 30.6372 30.4039 29.9735 37.6877 35.1745 28.6563 29.2713 36.5918 30.1967 28.285 31.1619 28.9623 33.0221 27.6089 27.5014 34.9951 27.3542 27.127 40.9031 32.7919 29.1942 28.7643 26.9263 31.7111 38.9532 32.2734 31.9755 30.2558 29.5217 29.0081 27.4338 31.6935 26.7982 26.5367 26.401 31.8429 26.3393 37.0824 25.7637 25.6354 25.4759 27.6278 29.5169 25.25 25.199 24.7741
threshold=3.4722222222222228 0.83868897326659375 0.25690476190476202 2.5000000000000004 7.5000000000000009 18.550000000000004 0.27316666666666672 0.1024030763574381 0.086956521738560874 0.099330273720416654 0.29516666666666674 79.052272727272751 0.66833333333333345 0.33837727928610611 5.294999999999999 22.550000000000004 96.500000000000014 94.450000000000017 0.76115000000000022 0.11627906976698507 0.14283008657975002 0.058593749999662111 18.050000000000004 0.2425293757575758 6.673333333333332 0.46998799519800005 0.19615841244818641 0.088888888888599971 0.91241866311722852 0.40833333333333338 14.834848484848488 0.21930385426466673 14.575187969924812 0.26732673267284401 79.500000000000014 0.075280112044500011 4.9000000000000012 17.502941176470589 0.16873713991754866 0.16467236467208338 0.29953271028000006 0.24351204351183334 0.072739297739236139 0.20638476667247865 2202.5279664838731 0.30873015872990012 96.577777777777797 99.500000000000014 0.12499999999988602 0.43362831858371692 0.081824123588500011 0.40945284873827387 0.63730603962759613 0.19999999999990006 5.5000000000000009 0.19813291552421988 0.38310812487179496 0.19537722897998885 2.3200000000000003 0.13095238095216075 0.32066102198409996 0.46973814855614965
decision_type=8 8 10 2 8 10 10 8 8 10 10 10 10 10 10 10 10 10 10 10 10 10 10 10 10 10 8 8 10 8 10 10 8 10 10 10 10 10 10 10 8 8 10 8 10 10 10 10 10 10 10 10 10 10 10 10 10 8 10 10 10 10
left_child=2 3 56 4 5 6 17 9 -6 10 21 15 13 -13 -15 -12 50 -2 19 20 -7 -5 24 -24 60 26 27 28 -3 30 31 -28 -29 34 37 36 61 48 39 40 43 -42 -43 -31 -41 52 -45 -48 -8 59 51 -10 -40 -54 -9 -32 57 -1 -59 -35 -23 -36
right_child=1 25 -4 7 8 18 33 54 16 -11 11 12 -14 14 -16 -17 -18 -19 -20 -21 -22 22 23 -25 -26 -27 29 32 -30 38 55 -33 -34 49 35 -37 -38 -39 45 44 41 42 -44 46 -46 -47 47 -49 -50 -51 -52 -53 53 -55 -56 -57 -58 58 -60 -61 -62 -63
leaf_value=-0.011531646042446246 0.03019582133070825 0.045413384178278185 -0.00052055940688456117 -0.021961361887385143 -0.039693355481975078 0.036755815612942007 -0.0074849115315659565 0.013863537911375274 0.0085295449418564609 -0.012971156381120678 -0.016509912002332757 -0.046613941139586966 0.013223115643779407 -0.038554265909999844 0.030218107038811767 0.044127900092538828 0.031758880519658653 -0.013527827169339729 0.024870952847367192 -0.027042995222497087 -0.022875562778475904 0.0059249257788856298 -0.021238189833913859 0.028164403321173793 -0.03873539492586265 0.025671188550525904 -0.0079150852599425264 -0.034469720830892565 -0.0029761531777713524 -0.038320655425194278 -0.052700923182314119 0.050711408062576228 0.0061644664037630598 0.0043988657885215441 0.048227026883143613 -0.023581335769400705 -0.013381369121119757 -0.018055641466227523 -0.030580876181910101 -0.0018546934477877157 -0.027810278840362818 -0.0067082520552591424 0.055435864515881776 0.003846969494309729 0.048009994072829881 -0.035505229686081163 0.05633936714684401 -0.0029774002405031537 0.045648096375631893 0.0015125862034322294 -0.031259530240670429 -0.04484548368568049 -0.022211826244840499 0.043098309835260806 0.0045279474580634986 -0.015395189800457157 -0.002170468950376387 0.001647627246455365 0.082105067540645407 0.063416374456044075 0.043158753042575021 0.0016039770286294754
leaf_weight=3189.6567362099886 170.44938272237778 90.577490702271461 2611.5504922568798 79.495491832494736 81.310719862580299 77.537621214985847 33.954544708132744 2192.0634794980288 165.97337204217911 261.46745952963829 38.725589647889137 129.39344435930252 65.204187959432602 37.63562037050724 44.15235161781311 58.945519000291824 47.065394937992096 50.942167341709137 312.15610176324844 77.123273655772209 35.181574568152428 1816.2579625248909 42.046171277761459 295.51917025446892 36.015703216195107 87.198799207806587 106.90478667616844 47.488654717803001 56.835193261504173 36.68373629450798 50.17481704056263 32.300406888127327 282.93376512825489 38.936762616038322 40.895890533924103 363.23210082948208 215.27102048695087 44.909330502152443 47.995060175657272 53.585581317543983 204.41508170962334 200.3273701518774 22.070465669035912 627.7526398897171 64.827855557203293 112.95621335506439 55.760694608092308 36.914203286170959 74.833485171198845 1618.4561562538147 105.5591284930706 32.557509049773216 37.114174410700798 49.67183156311512 1119.4570808112621 501.08347736299038 1363.5437414497137 251.00200635194778 10.953154265880583 33.49773034453392 45.694232985377312 90.035756230354309
leaf_count=13725 301 152 10465 142 139 114 60 3360 351 409 68 198 98 62 66 87 80 94 460 118 52 2934 63 443 55 149 168 80 102 59 84 51 494 60 64 585 357 97 83 89 342 447 39 1079 106 200 83 55 131 2644 188 69 62 83 2017 829 5870 1235 25 52 78 148
internal_value=0.000237708 0.00348448 -0.00534736 0.00508187 0.00132701 0.00307519 0.000845301 0.00730502 -0.0118864 0.00347778 0.00508325 -0.00888792 -0.0191894 -0.0292358 -0.00145129 0.0201113 -0.00533907 0.0200969 0.0153675 -0.000281106 0.0180624 0.00734569 0.00839944 0.0219516 0.00597618 -0.00219117 -0.00309588 0.00848022 0.0268287 -0.0055696 -0.0138793 0.00591729 0.000223008 -0.000828753 -0.00803748 -0.0131068 -0.00206643 0.0152627 -0.00185838 0.0010163 -0.00145543 -0.0135206 -0.000298228 0.00534843 0.0255763 -0.0169338 0.007629 0.0328794 0.0291017 0.00285064 -0.0111825 -0.000379369 -0.00118593 0.0151765 0.0107115 -0.018889 -0.00796353 -0.0102493 0.00533026 0.0322518 0.00686404 0.0164595
internal_weight=20204.2 12777.5 7426.71 9971.95 3709.88 3277.41 2775.41 6262.07 432.466 2950.55 2689.09 374.057 276.386 211.181 81.788 97.6711 351.155 221.392 501.999 189.842 112.719 2315.03 2235.53 337.565 1897.97 2805.57 2718.37 477.835 147.413 2240.54 690.463 139.205 330.422 2554.02 863.132 709.435 346.203 153.697 1550.07 1302.34 1183.92 426.813 222.398 757.111 118.413 247.737 720.428 92.6749 108.788 1690.89 304.09 198.531 134.781 86.786 3311.52 551.258 4815.16 3451.61 261.955 72.4345 1861.95 130.932
internal_count=52400 21080 31320 16244 6164 5337 4593 10080 827 4703 4294 579 424 326 128 155 688 395 744 284 166 3715 3573 506 3067 4836 4687 828 254 3859 1132 219 574 4198 1442 1154 569 288 2727 2299 2104 828 486 1276 195 428 1217 138 191 2756 608 420 228 145 5377 913 20855 14985 1260 112 3012 212
is_linear=0
shrinkage=0.05


Tree=35
num_leaves=63
num_cat=0
split_feature=179 167 241 311 266 241 253 70 164 213 145 83 268 309 188 217 295 309 308 320 198 188 286 274 225 205 121 76 133 310 324 320 160 144 293 131 75 261 186 330 142 177 279 234 188 267 262 0 106 55 141 88 156 29 165 274 265 163 8 123 250 213
split_gain=128.186 43.3167 36.2489 34.5718 37.0688 33.2143 30.404 33.5773 38.9581 37.0988 39.139 35.7225 34.2226 36.1687 33.7154 37.4833 42.5063 33.1707 40.7502 37.353 32.5539 32.4047 31.0627 33.9227 30.3591 36.8526 35.139 33.973 30.2559 30.2346 44.457 29.3947 29.1644 32.0853 35.262 28.9908 28.9226 28.1142 28.7397 27.8579 33.464 31.8256 45.5281 29.6727 37.9909 27.5862 38.1594 27.423 27.3906 31.5089 28.3291 27.3301 28.9611 28.917 32.8623 28.2105 27.254 27.0192 26.3734 26.2645 26.0842 38.5052
threshold=1.0000000180025095e-35 0.15615949107261887 0.31568162208800693 0.23998536015274255 0.24034560100866667 0.29672718533569292 14.790000000000001 0.051315789473684217 0.32062142805311378 24.211111111111112 0.24190326914430002 0.64583333333333337 0.10177875905366668 0.3006993006988683 1.0041666666666669 2.0500000000000003 90.67437691068038 0.31905781584537468 0.14032849982062973 0.14951382988726228 5.9999999999999973 0.95833333333333337 0.10839632263149997 0.15814974808600002 0.21020142949967513 6.1000000000000005 0.34170875420850005 4.4037037037037043 0.19388616557700003 0.47639967208318212 0.28452380952350004 0.1219675668604099 0.17956349206335001 0.18695887445870002 0.31739357864340018 0.3023272338319089 0.39009661835748799 0.077350427350166687 97.500000000000014 inf 0.13931318681310004 93.107142857142875 0.10076041794290004 0.10700654307524538 1.5658333333333336 0.096704724286833341 0.066071428571333343 10.500000000000002 3.6813346228239849 0.55000000000000016 0.10128205128182054 0.43110000000000009 0.15384615384574682 0.77016666666666678 0.096075588354816693 0.067340294226833339 6.3762632216133559 81.396130952380972 0.61250000000000016 0.50664293436000019 6.6000000000000005 22.683333333333337
decision_type=2 8 10 8 8 10 10 8 10 10 10 10 10 10 8 10 10 10 10 10 10 10 10 10 10 10 8 8 10 10 10 10 10 10 10 10 10 10 10 8 10 10 10 10 10 10 10 2 8 10 8 10 8 10 8 10 10 10 8 10 10 10
left_child=5 47 3 24 31 -1 7 29 9 14 20 56 13 -12 21 16 17 18 19 36 -11 -9 48 -24 25 27 -27 59 -26 30 -6 39 -13 34 -34 -18 51 -33 -39 40 -5 43 -43 44 -42 46 -17 -2 50 -50 -8 -16 53 -53 55 -55 -10 -56 -45 -3 61 -35
right_child=1 2 -4 4 6 -7 22 8 11 10 12 32 -14 -15 15 45 35 -19 -20 -21 -22 -23 23 -25 28 26 -28 -29 -30 -31 -32 37 33 60 -36 -37 -38 38 -40 -41 41 42 -44 58 -46 -47 -48 -49 49 -51 -52 52 -54 54 57 -57 -58 -59 -60 -61 -62 -63
leaf_value=-0.0083853732256718144 -0.0023149563064159095 -0.0096142999249223485 0.014746658436641222 0.027459164687471383 -0.026539661987984575 -0.00024944027077276095 -0.080026984865250714 -0.0019471959231093907 0.005680786848098876 0.063742838350715189 -0.0095178305114111059 0.034985647073696981 0.027826791664937914 0.033849554285018471 -0.0049183163220094476 0.036320789387730611 0.03508357390741023 0.045067828989302061 -0.031954932961774526 0.047740419362344987 0.015330397564850426 -0.036114450625065637 0.022305842097137828 -0.028176812325663943 -0.021537391303851121 -0.0040942382137271012 -0.053766686427520832 0.037159483176386669 0.018827076933266809 -0.038296802350316045 0.044415035745131143 0.0083950417610268099 -0.024819949451762961 0.0057772533594730854 0.021880031107543337 0.0020092511674731032 0.040600851971936372 -0.022243830098492137 0.012127463340738482 -0.0062303112213599682 0.00011422949790287445 -0.019402609121081184 0.037049541888772103 0.047546114074346002 -0.036610588972593477 -0.024405901441151377 -0.0070865088765362343 -0.034385530128903101 0.0082912092764125638 -0.038073616741854555 -0.01637391086945101 0.046513017660142736 -0.0093033735948460546 -0.047991434528306259 -0.016306814084217729 0.010710537797046298 0.037928644974723133 0.037368833540789889 0.0055738254123097611 0.016491914587306984 -0.0023156564001328328 0.020125846080295693
leaf_weight=4430.2807399481535 2622.8305917978287 210.87095321714878 723.57659043371677 156.53548336029053 49.102342709898949 1751.6598321050406 30.608632385730743 189.41177681088448 95.440705820918083 65.080346286296844 255.45638363063335 111.03022618591785 146.23031213879585 58.161159530282021 734.85479241609573 58.846228510141373 199.85562270879745 45.082086071372032 82.25609715282917 46.345839709043503 75.701898634433746 108.94248488545418 126.65074576437473 44.005565613508224 349.19006159901619 125.71766816079617 48.919899374246597 84.150519236922264 52.602043449878693 75.011748090386391 38.448825478553772 148.01098282635212 133.37156669795513 952.98258532583714 56.820841461420059 99.550029933452606 46.680074423551559 373.95200410485268 71.726684853434563 719.96856251358986 1104.3430031090975 47.217613756656647 138.08108919858932 57.100096568465233 74.197757840156555 172.41337995231152 327.72699420154095 67.435878619551659 108.12916898727417 54.146648034453392 41.164196744561195 74.015036270022392 120.89890171587467 34.77815854549408 29.362572148442268 46.925500869750977 213.63082979619503 104.59662373363972 106.99510441720486 175.60192918777466 333.54377911984921 921.49409177899361
leaf_count=21165 4435 371 1241 250 79 8407 49 306 160 97 396 171 223 92 1278 96 338 72 140 76 113 173 198 80 581 203 82 140 90 120 60 243 208 1550 88 169 75 614 106 1151 1715 77 207 89 117 291 552 129 183 92 69 116 196 55 48 72 355 165 183 303 496 1364
internal_value=-8.7037e-05 0.00256581 0.00392592 0.00318225 0.00413232 -0.00608127 0.00625111 0.00713158 0.0077463 0.00389594 0.0150535 0.0120085 0.00793888 -0.00137732 0.00123238 0.00335308 0.00711463 0.00336235 0.00190194 0.00417866 0.0380373 -0.0145189 -0.00700142 0.00917091 -0.00543502 0.00127939 -0.018264 0.00856544 -0.0162069 -0.0152148 0.0047139 -0.000466315 0.0100218 0.00884987 -0.0108005 0.0241466 0.00244232 -0.0104213 -0.0166862 0.00199294 0.00551226 0.00324406 0.0226107 0.000552686 -0.00222271 -0.00783621 -0.000389254 -0.00313319 -0.0188036 -0.00728718 -0.0443151 0.000848814 0.0111699 0.0197344 0.0103487 -0.0144944 0.0280371 0.0255329 0.0204087 0.00224664 0.0105489 0.0128407
internal_weight=20149.7 13967.8 11277.5 10553.9 9506.88 6181.94 6508.75 6104.05 5941.49 3123.17 600.63 2818.31 459.848 313.618 2522.54 2224.19 1665.2 1365.8 1320.71 1238.46 140.782 298.354 404.705 170.656 1047.05 645.261 174.638 470.623 401.792 162.563 87.5512 2998.13 2509.24 2398.21 190.192 299.406 1192.11 593.69 445.679 2404.44 1684.47 1527.93 185.299 1342.64 1178.54 558.987 386.573 2690.27 234.049 162.276 71.7728 1145.43 410.577 289.678 215.663 81.7037 309.072 133.959 164.095 386.473 2208.02 1874.48
internal_count=52360 22788 18224 16983 15213 29572 10461 9790 9531 5139 921 4392 711 488 4218 3739 2800 2293 2221 2081 210 479 671 278 1770 1099 285 814 671 259 139 4752 3877 3706 296 507 2005 963 720 3789 2638 2388 284 2104 1832 939 648 4564 393 275 118 1930 652 456 340 127 515 213 272 674 3410 2914
is_linear=0
shrinkage=0.05


Tree=36
num_leaves=63
num_cat=0
split_feature=1 132 283 151 315 215 247 130 185 184 101 214 151 130 143 282 149 238 81 177 303 197 240 36 139 76 136 262 134 57 295 298 15 153 238 132 0 221 15 236 323 268 314 303 297 76 265 233 233 33 101 232 118 213 139 130 206 116 153 172 122 247
split_gain=122.561 44.5112 41.4325 35.661 38.201 35.6346 34.6071 34.4582 33.0077 33.3094 40.459 33.9504 32.9686 40.0715 39.2128 32.6685 32.6569 45.4197 41.3767 32.2942 32.2744 33.6212 31.5667 44.5598 36.6522 34.7089 41.3311 35.2373 31.3927 38.1413 33.7986 31.1591 44.9656 32.0275 32.8389 30.7937 30.574 40.9068 32.613 30.3869 30.0488 35.4732 33.196 30.0272 42.4928 31.1505 29.9081 29.8674 34.2372 37.1346 29.8631 29.8487 39.4909 29.7475 29.737 31.8036 32.247 29.6043 29.2667 30.9573 29.2081 28.9629
threshold=3.5000000000000004 67.975138888888907 90.73316880348618 0.24185823754781036 0.12154696132565469 8.8200000000000038 8.4281585466556574 94.065674603174628 24.166666666666668 5.6833333333333345 0.050641025641025648 97.550000000000011 0.13387445887431107 90.120039682539698 0.84611111111090009 0.42909669655069965 0.16456460206442503 16.097167584579072 3.7071428571428577 67.058333333333351 0.54545454545382588 7.7333333333333343 4.1180555555555562 12.500000000000002 0.22975848188609896 3.3618181818181823 0.92389309171919376 0.11886724386700002 0.055555555555416671 0.24700000000000003 90.873103818825442 0.090689457600950041 1.5000000000000002 0.24999999999964553 15.201123595505619 71.898657407407441 5.5000000000000009 2.8964583333333338 2.5000000000000004 0.016064516129032261 0.25281040798250004 0.22179349324483336 0.065420560747343467 0.45054945054874912 0.12065202053129997 3.6172161172161177 5.9401738024959103 0.11163032191069576 0.15694376924323453 0.32817460317460323 0.025978407557354928 1.6547619047619049 0.33333333333316673 24.292857142857148 0.091949655870941324 90.703174603174617 0.59400000000000031 0.72950000000000015 0.30290730014897621 0.19117647058798534 0.88404882154833342 8.846142606662772
decision_type=2 10 10 10 8 8 8 10 10 8 10 10 8 10 10 10 8 10 8 8 10 10 8 10 10 10 10 10 8 10 10 8 10 10 10 10 2 10 8 10 10 10 10 10 10 10 8 8 8 8 10 10 10 10 10 10 10 10 8 10 10 10
left_child=1 2 12 8 6 -2 7 43 9 10 54 60 -1 14 19 -4 28 18 -18 57 21 -6 23 25 36 -10 27 -27 30 -30 -17 33 -33 34 -24 -11 37 53 -39 -34 41 -8 -42 44 45 50 -16 -21 49 -49 -5 52 -46 -25 55 56 -3 -14 59 -50 -12 -29
right_child=5 3 15 4 20 -7 40 -9 22 35 11 -13 13 -15 46 16 17 -19 -20 47 -22 -23 31 24 -26 26 -28 61 29 -31 -32 32 39 -35 -36 -37 -38 38 -40 -41 42 -43 -44 -45 51 -47 -48 48 58 -51 -52 -53 -54 -55 -56 -57 -58 -59 -60 -61 -62 -63
leaf_value=-0.010984907875714005 -0.010787894383131068 0.052028085698527377 0.043742860616341368 0.030708929619072556 0.014534395966171204 -0.0028975621711374907 0.017298964028161511 0.057283193479347252 0.054978929838391824 -0.0029614492160755001 0.0059581298515391581 0.053882129929416558 0.0015442908734982406 0.017875488192366663 -0.029612359986262521 0.046529268166009372 0.044727657225380926 0.047431469876108676 -0.024805431867331775 0.032976907194694177 -0.023338063685422659 0.040488901229959066 -0.019066619874769708 -0.036822575077760732 -0.043747194976208818 0.042931582494756759 -0.025408344624913988 -0.0084558943764714411 0.042929646570181584 -0.0083793282373072573 0.0064579486471766081 -0.02605486705196074 -0.017055062750644133 -0.028573284402891159 0.04387595424130164 -0.026322252638695351 -0.01352785017985219 0.065002662795040925 0.015006766849382947 0.026878477947318881 -0.051020603773246437 -0.029741725283222421 -0.0058747442733036101 0.01492084985981623 -0.018763068977860172 0.015520735583964827 0.015579441788942753 -0.030233344881204684 0.00039388553368760416 0.012753612808015694 -0.023039587113225114 -0.028895492752666636 0.048865571493429766 0.020853904389474046 -0.017702132910661066 0.053677427520126143 -0.0066950884670078153 0.056742563059045126 -0.0087475980662809205 0.04551862251787888 -0.028891198530864432 0.035036898057041486
leaf_weight=1005.929010361433 2419.9982880949974 24.374627113342285 57.509746119379997 32.32362174987793 896.70284362137318 3507.5755603611469 258.46571215987206 35.770951062440872 80.879576623439789 386.93595746159554 1640.8073681741953 34.83903856575489 61.811573341488838 265.90128795802593 39.207241281867027 61.795798048377037 31.553597331047058 100.13879327476025 61.401916369795799 49.318519905209541 48.059224724769592 144.94406948983669 43.605497568845749 44.602119132876396 38.165258347988129 145.90923702716827 45.393551677465439 95.626806199550629 37.617591008543968 579.93522980809212 330.91655552387238 70.548192173242569 47.498284190893173 149.44824738800526 37.704276368021965 221.79779355227947 115.14603251218796 53.837304264307022 83.420249193906784 210.23231412470341 43.014699593186378 46.398132830858231 558.50951454043388 848.07699392735958 55.36152857542038 439.91675917804241 409.41126473248005 247.30732221901417 1116.7243885397911 62.194094195961952 114.19618919491768 157.06259687244892 33.973696738481522 42.841467469930649 390.98578357696533 26.811146587133408 295.37025387585163 39.287739530205727 1437.5258263498545 38.357939377427101 61.38848190009594 62.373161852359772
leaf_count=1760 12048 40 102 52 1477 16895 414 56 130 607 2806 52 116 421 71 102 57 170 100 93 92 226 65 65 54 225 73 148 67 966 556 106 70 235 57 340 166 73 126 312 71 78 899 1345 90 711 694 429 1838 105 185 254 52 64 688 43 530 62 2357 65 108 101
internal_value=-8.26617e-05 0.00243835 -0.000817314 0.00484517 0.00846309 -0.006121 0.00518785 0.00935977 0.00182465 -0.00104168 0.00153521 0.00570225 -0.00294773 -0.000797857 -0.00222217 0.00723928 0.00545571 0.0242423 -0.000924484 -0.00425269 0.0163305 0.0181861 0.00828835 0.0146012 0.00204993 0.0255884 0.0186313 0.0252875 0.00183961 -0.00518146 0.0128783 -0.000838885 0.00903879 -0.0148909 0.0102383 -0.0115106 0.00732093 0.0180394 0.0349814 0.0187278 -0.00270981 0.0100495 -0.00919072 0.00830351 0.00154924 0.00887349 0.0115617 -0.00520884 -0.00587063 -0.0215658 -0.0110205 -0.015828 0.00715662 -0.00859216 -0.00826654 0.00238465 -0.00205469 0.0233893 -0.00398745 0.00193479 0.00468215 0.00879455
internal_weight=20124.7 14197.2 6033.85 8163.32 3712.78 5927.57 2623.07 1716.68 4450.54 3083.31 2474.58 1737.03 4772.98 3767.05 3501.15 1260.87 1203.36 193.094 92.9555 3052.53 1089.71 1041.65 1367.23 808.195 378.012 430.182 349.303 303.909 1010.27 617.553 392.712 559.037 328.279 230.758 81.3098 608.734 339.847 224.701 137.258 257.731 906.388 304.864 601.524 1680.91 832.834 586.437 448.619 2951.43 2902.11 309.501 146.52 246.398 89.3352 87.4436 737.542 346.556 319.745 101.099 2592.61 1155.08 1702.2 158
internal_count=52360 23417 10131 13286 6002 28943 4207 2745 7284 5214 4267 2966 8011 6251 5830 2120 2018 327 157 5065 1795 1703 2070 1225 548 677 547 474 1691 1033 658 845 488 357 122 947 494 328 199 382 1462 492 970 2689 1344 948 765 4887 4794 534 237 396 142 129 1301 613 570 178 4260 1903 2914 249
is_linear=0
shrinkage=0.05


Tree=37
num_leaves=63
num_cat=0
split_feature=1 132 325 241 315 260 193 272 91 162 56 167 282 43 89 0 149 318 130 176 177 248 76 61 57 285 146 298 30 64 289 262 314 214 320 134 310 174 43 290 248 178 307 236 215 295 286 287 166 24 123 174 243 138 139 75 103 236 292 101 126 92
split_gain=110.915 40.1715 40.5227 33.4138 32.4127 37.1971 41.1211 39.6462 36.8021 33.2547 31.7496 30.9716 29.7989 29.9141 32.5503 31.2055 30.2626 46.7851 28.0109 32.4441 27.7719 42.8379 27.7603 35.1591 27.6768 27.4183 33.0766 26.7696 26.4675 26.2263 26.2176 25.844 25.8179 25.5424 25.5221 25.4882 30.7312 29.078 28.2327 33.9791 25.1085 30.2626 28.0569 24.8558 24.6008 26.5704 28.8854 25.3399 32.1667 28.9931 25.7657 24.5557 41.0772 24.5704 29.5423 31.7551 24.5934 24.3665 24.2918 24.0484 27.0441 23.8928
threshold=3.5000000000000004 67.975138888888907 90.554772727272749 0.29672718533569292 0.12081160649659557 0.26599511599500009 2.2583333333333337 0.36878391338383337 0.12546296296296297 0.29764510181172232 22.700000000000006 0.07236984389120002 0.40182412358850078 0.14835164835164838 1.0226500000000003 7.5000000000000009 0.16456460206442503 0.26575141637724714 90.120039682539698 0.17914438502650001 67.810000000000016 2.9393382352941182 4.6530100334448177 0.29458333333333336 0.31770000000000004 0.24517351384990002 0.20008658008650004 0.086867124936400003 0.32816666666666677 0.36380952380952386 0.11872537266613332 0.19444444444416667 0.12709523363580857 97.550000000000011 0.093617021276261717 0.12499999999958335 0.50114944958492125 0.26969696969650003 0.36931818181818188 0.2835560389808835 3.2198067632850247 0.10677500000000002 0.080808080807878796 0.036730976794387492 6.2940000000000023 91.650918909465574 0.068301733036300022 0.12047430665100002 0.070946275946100021 14.583333333333334 0.43469785574983333 0.22474747474700005 0.26680790960451983 0.26666666666656119 0.064640511376932289 0.26491228070175443 0.48610038610038614 0.024640760979558796 0.54169186530894953 0.16496598639455784 0.095346320346249999 0.17018518518518522
decision_type=2 10 10 10 8 10 10 10 10 8 10 8 10 8 10 2 8 10 10 10 8 10 10 10 10 10 10 8 10 10 10 10 10 10 8 10 10 10 10 10 10 10 10 10 10 10 10 10 8 10 10 8 10 10 10 10 10 8 10 10 10 10
left_child=1 2 11 -2 10 6 8 9 -6 25 30 -1 -4 40 15 16 28 -18 20 57 21 24 -22 34 -13 51 29 31 44 -27 58 -7 -29 61 -24 36 38 -37 39 -32 41 -14 -42 -44 -15 46 -46 -47 49 -49 -50 59 53 54 -53 -56 -55 -20 -3 -8 -61 -10
right_child=3 4 12 -5 5 27 7 -9 33 -11 -12 18 13 14 -16 -17 17 -19 19 -21 22 -23 23 -25 -26 26 -28 32 -30 -31 35 -33 -34 -35 -36 37 -38 -39 -40 -41 42 -43 43 -45 45 47 -48 48 50 -51 -52 52 -54 56 55 -57 -58 -59 -60 60 -62 -63
leaf_value=-0.025675609303065419 -0.0082515614623247958 0.0025864212316772475 0.058066335499309354 4.8487402175632137e-06 -0.03667492945034094 0.026496956356839876 0.0077795868772509895 -0.038992182557810291 -0.0024400672919058092 0.039929855980419156 0.046041382988304631 0.010580959198941208 0.015148146559705925 0.036172662266573306 0.049674619256410556 -0.03277977458737661 -0.017873038295745852 0.044068837855406794 -0.042407995228078088 0.025680709930720625 -0.0054006941232067696 -0.0089250465235500617 -0.002706609033369581 -0.0089919588604191452 0.072668855233677054 0.0069330030062753449 0.032587179340404018 0.01088461532261872 -0.024103645908382824 -0.041943901612420592 -0.04603283503795208 -0.023801001532853222 -0.029003429624151124 0.04358532601231048 0.040378977626544167 0.046143586199224748 0.020931195744457957 -0.016513069823397324 -0.057311580425974284 0.028635894808622067 -0.036046533662585117 -0.037999044674282743 0.031505204893104675 -0.018422631663511425 -0.0080019420597789836 -0.023548442454950982 0.020133935865420019 -0.0084019163052716419 0.02623035185517978 0.049951563987278749 -0.02382891190564923 0.037469784255869325 0.062605945239572719 0.019790969704169558 0.015863495493190421 -0.032533734512305477 0.051622219172601291 0.0085727193891660461 0.039761275609808459 0.061405372246432069 0.0025485161111480827 0.043202289945900238
leaf_weight=146.74905475974083 4179.0944480001926 5341.6674497574568 26.305691748857498 1731.926350414753 61.012833759188652 86.45536445081234 688.13463318347931 31.696774736046791 398.83926464617252 139.61128099262714 40.588918954133987 33.369890913367271 35.279416710138321 69.075423121452332 45.810867369174957 46.046144798398018 39.816358387470245 121.63815025985241 35.574817925691605 178.10686333477497 3657.0959230512381 73.776277184486389 50.113986656069756 123.17008993029594 39.431382834911346 49.044421017169952 39.824426919221878 55.621911153197289 69.488030657172203 60.190040469169617 30.626683533191681 35.089761808514595 143.16267931461334 37.048818171024323 106.16400872170925 30.836492925882339 28.228041797876358 43.25571908056736 69.702492460608482 28.399735391139984 31.417051255702972 103.17120887339115 81.522644966840744 34.804142266511917 121.8994597941637 121.77746966481209 353.62075731158257 33.704501330852509 33.732128232717514 55.033507525920868 97.951394453644753 50.150641560554504 62.470582872629166 238.53378196060658 70.312144547700882 63.561325117945671 82.168587312102318 64.2484972178936 43.33604422211647 45.667103320360184 34.016487598419189 29.883572280406952
leaf_count=276 20603 8634 45 8340 112 142 1080 53 733 222 60 62 66 119 76 81 72 199 57 282 6130 131 85 208 66 76 63 97 110 93 54 64 253 55 173 55 52 80 117 53 55 178 137 61 211 214 584 57 53 84 157 78 98 376 106 99 127 102 76 70 53 55
internal_value=-7.77738e-05 0.00231927 -0.000774686 -0.005832 0.00460625 0.00934396 0.0116799 0.0155499 -0.000478111 0.016641 0.00250812 -0.00315721 0.00627551 0.00532316 0.00876406 0.00710811 0.00878363 0.0287466 -0.00239261 0.0129347 -0.00344005 0.0178509 -0.00423842 0.0109193 0.0448064 0.0144214 -0.00585929 -0.00654025 0.00538144 -0.0200898 0.00218446 0.0118595 -0.0178187 0.00432112 0.0266015 -0.0142686 -0.0256353 0.00976469 -0.0359677 -0.0101452 -0.0091822 -0.0244089 0.00512131 0.0164948 0.00772204 0.00527137 0.0129092 -0.00533425 0.00476697 0.0278854 -0.010867 0.0166922 0.0245866 0.0197565 0.00512064 -0.00714863 0.0280973 -0.0097865 0.00289384 0.0108297 0.0366847 0.000822871
internal_weight=20100.1 14189 6029.9 5911.02 8159.14 2502.5 2182.17 1655.38 526.784 1623.69 5656.64 4507.8 1522.09 1495.79 1209.59 1163.78 1117.74 161.455 4361.05 277.93 4083.12 146.578 3936.54 279.448 72.8013 1484.07 149.059 320.33 956.283 109.234 5616.05 121.545 198.785 465.772 156.278 231.049 156.957 74.0922 128.729 59.0264 286.194 138.451 147.744 116.327 886.795 817.719 475.52 342.199 220.422 88.738 131.684 1335.02 567.197 504.726 184.024 133.873 320.702 99.8233 5385 767.818 79.6836 428.723
internal_count=52360 23417 10131 28943 13286 4105 3549 2594 955 2541 9181 7572 2559 2514 2017 1941 1860 271 7296 441 6855 259 6596 466 128 2319 232 556 1589 169 9121 206 350 843 258 411 276 135 224 107 497 244 253 198 1479 1360 795 565 351 141 210 2087 884 786 283 205 503 159 8710 1203 123 788
is_linear=0
shrinkage=0.05


Tree=38
num_leaves=63
num_cat=0
split_feature=1 168 215 15 186 106 72 166 250 86 325 56 131 167 253 311 110 209 266 91 253 166 173 49 101 313 285 101 178 326 247 120 231 65 0 157 81 300 225 233 87 56 184 101 125 289 77 295 221 76 176 289 276 191 86 228 288 286 173 275 177 295
split_gain=100.369 37.4346 31.0021 29.8339 32.5462 33.7584 34.3177 33.9979 33.0796 33.0437 30.9087 31.1072 30.6098 28.2266 28.026 27.5168 36.6658 30.7969 28.7959 27.116 38.0119 37.3503 34.3945 32.8575 32.2244 29.2056 28.636 37.3865 26.8255 30.3079 26.7005 40.9904 33.193 32.1019 28.0418 27.2585 27.2137 26.8546 26.843 34.1125 35.3162 26.4984 27.7109 32.5061 26.9178 50.0294 42.824 27.3387 27.3175 26.4608 26.2134 46.4602 36.5884 34.827 33.191 26.285 29.76 25.9041 25.7744 25.6757 35.9218 25.8396
threshold=3.5000000000000004 0.83578842356813865 8.7985000000000024 8.5000000000000018 96.416666666666671 4.325834175935289 0.25462962962962971 0.27790404040389588 4.6000000000000005 11.52777777777778 87.269230769230816 14.366666666666669 0.38384403743961359 0.22733059495397026 5.830000000000001 0.24182842662582141 2.5000000000000004 0.22500000000000003 0.18845337629616668 0.26583333333333342 7.9700000000000015 0.044642857142845251 0.12727272727266367 0.73303846153846164 0.032795698924731186 0.099056603773087212 0.098770739064700033 0.084219858156028379 0.14205555555555557 2154.6293767507009 10.604618548990279 0.55000429996533351 10.014285714285716 0.1516666666666667 1.0000000180025095e-35 0.11189358372446402 3.683333333333334 0.1575063825062222 0.33137254901960789 0.30451766304347833 0.33965000000000012 10.550000000000002 4.7500000000000009 0.047065337763012187 0.15175745307300001 0.12715796027660012 0.31013484848484857 92.10364368954157 1.75 4.3021739130434788 0.36038961038900003 0.090422098326350051 0.14167459620333336 3.5833333333333335 19.183333333333337 0.027973395931142415 0.14910900368079996 0.071433239962450046 0.099999999999936681 0.16813852813825006 82.726785714285725 88.601317536348162
decision_type=2 8 8 8 10 10 10 10 8 10 8 10 10 10 8 8 10 10 10 10 8 10 10 10 10 10 8 10 10 10 10 10 10 10 2 8 10 10 10 10 10 10 10 10 10 10 10 10 8 10 10 10 10 10 10 10 10 10 10 10 8 8
left_child=1 3 -2 4 5 7 10 15 -8 -9 11 -7 -11 28 -4 16 17 -1 19 21 24 23 -22 -17 -21 -24 27 -23 29 -6 32 35 33 34 -3 37 -33 38 39 40 -32 42 43 -20 45 46 -43 -46 -49 -19 52 -52 54 -53 -15 56 -54 -40 -10 60 61 -12
right_child=2 30 14 -5 13 6 8 9 58 12 59 -13 -14 50 -16 18 -18 49 41 20 22 26 25 -25 -26 -27 -28 -29 -30 -31 31 36 -34 -35 -36 -37 -38 -39 57 -41 -42 44 -44 -45 47 -47 -48 48 -50 -51 51 53 55 -55 -56 -57 -58 -59 -60 -61 -62 -63
leaf_value=-0.00011572253655948802 -0.0099556522216857554 0.01227212268722341 -0.011156318793083781 -0.0031180376199045332 -0.015689385601317336 0.031591581737908644 -0.0036437700733377657 -0.024972728474105466 0.015529758670720886 0.042567363802196147 0.020663402633474839 -0.024685192727720261 -0.0071509088913982279 0.031789781069229257 -0.00024087681445958241 -0.016371703845811908 0.034562472528174702 -0.026231072419836701 -0.044308394717917823 -0.014157346836018379 -0.026258863666401303 0.02544043320634112 0.042580071180003905 0.029402058987495091 0.029817034807045485 -0.0087146060756211081 -0.018869967753711303 -0.021003009123416738 -0.0013522296356713859 0.041749003439412069 -0.0076563858256941718 0.018760658517543743 -0.016965304248453921 0.046119949892934303 -0.0049134736289180858 0.038002395449481419 -0.036051225840362647 -0.026034953158828089 -0.0061384600855388573 -0.02352007751034968 0.045717222359183095 0.014202955213695807 0.031554059079084151 0.02204162048843656 0.0030080831939036864 0.026541114669269762 -0.058239163673829586 0.052841587289020664 0.012015763703402743 0.013204425563961045 -0.031031398700460674 -0.028632623529925818 -0.014054979155737024 0.018987600392374959 -0.015375618462591327 -0.026999232189080697 0.050441002976677835 0.047438268173094267 0.049402385454602793 0.0445215761230916 0.01904854532852053 -0.013702096831513001
leaf_weight=357.0713271945715 2384.1036341935396 269.21152046322823 746.27841074764729 1430.3238952755928 31.427358061075211 29.36865122616291 73.431603863835335 30.631010130047798 101.29523228108883 128.92049670219421 71.948586732149124 127.75147792696953 40.086127385497093 475.70969027280807 2764.8707865476608 61.17432214319706 47.096682474017143 309.96940888464451 30.054062634706497 52.881001144647598 124.74069344997406 94.080779626965523 44.803412020206451 105.23271825909615 184.70001329481602 69.447349324822426 580.45784063637257 78.577127784490585 589.68763017654419 79.110396206378937 62.387190952897072 31.095155417919159 448.60257887840271 33.01601105928421 1947.0445172488689 92.994774773716927 76.696016520261765 49.73179230093956 30.649039924144745 77.803398281335831 59.858049914240837 28.019903153181076 169.59192779660225 44.481382623314857 3521.5702632963657 43.080036014318466 69.947910368442535 47.690044805407524 270.41198295354843 48.472791373729706 69.00774259865284 42.547512918710709 34.687094479799271 324.92464502155781 39.735896199941635 56.46887418627739 35.006803929805756 80.772841826081276 130.35710960626602 50.527030870318413 327.17632405459881 217.31170217692852
leaf_count=677 11984 469 3655 2813 48 54 125 52 152 210 115 210 67 700 13304 102 78 480 59 88 198 148 76 168 287 115 949 121 861 118 104 59 785 53 3330 151 126 91 53 126 93 47 282 82 5558 64 115 87 430 73 100 67 52 483 56 85 53 127 198 87 512 348
internal_value=-7.29668e-05 0.00220623 -0.0055558 0.00360989 0.00462459 0.00321684 0.0112012 0.00184508 0.0255053 0.0221128 0.00587519 -0.0140011 0.0307727 0.0107218 -0.00256484 0.00120709 -0.00769751 -0.0105305 0.00241725 -0.00380446 0.00586046 -0.00881998 -0.00818953 0.0125476 0.0199899 0.0115521 -0.0135583 0.00427586 0.00289068 0.0253794 -0.00249435 0.00740812 -0.00456095 -0.00207832 -0.00281907 0.013993 -0.0201663 0.00770997 0.01318 0.00215611 0.0185966 0.0044748 0.0204359 -0.00487814 0.0034898 -0.0178802 -0.0375352 0.00428057 0.0182985 -0.0208623 0.0157961 0.00630705 0.0222238 0.0133976 0.0281214 -0.00186358 0.0185255 0.0327328 0.0347427 0.010579 0.00772115 -0.0050953
internal_weight=20076.1 14180.9 5895.25 10921 9490.67 7712.36 1129.17 6583.19 305.084 199.638 824.084 157.12 169.007 1778.31 3511.15 6383.55 762.61 715.514 5620.94 1396.1 476.572 919.523 238.991 166.407 237.581 114.251 753.116 172.658 700.225 110.538 3259.86 561.988 2697.87 2249.27 2216.26 454.197 107.791 361.202 311.471 200.049 122.245 4224.85 244.127 74.5354 3980.72 141.048 97.9678 3839.67 318.102 358.442 1078.09 436.48 641.608 367.472 515.446 126.163 69.6939 111.422 231.652 666.964 616.437 289.26
internal_count=52360 23417 28943 17850 15037 12414 1801 10613 475 329 1326 264 277 2623 16959 10284 1308 1230 8976 2252 764 1488 389 270 375 191 1218 269 1027 166 5567 930 4637 3852 3799 745 185 594 503 323 197 6724 423 141 6301 226 162 6075 517 553 1596 650 946 550 756 190 105 180 350 1062 975 463
is_linear=0
shrinkage=0.05


Tree=39
num_leaves=63
num_cat=0
split_feature=194 100 35 125 119 171 215 36 231 150 153 312 225 164 150 241 306 322 185 151 319 165 17 293 266 219 125 310 178 60 295 90 89 77 276 72 325 228 178 122 286 93 303 296 284 274 148 145 110 173 126 245 241 148 43 234 125 61 137 146 0 319
split_gain=90.8262 39.9379 37.3423 36.5955 42.5875 33.6609 30.2394 32.7386 35.7619 30.113 30.7691 44.2538 33.8014 29.9555 39.4903 44.1027 36.042 28.9025 28.8938 37.355 32.2686 28.6593 44.6509 34.0781 28.4882 27.8293 39.1407 27.6618 26.931 29.2625 34.672 27.5647 27.4066 41.8213 30.3825 26.6142 26.3568 30.8657 27.5047 28.0099 31.0753 31.6224 27.0716 25.8467 25.4807 25.4212 28.1532 27.1892 28.1665 26.4539 31.8631 32.0202 25.7671 26.4028 25.705 25.6386 25.177 40.3021 33.9747 27.3197 25.4918 24.9341
threshold=0.5833330000000001 0.31643132220795894 0.15833333333333335 0.4953042328040001 0.64444444444416671 0.19358974358958755 10.576500000000006 15.500000000000002 12.970384615384617 0.29649979649950003 0.30103179810460406 0.15597646710658633 0.35252692626346321 0.25931433188625391 0.11111111111090002 0.20936320467551447 0.11133244798564519 0.19652406417050003 24.166666666666668 0.13114754098359019 0.19425084992701272 0.038713138712977789 2.5000000000000004 0.25254115303534991 0.16109852789300003 5.3166666666666673 0.31515410515383341 0.51788622615147717 0.52909942500000018 0.21860000000000004 88.943261781840519 0.22780000000000006 0.7573500000000003 0.4062792207792208 0.10514999903500001 0.37797619047619052 90.418614718614734 0.063966175668303329 0.046125000000000006 0.81497043261716684 0.077597118728100031 0.18027777777777781 0.41025641025611365 2037.451822166589 1907.569545801801 0.16672034353183335 0.3473811741315454 0.28067577846960007 1.0000000180025095e-35 0.033333333333225003 0.097432659932500013 0.67182552717783084 0.28016402790822492 0.51962147927097069 0.60555555555555574 0.10038759689922482 0.29582431457416675 0.2595238095238096 0.34996028490670145 0.26990231990210006 6.5000000000000009 0.14157105959491958
decision_type=8 10 10 10 8 8 10 10 10 10 10 10 10 10 8 10 10 10 10 8 10 8 10 8 8 10 10 10 10 10 8 10 10 10 10 10 10 10 8 10 10 10 10 10 8 10 10 8 10 8 10 10 10 10 10 10 10 10 10 10 2 10
left_child=1 24 3 4 13 43 7 8 21 10 11 -8 18 14 61 16 -16 56 19 -13 -20 22 23 -6 -1 -3 -27 -14 36 -30 31 -31 34 -34 -32 44 38 -38 39 40 42 -42 -23 -4 -15 49 47 48 -47 50 51 55 53 -51 -52 -40 59 -58 -59 60 -12 -2
right_child=2 25 5 -5 6 -7 9 -9 -10 -11 17 12 27 35 15 -17 -18 -19 20 -21 -22 28 -24 -25 -26 26 -28 -29 29 30 32 -33 33 -35 -36 -37 37 -39 45 -41 41 -43 -44 -45 -46 46 -48 -49 -50 52 54 -53 -54 -55 -56 -57 57 58 -60 -61 -62 -63
leaf_value=-0.010856522509140787 -0.0085488792293528272 0.0018648281465061742 -0.017388645581415531 -0.032936281076913647 -0.050964313748930117 0.035709855045613144 0.029158459795387687 0.029050568481058206 -0.039617329430208931 0.047799361992892919 0.011972562936494123 -0.04748824071752334 0.04235771753191369 0.045377595095712667 0.0019948369038528722 0.023763151213547953 -0.061122604963113739 0.028436179435606081 0.02538232834469294 -0.0024164076510924089 -0.028100704712118757 0.035570481744114493 0.042711276241595542 -0.010359733405106607 -0.0036310057189089225 0.059416769074243363 -0.0012595711887592917 -0.00041452308983999376 0.027817967333716817 -0.026813778895450148 -0.0079886474247234853 0.018824904267886241 -0.022850656162694095 0.031414999249169615 0.03787051484308241 -0.022232512268195097 0.0073572772599041535 -0.02064035840149725 -0.018228321027782806 0.049818894215275245 0.053024758678109941 0.00089561518733081991 -0.018334430473416641 0.014889184224052568 0.014261766304110315 0.0070515713771471481 -0.051488360362333924 0.021513441321649573 -0.055052571413901942 -0.002667105534307141 0.024972430363042447 0.036559728984597271 -0.025570548059042464 -0.040135771804890807 -0.02202816192752341 0.026318107093519616 -0.043169880382320107 -0.036027688666938597 0.02644777806436251 -0.030269193653137273 -0.020113936282407728 -0.064419832564680646
leaf_weight=1847.3671804368496 47.914418429136276 1167.9174553155899 79.389530122280121 72.709889873862267 57.990082770586014 151.73589940369129 276.86529594659805 94.793543756008148 56.577575117349625 44.077855408191681 338.10323885083199 59.646475121378899 90.260904371738434 70.310275420546532 70.575325578451157 158.68867494165897 32.144860982894897 72.844256073236465 127.50368490815163 191.58022753894329 35.161208242177963 27.480159252882004 34.613074198365211 431.28872185945511 5230.4677544683218 51.304662674665451 53.634154185652733 64.102842554450035 161.19147583842278 35.29057003557682 81.934612900018692 377.99393418431282 235.36193944513798 40.81345072388649 63.014991909265518 45.471112653613091 1385.8616927117109 104.92502728104591 202.62391003966331 41.651304259896278 54.364663451910019 61.799099922180176 126.7146927267313 270.08549173176289 931.64319528639317 32.65993632376194 54.165531113743782 46.223048284649849 39.470367535948753 3732.3139056861401 249.3736909776926 40.08877244591713 131.65604358911514 46.646686136722565 32.022537618875504 37.399531006813049 92.947595581412315 33.475307255983353 57.962553784251213 57.909310832619667 74.689126506447792 33.9991445094347
leaf_count=8101 86 4621 133 129 103 244 437 139 89 71 532 94 143 107 129 260 54 115 198 297 59 56 62 753 20453 92 96 103 271 57 140 583 367 65 99 72 2159 170 345 70 92 103 214 428 1502 52 85 73 63 6138 425 64 211 71 50 62 146 58 97 95 119 58
internal_value=-6.9021e-05 -0.0040523 0.00277363 0.00217475 0.00240759 0.0161139 0.00123732 -6.09307e-06 -0.000353583 0.00747873 0.00631609 0.0128007 0.00478491 0.0105893 -0.00221076 0.00728477 -0.0181076 -0.00121288 -0.00266281 -0.0132831 0.01369 -6.91846e-05 -0.0113618 -0.0152766 -0.00551889 0.00409684 0.0286388 0.0246751 0.000726413 0.00837603 0.00458545 0.0148604 -0.00549769 -0.0147288 0.0120367 0.0147878 -0.000455167 0.00537087 -0.00220917 0.0121346 0.00614839 0.0255791 -0.00852814 0.00751374 0.0164933 -0.00317622 -0.0219578 -0.00808282 -0.0271521 -0.00244582 0.00769071 -0.00422936 -0.00390416 -0.00314143 0.0195471 -0.0111861 -0.00455572 -0.0201652 0.00337917 0.0015781 0.00612029 -0.0322963
internal_weight=20050.8 8350.69 11700.1 11198.9 11126.2 501.211 9735.43 8118.3 8023.51 1617.13 1573.05 845.121 568.255 1390.75 343.322 261.409 102.72 727.931 413.892 251.227 162.665 7966.93 523.892 489.279 7077.83 1272.86 104.939 154.364 7443.04 995.601 834.409 413.285 421.125 276.175 144.95 1047.42 6447.44 1490.79 4956.65 312.01 270.359 116.164 154.195 349.475 1001.95 4644.64 172.519 118.353 72.1303 4472.13 561.508 280.112 3910.62 3778.96 281.396 240.023 655.087 184.385 91.4379 470.702 412.792 81.9136
internal_count=52360 33363 18997 18192 18063 805 15795 13231 13092 2564 2493 1331 894 2268 587 443 183 1162 648 391 257 13003 918 856 28554 4809 188 246 12085 1582 1311 640 671 432 239 1681 10503 2329 8174 535 465 195 270 561 1609 7639 273 188 115 7366 946 471 6420 6209 475 407 1047 301 155 746 651 144
is_linear=0
shrinkage=0.05


Tree=40
num_leaves=63
num_cat=0
split_feature=1 132 91 313 300 288 285 164 29 138 246 232 72 267 272 282 173 145 261 105 93 124 302 129 234 30 188 319 324 101 293 289 150 91 246 246 60 147 171 61 250 126 121 151 2 274 131 135 74 288 164 301 323 131 221 199 316 132 283 154 133 274
split_gain=107.094 38.4749 37.5832 29.936 30.1537 43.6444 31.8329 34.7958 42.0354 31.4861 39.5993 31.1867 29.6446 29.5326 29.2758 29.1396 29.4 31.361 28.9157 32.5562 34.366 28.7229 32.84 31.3802 29.3984 28.6814 35.9186 32.8612 30.7328 30.4423 36.1499 30.1839 30.1795 29.8163 30.1134 28.4622 28.2834 28.6348 27.846 37.8135 31.1744 27.3306 27.1507 41.98 38.6293 38.3585 30.5185 47.4246 30.9575 27.1236 27.0319 27.2119 26.9139 26.487 26.4582 26.4456 26.13 25.95 25.754 25.7113 29.3921 26.9146
threshold=4.5000000000000009 64.697566137566142 0.19023809523809526 0.2380952380949404 0.091585643290716695 0.090237298042200029 0.17521896962659997 0.29082021665223673 0.81716666666666682 0.19298245614016671 14.95683898946789 1.9500000000000002 0.042572463768115944 0.47227309727266675 0.36878391338383337 0.5277751000155001 0.11764705882341914 0.28942531052790005 0.32201363451333342 0.30860805860805868 0.18509259259259261 0.10833415305900003 0.30232558139512794 0.072751322751250014 0.1422250316055626 0.24350000000000002 1.3783333333333336 0.19827336355787331 0.20881782945700003 0.093386627906976757 0.28012792332774999 0.13521251053989999 0.21678921568620838 0.40351851851851855 16.528126098675731 17.1883445945946 0.24063333333333337 80.429796536796559 0.040293927648498262 0.10095238095238097 6.0500000000000007 0.33333333333283338 0.29374098124066678 0.24378933812785106 3.5000000000000004 0.079980158729833342 0.27941005555555559 0.28361000137750997 0.04083333333333334 0.11666666666660007 0.29498866535809026 0.10810810810747298 0.29890982343800004 0.42245004788359802 3.7202083333333342 20.550000000000004 0.30365649506725573 72.370448532948544 92.463574362626517 0.32926829268261587 0.18093203093166668 0.062112193362000009
decision_type=2 8 8 10 8 8 8 8 10 8 10 8 10 10 10 10 10 10 10 10 8 8 10 10 10 10 10 10 10 8 10 10 8 10 10 10 10 10 10 10 10 10 8 10 2 8 10 10 10 10 10 10 10 10 10 8 10 8 10 10 10 10
left_child=1 13 -2 4 21 38 25 8 12 10 -9 -12 -8 55 18 -14 17 -17 -11 20 -20 22 24 -24 59 26 32 31 -28 -30 -31 42 33 34 36 -33 37 52 -6 40 54 -39 44 -44 45 50 47 49 53 -47 51 -27 -7 -48 -40 -1 -34 -29 -57 60 -3 -62
right_child=2 3 -4 -5 5 6 7 9 -10 14 11 -13 15 -15 -16 16 -18 -19 19 -21 -22 -23 23 -25 -26 27 28 57 29 30 -32 35 56 -35 -36 -37 -38 41 39 -41 -42 -43 43 -45 -46 46 48 -49 -50 -51 -52 -53 -54 -55 -56 58 -58 -59 -60 -61 61 -63
leaf_value=-0.0306669849209871 -0.0109482087796697 -0.016127718437731614 -0.0025267240950792506 0.050316398708090876 -0.021397785171388593 -0.007223568675666878 0.029215244529049191 -0.038235045068330746 0.023978216663242312 0.014293993895873144 -0.034136934012490579 0.011426459245403031 -0.010291909939430102 0.036235770755932692 -0.034109280827935566 -0.037239371336753604 0.035883316770000055 0.027283848279402303 -0.038808945340409275 -0.0555599272853484 0.031856743628951641 0.0017290752453764169 0.040991054346749531 -0.011012256015627206 0.034468157026515331 -0.03068194490338302 0.028640648931399032 -0.060236634674686429 -0.029072907850110311 -0.03840363917598489 0.020705622098909103 0.019025151182171737 0.018075476831381155 -0.029517959677539521 0.022404083320601169 -0.018788975676232823 0.03996930980640518 -0.00099120529592136119 0.038473277787709523 0.011309212348400113 0.074334677238222208 0.036678507162238264 -0.019649159047057621 0.0015686547532463816 -0.022260558806735182 -0.063413641435879131 0.034689141551245577 0.01904581338521814 -0.0085165138905914633 -0.012340991006448997 0.026259751545104244 0.026965310205334304 -0.062820026699914849 -0.014068255113849737 -0.0098970794409031365 -0.0033930915357553472 0.062034713953729052 -0.01167226823603127 -0.045859993941331757 -0.048933957791403422 0.023409647974834941 -0.014821267918994125
leaf_weight=132.65212000906467 2122.4593223333359 607.27761779725552 3530.3867846727371 32.442278549075127 53.430080577731133 65.905096367001534 60.983230367302895 66.911942169070244 150.60922145843506 2000.1839242726564 43.528669074177742 238.35255733132362 791.5360159277916 34.386615172028542 32.561745896935463 41.031950488686562 74.026102364063263 33.107887387275696 26.415018960833549 30.193260550498962 45.160739108920097 3908.6026727259159 62.180872187018394 52.790043637156487 32.978652983903885 47.742220744490623 46.395204424858093 41.251905664801598 161.49409022927284 35.266006708145142 89.121069148182869 268.58287583291531 185.91541220247746 54.902860507369041 254.99916152656078 60.053399160504341 43.250663608312607 354.11049430072308 96.572406977415085 969.56086382269859 40.939366489648819 54.681341275572777 530.16491128504276 414.48572568595409 143.69680520892143 57.099194824695587 108.78993266820908 48.31330469250679 180.53590914607048 48.631351724267006 262.49980503320694 34.273924425244331 31.923467233777046 36.531521677970886 39.104179844260216 570.8888134509325 41.002881169319153 81.698806688189507 37.139666274189949 46.089004844427109 103.59331977367401 81.179278135299683
leaf_count=311 11219 1029 16860 75 93 113 110 119 258 3267 77 389 1375 65 51 72 129 59 51 63 94 6677 110 92 66 83 90 76 290 62 148 421 319 96 434 101 68 590 169 1595 63 93 844 653 216 95 172 74 285 82 417 54 58 62 60 986 70 139 57 79 177 133
internal_value=0.000135489 0.00243613 -0.00569098 0.00305656 0.00293901 0.00471898 0.00328612 0.00662721 -0.000553677 0.00995726 -0.00395015 0.00427699 -0.00427112 -0.00838974 0.0122329 -0.00647832 0.0137936 -0.0083797 0.0129691 -0.0129077 0.00553329 -0.000194091 -0.00781612 0.017181 -0.0111369 7.41423e-05 0.00569272 -0.00329672 -0.00866692 -0.0148177 0.00373456 -0.00190755 0.010092 0.00578867 0.0082369 0.012064 0.00162913 -0.00170644 0.0135649 0.0152164 0.0364526 0.00411263 -0.00431569 -0.0103423 0.00156428 0.00574497 -0.00338553 -0.0216556 0.00527589 -0.0403051 0.018451 -0.00649673 -0.0258685 0.0223857 0.0245252 -0.0105143 0.0262779 -0.0283612 -0.00606631 -0.0129763 -0.0108185 0.00659673
internal_weight=19972.6 14319.7 5652.85 13544.7 13512.2 8617.53 7417.92 3634.6 1151.29 2483.31 348.793 281.881 1000.69 775.067 2134.51 939.702 148.166 74.1398 2101.95 101.769 71.5758 4894.69 986.089 114.971 871.118 3783.32 1418.97 2364.35 332.276 285.881 124.387 2241.4 1086.69 859.773 804.87 328.636 549.871 506.62 1199.61 1146.18 176.616 408.792 1912.76 944.651 968.114 824.417 479.901 154.044 325.857 105.731 344.516 82.0161 97.8286 145.321 135.677 740.681 226.918 122.951 608.028 838.139 792.05 184.773
internal_count=52235 24156 28079 22737 22662 14299 12319 6114 2003 4111 585 466 1745 1419 3526 1635 260 131 3475 208 145 8363 1686 202 1484 6205 2431 3774 590 500 210 3559 1841 1452 1356 522 922 854 1980 1887 292 683 3037 1497 1540 1324 770 251 519 177 554 137 171 234 229 1354 389 215 1043 1418 1339 310
is_linear=0
shrinkage=0.05


Tree=41
num_leaves=63
num_cat=0
split_feature=252 168 132 300 272 124 289 306 207 59 227 328 311 295 64 123 50 323 243 302 304 131 171 76 311 165 122 152 311 294 76 108 153 311 162 324 63 85 0 290 239 212 261 260 245 170 232 214 291 276 213 320 235 153 225 325 167 282 131 162 290 193
split_gain=98.9657 45.1687 33.9777 38.4605 39.4869 31.9996 35.6025 31.335 32.8425 32.4753 31.5563 31.0002 31.7342 31.1327 39.0306 30.9967 30.2771 29.914 29.3317 29.0583 28.8845 28.7441 28.3478 30.783 34.8908 29.9409 29.7653 28.3049 31.0904 33.9199 35.8884 31.5861 27.6599 27.6569 27.3631 27.2736 27.2555 26.6837 26.4039 30.141 34.2867 26.3387 29.6466 29.0108 30.1719 27.8638 27.8616 25.8164 30.9185 25.7642 33.1046 29.7332 28.3935 25.747 35.889 25.7809 35.7804 34.0259 32.4284 30.8465 36.8663 28.9025
threshold=61.500000000000007 0.83116588402816294 68.065416666666678 0.091585643290716695 0.36617515038533338 0.11396163749083335 0.083496869118549991 0.12499999999975835 5.0580000000000007 0.82845000000000013 0.21896404109589043 -1.0000000180025095e-35 0.28182009758867038 87.740879113187034 0.32041666666666674 0.46376811594183337 1.0000000180025095e-35 0.23348909657300002 0.26535448302543774 0.30040338977513031 0.35582671957646395 0.36843211317966912 0.24713101490199049 3.683014354066986 0.29533220488799078 0.096544813211383348 0.64287379287350011 0.69442582549864007 0.33866399490311544 0.50968700619900031 3.4522727272727276 0.37996215277777784 0.42378615577730427 0.26057174316224851 0.18250541125535003 0.42052631578900007 0.19690476190476194 0.38750000000000007 6.5000000000000009 0.28258059577500011 8.5641416510318962 6.3000000000000025 0.17796212502083339 0.38214285714283341 0.60677585711521453 0.28395061728366983 17.500000000000004 88.70714285714287 0.073089225589155579 0.097848148719833355 23.183333333333337 0.077777777777650034 0.19597736001617144 0.3063693595604568 0.11180555555555556 87.893853695324324 0.2264127916848403 0.44276163620370007 0.34079709684684695 0.22224747474746112 0.26229705036941459 4.0966666666666676
decision_type=8 10 10 10 10 10 8 8 10 10 8 2 8 8 8 10 8 10 10 10 10 10 10 10 10 10 10 10 10 10 10 10 10 10 10 10 10 8 2 10 10 10 10 8 10 10 8 10 10 10 10 8 8 10 8 8 10 8 10 10 8 8
left_child=1 -1 11 5 15 49 47 9 10 22 20 12 37 14 -14 17 -13 18 -5 27 -9 -11 23 26 25 -25 -8 -19 29 31 -31 -29 -32 -27 -23 -21 -35 -2 41 40 -40 43 -43 44 45 -17 -46 48 -7 51 -51 -4 -53 55 -55 56 -18 58 -57 -59 -61 -58
right_child=2 -3 3 4 -6 6 7 8 -10 21 -12 16 13 -15 -16 38 53 19 -20 35 -22 34 -24 24 -26 33 -28 28 -30 30 32 -33 -34 36 -36 -37 -38 -39 39 -41 -42 42 -44 -45 46 -47 -48 -49 -50 50 -52 52 -54 54 -56 57 61 59 -60 60 -62 -63
leaf_value=-0.0026248349739710335 -0.051346622372895938 -0.012449986532993697 -0.039393240506774514 0.037585601912595232 -0.023811856008336147 0.028342058457169597 0.004456499413511064 0.041956913303446926 -0.028420130331183027 -0.044835777079361754 0.0034271843177234012 -0.019545027067249938 -0.01420086213839581 -0.016927038430720413 0.049330176901297249 -0.040457603615379173 -0.010833758314186535 0.019568664887946303 0.0052144480577933769 0.026124020620146429 -0.011308265207895733 -0.025221056267025262 0.027301458085393485 -0.030237744470494807 0.018875987865732424 0.02811539399521934 -0.037371277686655234 0.016007726823563065 0.020376754747561579 -0.035613458244896999 0.029454564131575458 -0.023898521295681673 -0.01964376167345969 -0.050802304165130374 0.030061885679782754 -0.011846848201688633 0.010205917194765051 -0.0087860923132558662 -0.0026032241869473702 0.0079856819794517277 -0.042117499219420582 -0.033548810477882503 0.013216107316500733 -0.033062230432581767 0.011195501714163038 0.014250911341939169 -0.019416082471593325 0.024506588318612292 -0.0010646882986255508 0.031634970943315487 -0.018496010018228426 -0.044556915159901268 -0.0045196973691698766 0.037950973966043619 -0.003391741978460182 0.049249472559825945 0.021503271341188804 0.0085448312933077072 -6.5758973043723994e-05 -0.038639886899521948 0.0011406605842630181 -0.012352835135190849
leaf_weight=4916.917536765337 80.335005179047585 1535.1674242466688 91.707274332642555 220.37388607859612 97.297226175665855 113.08139196038246 65.003442391753197 120.60286359488964 54.771902412176132 95.315556094050407 333.46639570593834 178.05554030835629 44.855141371488571 149.09700833261013 50.337110817432404 56.683661207556725 521.72797204554081 252.62903997302055 103.40895238518715 365.86083553731441 31.550853490829468 63.746177330613136 71.583481043577194 106.139692902565 173.1566087603569 66.097222685813904 119.91032785177231 60.725933864712715 144.47610333561897 34.924352735280991 136.91742449998856 252.7125131636858 35.336010605096817 31.219506442546844 33.19166973233223 53.507729381322861 41.540389463305473 68.793691113591194 134.80315442383289 194.17712324857712 92.12445156276226 80.423105955123901 57.131148621439934 40.694281026721001 2197.2879758924246 38.161516904830933 75.934990778565407 263.2580808699131 411.28727799654007 78.339431867003441 55.31176595389843 48.231652766466141 449.35932220518589 52.682900846004486 2345.8980360031128 89.248708620667458 201.59460105001926 1615.3983246684074 52.535315155982971 75.954994440078735 238.36117944121361 90.531990095973015
leaf_count=22200 153 7706 155 348 154 189 113 193 87 148 611 344 76 289 77 97 884 401 171 578 48 100 124 174 282 106 195 99 224 55 215 390 54 50 50 93 67 117 216 311 149 126 88 72 3504 61 121 396 722 129 88 80 771 94 3916 141 329 2717 88 136 419 144
internal_value=0.000128023 -0.00496491 0.00256286 0.00475827 0.00754483 0.00024259 0.0032496 -0.00151214 0.00792442 -0.00740261 0.0120839 -0.000302423 -0.0138404 -0.0026883 0.0195056 0.0082101 0.000674134 0.01368 0.0273103 0.0103577 0.0308774 -0.0254768 -0.00221457 -0.00576577 0.00174523 -0.0103695 -0.0226956 0.00535677 -5.52474e-05 -0.00576311 0.00989121 -0.0161248 0.0192984 0.0048893 -0.00612736 0.0212507 -0.0162373 -0.0319359 0.00514332 -0.00643696 -0.0187809 0.00706218 -0.0141344 0.00828007 0.00900629 -0.0184741 0.0101627 0.0117551 0.00530931 -0.00887186 0.0108678 -0.0133681 -0.00849213 0.00135999 -0.00246616 0.00454213 -0.00299114 0.00750424 0.0310692 0.00575504 -0.00854857 0.0109876
internal_weight=19951 6452.08 13498.9 7643.46 4725.59 2917.87 2194.92 1407.3 540.392 866.904 485.62 5855.41 393.418 244.289 95.1923 4628.29 5461.99 1660.87 323.783 1337.09 152.154 192.253 674.651 603.067 418.153 244.997 184.914 917.721 665.092 520.616 207.178 313.438 172.253 138.857 96.9378 419.369 72.7599 149.129 2967.42 421.105 226.928 2546.32 137.554 2408.76 2368.07 94.8452 2273.22 787.627 524.369 722.949 133.651 589.298 497.591 5283.93 2398.58 2885.35 813.855 2071.5 141.784 1929.71 314.316 292.127
internal_count=52235 29906 22329 12405 7527 4878 3655 2348 939 1409 852 9924 712 442 153 7373 9212 2628 519 2109 241 298 1111 987 679 397 308 1438 1037 813 324 489 269 223 150 671 117 270 4745 676 365 4069 214 3855 3783 158 3625 1307 911 1223 217 1006 851 8868 4010 4858 1357 3501 229 3272 555 473
is_linear=0
shrinkage=0.05


Tree=42
num_leaves=63
num_cat=0
split_feature=194 91 298 191 0 15 309 244 167 125 24 166 120 326 165 327 165 261 94 171 275 149 221 189 315 298 76 198 153 123 153 148 324 313 45 35 229 43 265 244 309 166 259 46 294 235 157 77 41 171 120 265 274 123 111 83 286 274 322 188 166 40
split_gain=90.3247 47.2274 30.3578 38.6589 29.9999 31.9161 36.4081 37.3964 32.0872 41.2341 32.8837 33.841 34.6855 44.3474 45.1489 32.3403 30.3509 30.0283 38.8381 37.0846 36.8417 32.1396 29.2557 29.1196 29.3995 28.9034 28.8803 28.8602 28.1812 30.6007 27.9443 27.2591 29.974 27.037 26.134 25.9348 26.8582 26.766 27.8851 26.2322 25.7684 25.6839 27.8014 39.2213 34.2913 34.8678 33.995 35.7618 33.5392 34.6162 30.1191 30.3092 36.4107 27.8479 27.7824 27.2522 33.327 41.2335 39.8317 36.7644 34.1393 33.6476
threshold=0.5833330000000001 0.17546296296296301 0.090968400468724994 5.166666666666667 8.5000000000000018 8.5000000000000018 0.31818181818161156 0.017204380642296881 0.20462550490671313 0.4953042328040001 12.16666666666667 0.28571428571407148 0.48334818775966676 2069.5086206896553 0.11221951715280001 1.5000000000000002 0.061882443035561119 0.10714285714250002 0.2113888888888889 0.24326621376034815 0.12984305572100002 0.12426032913137501 4.5634722222222228 1.5833333333333337 0.11573387185363845 0.10467175578299996 4.6220238095238102 3.8299999999999996 0.30926566430754238 0.50909992784966673 0.18719285702968128 0.23219494166666674 0.28692493946700004 0.14893617021228206 0.55050505050505061 0.15833333333333335 0.67196988866396767 0.06458333333333334 6.6255462184873961 0.037529342723004698 0.31168831168803879 0.038974567099500007 0.50392354562266684 2.8819444444444451 0.53373945344685025 0.25446570972886767 0.11111111111098891 0.3403169856459331 0.069047619047619066 0.13386546233749169 0.36983222316000003 6.2498029439696117 0.11026386404283335 0.4444895382393334 4.5000000000000009 1.2928571428571431 0.10455045187600003 0.072252747252500013 0.10982310372500002 1.071666666666667 0.022750276039687503 0.14835164835164838
decision_type=8 8 10 10 2 8 10 10 10 10 10 10 10 10 10 2 8 8 10 10 10 10 10 10 8 10 8 10 10 10 8 10 10 10 10 10 8 8 8 10 10 10 8 10 10 10 10 10 10 10 10 8 8 10 10 10 10 10 10 8 10 10
left_child=1 2 27 -4 5 6 8 -8 35 10 17 12 16 31 -15 28 -12 19 20 -10 21 -19 25 24 -3 -6 40 -1 29 -16 -9 32 -14 -31 -18 37 -37 38 39 -2 -25 55 54 -44 45 50 -46 -48 -47 -50 -45 52 -52 -53 -43 56 57 59 -58 -39 -61 -59
right_child=4 23 3 -5 22 -7 7 30 9 -11 11 -13 13 14 15 -17 34 18 -20 -21 -22 -23 -24 26 -26 -27 -28 -29 -30 33 -32 -33 -34 -35 -36 36 -38 41 -40 -41 -42 42 43 44 46 48 47 -49 49 -51 51 53 -54 -55 -56 -57 58 61 -60 60 -62 -63
leaf_value=-0.010179019171594748 0.018431714541349422 -0.0068673037935406273 -0.0064445101226893314 0.02241016294285457 -0.012715126339347491 -0.0034704229866698469 0.036083938955993343 -0.031114159464228644 0.011978639848649855 -0.040024004927144252 0.040266078379408182 0.031653269447477241 -0.0094303051890341823 -0.010768596499364548 0.039534821208890104 -0.017799557192069545 0.0065395505437124916 -0.012440880990027277 0.029911895245348031 -0.03050770838776512 -0.036613784616940356 0.052997487557269199 0.024498757415009408 0.0055798096125373644 0.0011306793976304898 -0.060454104138578782 0.031673045850083334 -0.026536219424353708 0.0046185880052688737 0.017206441053109801 0.012297453689245381 -0.0067547897891898833 -0.060712247889904328 -0.028399441291853608 0.044331455683893295 0.033567497285818412 -0.014592817895510089 0.044639726773830685 0.038560075041670812 -0.035551350259837924 -0.031768459740371117 -0.015403951108386724 -0.038595393354671145 -0.034863566856274057 -0.022970895332392056 0.048713983882389345 -0.012361894822371372 0.046902429773147805 0.023866140441880828 -0.031941515507282456 -0.048610631432306158 0.040187391026358321 0.015876492405360803 0.0051646628445457532 0.00060170697713103291 -0.010290781887434996 0.049861409826502612 0.0054335381759229332 0.0068982948520813899 -0.0036692050733394079 0.028222418791512955 -0.03011834472770894
leaf_weight=1203.6141758263111 63.011875852942467 2347.9659547656775 986.58446311950684 130.50854808092117 142.76912248134613 1505.5293274074793 167.58773066103458 39.488720521330833 241.8590032607317 47.205281719565392 71.583447188138962 112.96144028007984 60.970044165849686 392.75881876051426 146.93662188947201 104.06303589046001 2118.2439151704311 37.555754363536835 413.65110009908676 64.118007659912109 46.74828714132309 35.718549534678459 37.393252804875374 860.84356798231602 2246.9342722892761 40.244408056139946 100.85897818207741 348.49654273688793 658.99822334945202 266.17701081931591 437.14238180220127 486.84016811847687 53.693248927593231 36.010434836149216 45.848270639777184 106.64786702394485 38.775441527366638 71.027997300028801 85.155849069356918 33.700676903128624 47.780062228441238 808.15038838982582 58.252635508775711 50.013024136424065 198.50463783740997 90.049767896533012 60.354831352829933 42.527154326438904 109.65817721188068 36.10216623544693 49.081856429576874 70.23473696410656 38.04556742310524 283.73207779228687 406.74584560096264 256.95015120506287 92.389738500118256 128.42256766557693 129.40912705659866 281.90695533156395 118.25424316525459 136.12970159947872
leaf_count=5846 103 9867 4652 235 246 2961 263 62 387 82 109 178 107 590 222 157 3249 66 676 103 78 60 58 1756 9926 68 204 661 1003 402 673 788 82 55 69 161 65 105 144 57 117 1302 96 83 310 138 101 63 170 58 79 114 55 472 612 406 138 205 197 521 202 220
internal_value=0.000120549 -0.0038742 -0.00934703 -0.00305196 0.00295676 0.00330981 0.00433861 0.0158265 0.0035394 0.00600914 0.00642021 0.00474051 0.00404803 -0.000397523 0.00394017 0.00871501 0.00843591 0.0155101 0.0226607 0.00298889 -0.0023295 0.0196747 -0.0152699 -0.00126556 -0.00295576 -0.0235115 0.00641816 -0.0138697 0.0112233 0.0208714 0.00863274 -0.0119671 -0.0338046 0.0116795 0.00736262 4.0355e-05 0.02068 -0.000775357 0.0178728 -0.000499499 0.00357758 -0.00174619 -0.00485088 0.000956137 0.00323688 0.00911706 -0.0109123 0.0123031 0.0248777 0.00988608 0.00150411 0.00570846 -0.0205339 0.0122217 -0.0100451 0.0041322 0.00801443 0.00287212 0.0249604 0.0117387 0.00578969 -0.012886
internal_weight=19928.9 8273.59 2669.2 1117.09 11655.3 11434.9 9929.39 644.219 9285.18 5441.94 5394.74 4555.08 4442.12 2206.45 1604.94 1212.19 2235.68 839.651 533.674 305.977 120.023 73.2743 220.407 5604.38 4594.9 183.014 1009.48 1552.11 1108.12 449.124 476.631 601.503 114.663 302.187 2164.09 3843.24 145.423 3697.81 181.868 96.7126 908.624 3515.94 2301.45 1086.56 1028.3 726.917 301.387 102.882 235.81 145.76 491.107 441.094 87.1274 353.967 1214.9 1214.49 957.54 735.741 221.799 471.189 400.161 264.552
internal_count=52235 33264 11394 4887 18971 18599 15638 998 14640 8463 8381 7011 6833 3406 2429 1839 3427 1370 880 490 204 126 372 21870 19793 314 2077 6507 1682 679 735 977 189 457 3318 6177 226 5951 304 160 1873 5647 3653 1739 1643 1169 474 164 366 228 803 720 134 586 1914 1994 1588 1253 335 828 723 425
is_linear=0
shrinkage=0.05


Tree=43
num_leaves=63
num_cat=0
split_feature=217 132 296 272 170 54 287 90 201 253 160 174 271 159 234 225 238 202 161 303 160 261 126 169 284 59 120 163 178 293 154 45 64 105 278 131 230 151 280 297 133 2 102 232 212 326 256 164 300 325 134 64 288 138 300 180 300 187 239 46 206 138
split_gain=83.6906 39.3788 36.9726 35.6006 30.5286 39.6578 34.7633 33.6536 27.649 34.0804 30.2549 31.1319 28.6939 33.4401 27.6466 35.4991 31.9753 32.1705 30.758 29.3646 27.6191 33.0411 35.5249 31.2487 30.9014 31.6963 30.7801 29.3507 28.2564 33.9092 36.1824 27.4955 26.7375 28.488 29.5759 30.7614 34.0897 33.1389 26.546 26.4818 26.2776 25.847 30.602 28.3947 28.386 28.3889 35.5608 29.7814 30.8422 28.2918 28.0464 26.6132 26.2619 26.2409 25.9714 35.0863 32.9982 31.7246 31.2457 32.2365 29.484 28.1331
threshold=0.5634920634920636 64.393095238095256 2399.8023566202896 0.10336342557850001 0.27374301675954754 0.63333333333333341 0.23701298701280005 0.39535000000000003 10.734 12.530000000000003 0.36050027133336671 0.12916666666650004 0.13613618447116668 0.80795454545430012 0.088799283154121875 0.16196343402225757 14.825557809330631 1.3580000000000003 0.29546167313055011 0.39999999999980634 0.30615065490045007 0.067797017796833337 0.037749287749250009 0.39701396487085366 2330.2248578360104 0.62730000000000008 0.31084609517050005 81.113928571428573 0.097775000000000015 0.25063982119345046 0.28571428571387353 0.44949494949494956 0.58166666666666689 0.37638888888888894 0.25463021626190013 0.3033476608187135 17.128289473684216 0.16081157194042725 0.4318527379051002 0.22222222222205001 0.021169354838666669 5.5000000000000009 0.43288288288288296 3.6904761904761911 6.3000000000000025 2360.8397590361451 0.18802366216133337 0.4180259611335404 0.1014572027969667 86.547746351543339 0.22261072261050005 0.32791666666666669 0.1022720273225501 0.22727272727255685 0.091585643290716695 21.500000000000004 0.083769059368250021 11.085000000000001 7.2558979297063084 4.2696969696969704 0.60799999999999998 0.22499999999980003
decision_type=8 8 8 10 8 10 10 10 10 10 10 10 10 10 8 10 10 10 10 8 10 8 10 10 8 10 10 10 10 8 10 10 10 10 10 10 10 10 8 8 10 2 10 10 10 8 10 10 10 10 8 10 10 10 8 10 10 10 10 10 8 10
left_child=2 -2 3 -1 5 6 20 8 9 10 11 12 13 31 15 18 -17 -18 -12 -16 26 22 -22 24 32 -26 -3 -27 -29 -30 -31 38 33 34 35 36 37 -23 -6 -8 -24 42 43 54 45 46 47 48 50 -43 52 -46 -45 -52 55 56 -28 58 59 -56 -61 -60
right_child=1 4 -4 -5 7 -7 39 -9 -10 -11 14 -13 -14 -15 19 16 17 -19 -20 -21 21 23 40 -25 25 27 41 28 29 30 -32 -33 -34 -35 -36 -37 -38 -39 -40 -41 -42 49 -44 44 51 -47 -48 -49 -50 -51 53 -53 -54 -55 57 -57 -58 -59 61 60 -62 -63
leaf_value=-0.010821043043756794 -0.0093643126662939068 0.027367861519214349 0.00097485293840774258 0.0047774900058228688 0.034591123753563491 0.032573551259171954 0.077496292381955184 -0.027324414054016227 0.011860683959954248 -0.0075071490977857815 -0.051497594774060546 0.010381855491495978 0.010634601963836207 -0.027718167448739922 0.029199682606078116 0.033028207564413103 -0.0048070649198034936 0.024885271267934508 -0.0028146565213754624 -0.016211942937123799 -0.034985952786088854 0.05215632532654723 0.036877825551826934 0.010516546153601499 -0.027849031066875019 0.035454965682215164 -0.0036157489882945727 -0.039444382823457642 -0.039017014941080022 0.0070087619675038536 0.057813919550159402 0.041583909327766531 -0.024211239612889832 0.031697373246233361 -0.011199881718892725 -0.0083858986833251197 0.055552960329854961 -0.020534129403345786 -0.0073288882122308279 0.0059111129440813058 -0.010479531109838959 -0.048123981672259696 0.056285879321946564 0.018525738824683953 0.0092291224035096608 -0.0030034910356037392 -0.0037342409412814085 0.04457088775757502 0.024274068474531785 -0.0060089980379053644 0.014640765642127712 -0.040128488256605185 -0.028814719102816817 -0.048366074640990971 -0.012335743279788451 0.030309326684057461 -0.023974802092267999 -0.011978216015987661 0.022155177358586606 -0.03677637846270717 0.027440471472046608 0.0041801062084535056
leaf_weight=2776.6166473180056 738.50116074085236 116.33407500386238 1398.4380889087915 420.20702329277992 40.445270776748657 93.323467940092087 24.202055007219315 78.836976900696754 1301.5544692128897 597.79337237775326 44.564170509576797 2548.2061875760555 398.47417463362217 142.33413022756577 38.223029866814613 117.54111455380917 315.0895249247551 127.17948879301548 113.98376519978046 385.60828764736652 153.97420364618301 22.074478596448898 30.289013430476189 449.91308183968067 60.633465632796288 92.152977898716927 776.42440432310104 32.876639410853386 33.313853368163109 289.9713276475668 38.996401399374008 35.317078605294228 215.93368348479271 49.37992636859417 858.360919252038 135.25389900803566 53.708713501691818 47.884493291378021 422.70280393958092 27.214118838310242 455.89360417425632 44.546890094876289 25.336347654461861 193.7080969363451 51.28739570081234 323.67987841367722 220.77173784375191 98.479793921113014 398.82344232499599 328.15131358802319 25.725717678666115 56.37168475985527 33.493936836719513 42.927387565374374 333.69359038770199 59.493548035621643 267.24232240021229 283.02306082844734 380.04786750674248 20.408137813210487 108.34407235682011 511.10738155245781
leaf_count=13023 1591 229 6795 1783 110 183 70 173 3032 1287 79 4763 723 290 118 203 520 221 209 829 379 42 69 829 129 176 1781 70 76 554 75 63 386 90 1511 259 104 94 824 114 1053 75 58 333 75 586 417 159 656 511 42 82 63 78 760 142 515 759 734 60 237 984
internal_value=0.00011422 0.00189059 -0.00580257 -0.00876827 0.00246191 0.000347585 -4.28989e-05 0.00493972 0.00532825 0.00372944 0.005152 0.00740825 0.000109455 -0.00643408 -0.00193051 0.00403893 0.00995973 0.0037569 -0.0167667 -0.0120457 -0.000319034 -0.00404912 -0.0141246 -0.00133271 -0.00410078 0.0059349 0.00207781 0.0101971 0.0042196 0.00829349 0.0132034 -0.000303176 -0.00808311 -0.00507555 -0.00673215 0.00804588 0.0259804 0.00274355 -0.00359073 0.0405379 -0.00744928 0.00142894 0.00254789 0.002208 0.00787621 0.00986904 0.0139822 0.0189183 0.0152157 -0.0111715 0.00294712 -0.0167006 0.0114293 -0.0248131 -0.000782005 -0.00670963 -0.00885165 0.00321209 0.00639841 -0.00413329 0.0170181 0.0118677
internal_weight=19906.4 15311.1 4595.26 3196.82 14572.6 7864.77 7771.45 6707.85 6629.02 5327.46 4729.67 3587.48 1039.27 640.799 1142.19 718.358 559.81 442.269 158.548 423.831 7720.03 3020.61 640.157 2380.45 1930.54 547.945 4699.42 487.311 395.158 362.282 328.968 498.465 1382.6 1166.66 1117.28 258.922 123.668 69.959 463.148 51.4162 486.183 4583.09 4210.39 4185.05 1445.27 1337.61 1013.93 793.158 694.679 372.698 295.855 107.659 227.202 68.6531 2739.78 1103.16 1043.67 1636.62 1353.6 462.446 128.752 891.155
internal_count=52235 30634 21601 14806 29043 15599 15416 13444 13271 10239 8952 6773 2010 1287 2179 1232 944 741 288 947 15232 5896 1501 4395 3566 1080 9336 951 775 705 629 997 2486 2100 2010 499 240 136 934 184 1122 9107 8521 8463 2491 2334 1748 1331 1172 586 516 157 396 120 5972 2438 2296 3534 2775 1057 297 1718
is_linear=0
shrinkage=0.05


Tree=44
num_leaves=63
num_cat=0
split_feature=194 91 232 328 238 263 153 143 60 261 274 180 238 47 77 142 260 105 240 128 132 307 177 150 168 153 165 272 142 173 282 140 302 71 160 139 154 169 161 108 173 131 107 153 267 143 240 145 160 215 123 306 287 178 261 105 76 242 226 124 229 230
split_gain=76.6747 42.1561 28.4575 31.6586 33.7874 30.8399 35.8769 31.6047 34.9135 39.4492 28.9067 42.3447 31.9798 31.9126 35.1315 35.9238 28.6423 32.829 31.839 28.1253 27.1402 26.3063 25.5634 28.4107 25.4478 25.2651 41.4462 40.6239 40.7557 35.7778 40.7226 36.8994 34.8247 33.278 29.2926 31.7395 45.908 30.9124 28.8315 28.7691 27.337 28.0878 27.3173 32.4731 32.718 45.0131 29.0021 28.0721 26.773 34.5753 39.0888 32.11 31.6706 27.0996 26.5237 26.0357 25.7563 39.2246 34.7687 29.7597 31.1753 26.4979
threshold=0.5833330000000001 0.17546296296296301 0.78888888888888908 -1.0000000180025095e-35 14.081939799331106 86.721066279295869 0.16780704875498056 0.94654761904750007 0.25250000000000011 0.14019129019100005 0.05107344272266668 7.5000000000000009 18.274521531100483 0.32786607142857155 0.37878110047846897 0.22701381951360003 0.10827922077916667 0.34428879310344834 3.4494949494949503 0.66666666666641683 71.827293771043784 0.09444444444404447 88.552777777777791 0.27312378167616674 0.64455502645484175 0.3083774250438473 0.13470887363320003 0.34238826232216674 0.28170634920620002 0.043717152412705691 0.44072578070420065 0.21739130434770657 0.31156633221808272 0.14907407407407411 0.40427960927945006 0.078952375230293456 0.24999999999975484 0.25123669675589339 0.23268553707190007 0.48383355263157907 0.12560679611633499 0.25780659113475185 0.28022653958944288 0.25883001961107727 0.17076545245066668 0.84002525252510007 7.9000000000000012 0.26686777467360007 0.36286255411240004 9.1943571428571467 0.47281223893050006 0.1315789473677654 0.1700573549255 0.21378637500000006 0.12499999999983334 0.13100686498855837 4.1519230769230786 0.033403068340306839 0.030536130536130541 0.1691855043245 0.61834758449545502 16.049571603427179
decision_type=8 8 8 2 8 8 8 10 10 8 8 10 10 8 10 8 10 10 8 10 10 8 10 8 10 10 10 8 10 10 8 8 10 10 10 8 10 10 10 10 8 10 8 10 8 10 10 10 10 10 10 10 10 10 10 10 10 8 10 10 10 10
left_child=1 20 -2 19 16 6 21 10 9 -9 12 25 22 -13 15 -15 18 -18 -5 -4 -1 -6 -7 -24 -3 26 29 -28 -29 30 -12 56 34 38 35 39 -37 -38 -34 40 -27 -42 -32 46 -45 -46 47 -44 52 50 53 -51 55 -50 -36 -39 57 -31 -58 61 -61 -60
right_child=2 24 3 4 5 7 -8 8 -10 -11 11 13 -14 14 -16 -17 17 -19 -20 -21 -22 -23 23 -25 -26 32 27 28 -30 31 42 -33 33 -35 54 36 37 48 -40 -41 41 -43 43 44 45 -47 -48 -49 49 51 -52 -53 -54 -55 -56 -57 58 -59 59 60 -62 -63
leaf_value=-0.011154783696342357 0.038432237967494412 0.0095931139741739883 -0.0056482204619519513 -0.02433464923311934 0.052273277348065007 0.0054855202009239934 -0.0058919197498471139 -0.022600348382991613 -0.026317702928285953 0.038136672047055377 0.067368873939136903 -0.021047417819236025 0.034837626032285081 -0.0059081571569036323 -0.027318344245699362 0.035277371700082424 -0.02331222310114479 0.021912518597661468 0.019850784356820514 -0.054485639852896499 0.0019384813977479096 -0.0069008510108917237 0.016222919739789437 0.063885989914589048 -0.0021784759479984419 -0.0063350134144954211 0.021834965897364497 -0.060104800035392751 0.020307961736067155 -0.037869426692239458 -0.018344078357790203 -0.042925488246774758 -0.0078854324475221282 -0.0188667404938733 0.00095540608863837237 -0.020924632273901338 -0.047408911673497547 0.035347802599238219 0.025064978723584177 0.027579036973425498 -0.021955086488552961 0.033656672888899668 0.011811115723492964 0.051877853549093189 0.050230692050847105 -0.032067948404522671 0.050756863394893749 -0.019572319831035384 -0.016009843157741503 -0.059428337315065687 -0.026321326312976446 -0.005997290204177815 0.045044078989374278 0.041236074548396437 0.025240310584772163 -0.00037496443620217202 0.035976933137073536 0.0010930068591522909 -0.023989991042562355 -0.025066960135074062 0.024049500084340869 0.0074317497309868965
leaf_weight=2170.1234949082136 54.545821934938431 503.53535345196724 655.45417204499245 57.311868965625763 46.782045364379883 1077.671365737915 1136.8549811840057 48.336432233452797 164.60790501534939 57.361323654651642 34.519818812608719 280.47260567545891 133.73564371466637 114.75137595832348 71.555430933833122 96.656914353370667 305.67328661680222 45.25238011777401 134.39885975420475 29.9308722615242 482.92276948690414 30.373967081308365 316.32091754674911 34.035104542970657 5089.8550568223 336.42966505885124 694.89744198322296 30.770399585366249 30.389290392398834 66.743125647306442 64.541562452912331 43.638632223010063 80.842075735330582 66.214806199073792 274.09224626421928 410.84428675472736 34.592924803495407 53.617494240403175 354.96846264600754 130.97535754740238 28.65360015630722 97.239454954862595 290.96764850616455 101.76008751988411 30.103171944618225 34.651940926909447 35.63240946829319 93.215237945318222 29.94081237912178 60.14262866973877 71.838516354560852 52.939647167921066 44.094936013221741 62.085219591856003 190.26686927676201 767.473233923316 115.52849392592907 1387.5101269036531 114.84853042662144 36.417846292257309 238.43944072723389 158.29300744831562
leaf_count=9369 90 1916 1135 89 75 1703 1835 85 294 105 52 499 211 195 120 162 505 71 204 53 2025 51 497 55 19954 557 1106 56 67 105 119 71 126 104 465 652 57 92 556 201 51 158 535 152 47 57 52 154 49 96 122 85 72 101 302 1240 198 2215 180 57 380 248
internal_value=0.000108262 -0.00357997 0.00272123 0.0025494 0.0032052 0.00384283 -0.00364024 0.00483699 -0.0119708 0.0103628 0.00535073 0.00403001 0.0115258 -0.00912444 0.00270847 0.012976 -0.0089434 -0.0174205 0.00655788 -0.00786452 -0.00876976 0.029124 0.00931626 0.021036 -0.00111634 0.00512995 0.00798885 0.0183907 -0.0203846 0.00521909 0.0151655 0.0020572 0.00185409 0.0139135 -0.000437117 -0.0028678 -0.006556 -0.00152156 0.0189372 0.00698723 0.00109588 0.0208866 0.01229 0.0156961 0.0343254 0.00629684 0.00823116 0.00415245 -8.709e-05 -0.0135935 0.00108467 -0.0347302 0.00424126 0.0225854 0.0109495 0.00199182 0.00300629 -0.000716537 0.0111619 0.00586535 0.0174563 -0.00580131
internal_weight=19888.6 8246.44 11642.2 11587.7 10902.3 10359.6 1214.01 9145.63 270.306 105.698 8875.32 7313.56 1561.76 563.436 282.964 211.408 542.636 350.926 191.711 685.385 2653.05 77.156 1428.03 350.356 5593.39 6750.12 3602.87 756.057 61.1597 2846.81 685.392 2161.42 3147.25 502.025 2645.23 2180.87 1587.57 1176.73 435.811 593.298 462.323 125.893 650.872 586.33 166.515 64.7551 419.815 384.183 1142.13 276.947 163.865 113.082 865.186 92.026 464.359 821.091 2117.78 1454.25 663.527 547.999 274.857 273.142
internal_count=52235 33264 18971 18881 17693 16824 1961 14863 484 190 14379 11913 2466 976 477 357 869 576 293 1188 11394 126 2255 552 21870 10937 5851 1229 123 4622 1168 3454 5086 786 4300 3533 2566 1914 682 967 766 209 1116 997 256 104 741 689 1857 453 272 181 1404 150 767 1332 3383 2320 1063 865 437 428
is_linear=0
shrinkage=0.05


Tree=45
num_leaves=63
num_cat=0
split_feature=214 132 315 219 266 206 136 248 283 298 170 215 221 248 180 153 82 324 8 124 45 206 319 271 60 140 101 177 269 265 147 262 276 247 215 267 242 262 30 214 131 122 31 70 262 205 154 75 153 299 304 282 218 154 124 53 140 120 50 321 306 139
split_gain=70.1698 36.2008 34.1699 32.0918 33.9967 34.4301 30.4892 32.8991 31.4263 32.9703 32.8642 29.8768 29.3817 29.553 28.7265 28.1608 28.3734 30.614 27.4869 27.3956 30.5455 30.254 27.0394 26.937 30.0576 26.2411 34.6943 26.1982 27.5296 40.1089 33.0991 28.9553 26.0865 25.9056 26.9508 33.2979 30.3916 27.7173 33.4586 29.9212 26.2303 28.1594 25.9062 32.5732 28.971 25.8578 26.6811 25.6862 25.4209 31.2176 25.2239 31.468 26.6585 25.8509 28.9484 27.4489 25.1656 24.9458 24.8597 29.8444 48.4808 25.3129
threshold=30.550000000000004 69.900946969696975 0.09392922132915256 1.8819444444444446 0.23803467079933335 0.59399999999999997 0.89243598148449632 3.1715686274509807 90.770506827595838 0.10249999999995001 0.234042553191008 8.9756250000000026 4.0297916666666671 3.948684210526316 20.500000000000004 0.42161987450737126 2.4722222222222228 0.42163742690000006 0.16025641025641027 0.063910934744000017 0.10555555555555557 0.64599999999999991 0.17046413568711091 0.20476058762033336 0.27290000000000009 0.16949152542333903 0.07362240289069559 91.308333333333351 0.18948063621200004 6.4682476027723359 80.090782828282826 0.12037037037016667 0.17504399195566669 8.4281585466556574 8.1249999999999982 0.35790020485783341 0.054583651642475174 0.2622655122653334 0.25516666666666671 97.225000000000009 0.41302712853535367 0.51428571428541681 0.075000000000000011 0.12250000000000001 0.11433239962633333 6.366666666666668 0.26785714285700896 0.10818713450292398 0.40387763966841966 0.13131682424489996 0.39534118351257669 0.44666666666649973 0.70714285714285718 0.20454545454517048 0.12644559698183336 1.4500000000000002 0.068181818181784107 0.5514469702681668 1.7750000000000001 0.081395348836904677 0.13333333333325556 0.49393738977052781
decision_type=8 10 8 8 8 8 10 10 10 10 8 8 8 10 10 8 10 10 8 8 10 8 10 10 10 10 10 10 10 10 10 8 8 10 10 10 10 8 8 10 10 8 10 10 10 10 10 10 10 10 10 10 10 8 8 8 10 8 10 10 10 10
left_child=11 2 25 -4 48 -6 8 -8 9 14 -11 -1 -10 -14 15 16 -7 -18 23 -17 21 -21 -15 32 45 33 -27 28 29 -9 -31 -30 -3 34 35 37 -37 39 -39 40 41 56 -42 -44 -45 46 -25 -35 49 50 51 -5 -52 -53 -55 -56 -2 -36 61 -60 -61 -20
right_child=1 18 3 4 5 6 7 27 12 10 -12 -13 13 22 -16 19 17 -19 58 20 -22 -23 -24 24 -26 26 -28 -29 31 30 -32 -33 -34 47 57 36 -38 38 -40 -41 42 -43 43 44 -46 -47 -48 -49 -50 -51 52 53 -54 54 55 -57 -58 -59 59 60 -62 -63
leaf_value=-0.0098891461107701584 0.037919779495361898 -0.0038978786953058897 0.027619290111108277 -0.032663815963731892 0.024954466274979437 -0.015298574168742449 -0.01880656341592591 0.048506820837306147 0.019527276858643468 -0.027889587032087621 -0.0023732736018848913 -0.0022007464066666894 -0.017467152520477418 -0.0023675781013381345 -0.028915213253389905 0.056601632116709627 0.012490473924936591 -0.012702362302027509 0.0057858230236586304 0.055652993277982413 -0.025075678578780104 -0.0049889613744247188 0.028226679488064673 0.033857068917642216 -0.012938971867109475 -0.0073281000662665623 0.022185469262058732 -0.035841997007794724 0.027410389143221248 0.037687552007785341 -0.011506221853576117 -0.022612630329834252 -0.037383778236761499 0.025652223966672539 0.019064945891638849 -0.035764577985829542 0.01453070683545047 0.064605530276703446 -0.013396699131381393 0.02610453587674734 -0.027131044952614175 -0.021986733611127105 0.054886847550635637 -0.020953742896180506 0.031342449431092372 0.064726185077817258 -0.0070668126903572605 -0.024710862005646789 -0.023853156368049869 -0.020497313052132229 0.050796715838886279 -0.023684137469065905 -0.0074574100242699587 0.025889632221413206 -0.0043066673487960113 0.034560549662684466 -0.020196171768782065 -0.024331120576076466 0.049340052412413377 -0.0076115937530019454 0.049945620716922587 -0.020860037293941737
leaf_weight=2090.8615871965885 38.260118454694748 934.21624945104122 112.92023213207722 75.090849742293358 168.3964197486639 116.32531364262104 335.61041362583637 69.582803055644035 528.84929659962654 157.11320638656616 629.0008682757616 3198.8591160625219 134.0678543150425 167.23541060090065 60.914560586214066 14.580148056149481 1348.5038474202156 131.42583912611008 4591.3234237283468 24.759090259671211 171.4618179500103 100.910235658288 125.56922972202301 82.989532291889191 84.272150218486786 221.73538936674595 178.99354869127274 40.029733672738075 37.503790885210037 47.82401031255722 113.00119292736053 115.34066385030746 61.115097776055336 26.636113047599792 175.12460805475712 33.542629688978195 228.83043892681599 24.691352665424347 28.797530725598335 44.698498725891113 57.372093498706818 761.82187792658806 33.299902006983757 68.075609102845192 41.941117152571678 29.961759239435196 74.887737274169922 313.54446409642696 177.70582428574562 217.05986562371254 47.349712580442429 91.225486546754837 32.462465852499008 127.24892567098141 476.06189253926277 49.201385721564293 34.449253439903259 39.792575314640999 68.893809884786606 116.53089103102684 52.123701721429825 89.857173413038254
leaf_count=10856 76 1548 310 129 306 228 646 116 918 262 1071 15650 222 262 128 29 2329 223 7916 42 308 235 203 152 140 408 314 67 66 76 198 194 117 51 326 60 409 47 53 64 105 1446 58 125 70 45 130 580 315 396 83 162 51 217 805 76 65 75 121 190 85 155
internal_value=-0.000309223 0.00148005 -0.000657892 0.00133114 0.000825259 0.00282509 0.00198483 -0.00713832 0.00385341 0.00113976 -0.00750828 -0.00524197 0.0116613 0.00188156 0.00459726 0.0056844 0.00836993 0.0102428 0.00438212 -0.00803486 -0.0114025 0.00726414 0.0107872 -0.00217936 0.011728 -0.00577081 0.00586469 0.00212389 0.0061853 0.0170784 0.00323395 -0.0102075 -0.00599445 -0.0081652 -0.00550583 -0.00804637 0.00797043 -0.0117623 0.0230435 -0.0135106 -0.0152494 -0.0191485 0.000953969 0.0123416 -0.000869353 0.022831 0.0144914 -0.0206892 -0.00633867 -0.00352567 0.000586371 -0.00203572 0.0272417 0.00108961 0.00459174 -0.000597722 0.0104165 0.0109314 0.00607398 0.021829 0.0103369 0.00526893
internal_weight=19871.8 14582.1 8395.94 6044.33 5931.41 4638.01 4469.61 758.893 3710.72 2754.99 786.114 5289.72 955.722 426.872 1968.88 1907.97 1596.26 1479.93 6186.17 311.711 297.131 125.669 292.805 1267.44 272.111 2351.61 400.729 423.282 383.252 230.408 160.825 152.844 995.331 1950.88 1610.7 1395.78 262.373 1133.41 53.4889 1079.92 1035.22 834.531 200.689 143.317 110.017 187.839 157.877 340.181 1293.41 1115.7 898.641 818.829 79.8122 743.738 652.512 525.263 72.7094 214.917 4918.73 237.548 168.655 4681.18
internal_count=52110 25604 15005 10673 10363 8129 7823 1363 6460 4855 1333 26506 1605 687 3522 3394 2780 2552 10599 614 585 277 465 2132 467 4332 722 717 650 390 274 260 1665 3610 2979 2578 469 2109 100 2009 1945 1587 358 253 195 327 282 631 2234 1919 1523 1389 134 1260 1098 881 141 401 8467 396 275 8071
is_linear=0
shrinkage=0.05


Tree=46
num_leaves=63
num_cat=0
split_feature=224 100 296 302 255 315 289 106 161 293 0 248 131 70 322 71 61 262 117 149 156 72 234 41 169 155 281 332 144 286 139 230 170 257 17 295 240 272 164 266 76 140 147 76 325 164 178 259 302 169 45 156 124 72 210 111 228 224 66 76 213 219
split_gain=64.0674 32.2284 28.44 26.0045 34.7277 41.4467 27.2329 29.4639 31.9746 25.7019 43.5093 31.8211 28.9682 26.0697 25.3315 31.7706 28.017 27.9368 34.9785 47.4557 34.7361 26.9268 25.243 24.6839 28.1913 32.116 25.8364 30.1366 25.7436 25.2677 24.9419 24.5775 26.2666 25.6536 24.4692 26.8647 33.0598 24.2237 24.0734 31.9844 34.3497 34.5594 33.1457 38.9444 36.9008 31.5794 35.6366 34.7513 28.5586 31.2802 30.3364 37.5377 31.3738 32.507 29.275 28.5449 27.9077 29.6276 30.7147 31.5546 29.4201 27.975
threshold=1.0000000180025095e-35 0.16843971631205676 2387.6546780611425 0.24363636363592367 0.27549045152166668 0.082467479893764253 0.12752145275576113 3.2329457364341088 0.2920128894200501 0.31739357864340018 5.5000000000000009 4.6770833333333348 0.35921025582010585 0.21583850931677021 0.15643825301200001 0.060661764705882359 0.28708333333333341 0.25200817700800004 1.0000000180025095e-35 0.036382458121500004 0.065934065933675831 0.45227272727272733 0.083020050125313286 0.22649572649572652 0.22094771576244265 0.054621254946270029 0.29499670619200019 1.0000000180025095e-35 0.16371295371280004 0.081928184883000008 0.046296296296273153 18.732520325203257 0.27160493827118831 0.54583481134633338 1.5000000000000002 90.91756455052878 6.8166666666666673 0.045751642098333344 0.32189320203022098 0.24034560100866667 3.4472222222222229 0.23809523809511907 81.868111111111133 4.3660287081339719 89.435112028301901 0.34714340196969701 0.24602560000000004 0.48907985175366675 0.30232558139512794 0.3493105955271843 0.35504201680672276 0.072289156626192799 0.063910934744000017 0.13484848484848486 1.0000000180025095e-35 4.5000000000000009 0.050740184509761858 0.68333300000000008 24.500000000000004 4.6733333333333347 22.950000000000003 5.7321428571428585
decision_type=8 10 8 8 8 8 10 10 8 10 2 10 10 8 10 10 10 10 8 8 8 10 10 10 10 10 10 2 8 8 10 10 10 10 8 10 8 10 10 8 10 8 10 10 8 10 8 10 10 8 10 8 8 10 8 10 10 10 10 10 10 10
left_child=2 3 37 6 9 -6 7 -2 -9 13 11 -11 -12 23 16 34 21 18 19 -17 -20 -7 -15 24 25 28 31 29 -5 -28 -25 32 33 -26 35 36 -16 -1 48 42 41 -41 43 44 -40 46 47 -44 49 -3 52 -52 -51 -54 -55 -48 57 58 59 60 61 -42
right_child=1 38 -4 4 5 14 -8 8 -10 10 12 -13 -14 22 15 17 -18 -19 20 -21 -22 -23 -24 30 26 -27 27 -29 -30 -31 -32 -33 -34 -35 -36 -37 -38 -39 39 40 56 -43 45 -45 -46 -47 55 -49 -50 50 51 -53 53 54 -56 -57 -58 -59 -60 -61 -62 -63
leaf_value=-0.008602247944266497 0.016932178022881814 0.0019467753082903294 0.00047339492601778424 0.036451394093240046 -0.036319376225275458 -0.0036950412572243473 0.035295562542607253 -0.020393225960665555 0.019936533601822813 0.032496150187728952 -0.033605538378969464 -0.01325489239995095 0.019030249165772565 -0.0012944568422904269 0.036332175100362886 -0.029654023609075843 -0.051713033949655984 -0.033556755587177765 0.024897627720306209 0.04186036550268557 -0.04705148645081448 -0.04114975692696924 -0.056578578938518254 0.0018483794376509058 0.0062515587308288592 -0.04124090434910619 -0.037934231488596502 0.029846011362345111 -0.021189014016317041 0.0010995134635120895 0.059382197857749654 -0.015533792350559196 0.043221399383431169 0.053374858970169109 0.048605378507415725 -0.021399386977180863 -0.022598577129085539 0.0029417392599806816 0.0076385584774984186 -0.0098785292597122626 0.011716452801838192 0.04067352436846617 0.0084714502609652617 -0.046525687802414437 -0.037105135474400072 -0.0020314708629313046 -0.01157221694799713 0.06450983025789063 0.0079257873939958812 0.020258183618645981 0.06519355845824254 0.0021288328438614054 0.0010470441115838362 0.026796588567587227 -0.020155103676303441 0.031614297253550659 1.0103417513604339e-05 0.0066620292445078643 0.062464728016411779 0.043933645904524976 0.027101525858569911 -0.02495414447495042
leaf_weight=3455.7089030444622 72.052669033408165 3004.0589086711407 1808.641345217824 34.107056424021721 95.628374248743057 1547.1234941780567 29.47148922085762 538.19918714463711 53.159072354435921 260.05671875178814 60.622292160987854 43.750072240829468 44.412318453192711 48.320528954267502 100.53298132121563 31.324306190013885 31.605908825993538 63.481309801340103 24.762127876281738 81.797724381089211 47.522208735346794 48.575386375188828 35.369252607226372 37.294644206762314 320.53849829733372 74.478181377053261 82.928643792867661 38.661222100257874 42.180000692605972 81.348011672496796 37.588890790939331 69.544001147150993 74.079097762703896 30.84887969493866 57.140378758311272 46.089246734976768 30.224072098731995 522.00923265516758 164.25510090589523 352.49703274667263 660.32020258903503 36.372142449021339 50.570827856659889 73.625201761722565 62.873116806149483 673.38587318360806 110.49099999666214 61.644561737775803 1157.6136943697929 77.252911642193794 26.222584769129753 179.18105944991112 312.807721093297 33.840366005897522 734.93623511493206 57.227533623576164 481.58244387805462 926.13214804232121 37.898533642292023 99.493317484855652 319.72145414352417 55.438682213425636
leaf_count=16134 142 5268 8874 58 192 2793 67 1017 100 434 105 72 73 78 168 58 57 128 45 140 88 94 64 62 554 132 141 64 68 136 60 135 124 48 107 85 55 2454 279 598 1271 65 80 124 111 1091 191 100 2140 134 43 304 575 93 1266 90 834 1436 62 183 469 97
internal_value=-0.000294147 0.00152759 -0.0047224 -0.00206921 -0.000368903 -0.0042924 -0.0109367 -0.0130481 -0.0167319 0.00573765 0.0162954 0.0258694 -0.0113326 0.00143554 -0.00282212 0.00721992 -0.0058076 -0.00519438 0.00461771 0.0219274 -0.0223326 -0.00486341 -0.02511 0.00387088 0.00142016 -0.0181071 0.00566531 -0.00931409 0.00465485 -0.0186852 0.0311962 0.0118228 0.016332 0.0105425 0.020412 0.0110523 0.0226044 -0.00708568 0.00311999 0.00596168 0.00878865 -0.00504522 -0.000729838 -0.015177 -0.00483373 0.00383383 0.0179177 0.0395977 0.000946455 -0.000903337 -0.00717978 0.010481 -0.0103208 -0.0125262 -0.0180497 0.00323393 0.0108764 0.0133659 0.018645 0.0171237 0.0145029 0.00883832
internal_weight=19850.6 14064.3 5786.36 4314.82 3621.94 2205.81 692.882 663.411 591.358 1416.13 408.841 303.807 105.035 1007.29 2110.18 482.874 1627.3 248.888 185.406 113.122 72.2843 1595.7 83.6898 923.597 848.714 150.765 697.948 202.938 76.2871 164.277 74.8835 495.01 425.466 351.387 233.987 176.846 130.757 3977.72 9749.44 4223.53 2969.46 388.869 1254.07 300.753 227.128 953.32 279.934 112.215 5525.91 4368.3 1364.24 205.404 1158.84 1081.58 768.777 167.719 2580.59 2099 1172.87 1134.97 1035.48 715.759
internal_count=52110 24648 27462 7744 6418 4010 1326 1259 1117 2408 684 506 178 1724 3818 874 2944 459 331 198 133 2887 142 1582 1460 258 1202 341 126 277 122 861 726 602 415 308 223 18588 16904 7081 5015 663 2066 514 390 1552 461 180 9823 7683 2415 347 2068 1934 1359 281 4352 3518 2082 2020 1837 1368
is_linear=0
shrinkage=0.05


Tree=47
num_leaves=63
num_cat=0
split_feature=214 132 283 79 241 230 146 138 170 109 177 134 116 297 214 174 281 130 136 28 5 294 58 56 169 290 178 207 132 279 0 103 266 8 169 304 271 161 244 254 317 169 243 316 169 260 140 130 250 148 29 242 90 30 103 292 129 0 171 219 82 149
split_gain=58.5128 31.9885 29.544 41.1456 37.0331 32.3804 32.2691 30.4303 28.8314 26.8347 31.29 30.184 28.3402 45.6719 27.9387 25.7707 40.7918 34.7821 36.4312 31.0377 34.8054 34.8795 32.5035 25.8571 25.6526 29.8393 28.429 26.5954 33.9766 25.8536 25.6058 25.2827 25.9117 24.794 25.5076 26.0535 29.8705 28.0455 27.8904 31.4855 27.7528 32.0112 26.2975 30.3745 27.6187 25.9511 30.1753 25.0669 28.6021 24.6716 33.8644 28.0723 24.6152 24.6811 24.4436 40.3664 28.2257 24.1971 23.9474 30.5099 30.695 30.1671
threshold=30.550000000000004 69.900946969696975 90.334087360767228 0.90573958333333338 0.11670896785109984 18.030000000000005 0.17341991341980004 0.33333333333330867 0.27272727272701841 0.88271943947525355 98.210000000000022 0.1303144224195 0.68250000000000022 0.08252238065495833 94.414285714285725 0.060661764705500006 0.24679891813575006 89.996005291005304 0.79166666666651009 0.45683333333333342 1.5000000000000002 0.45671848848775015 0.48930000000000007 15.366666666666669 0.33758296799414611 0.3185921325048503 0.15463333333333337 2.3787500000000006 66.81291666666668 0.16532340208789986 7.5000000000000009 0.45972972972972981 0.020833410675666669 0.16025641025641027 0.44495843426274678 0.42210460721355314 0.19393538193300006 0.21887783763340005 0.023856953139821668 0.097777777777500005 0.47826086956470076 0.19676178920567908 0.25720213396561947 0.29591836734646931 0.27062841136434035 0.046957671957500002 0.11111111111089818 83.744722222222222 5.6000000000000005 0.43851003500522467 0.75583333333333347 0.06357156853140003 0.28805000000000008 0.31283333333333335 0.41897974493623413 0.49368374830205003 0.29583333333325007 3.5000000000000004 0.063437012130987888 6.0500000000000007 3.4722222222222228 0.056972222222200011
decision_type=8 10 10 8 8 10 10 8 10 10 10 8 8 8 10 10 8 10 10 10 2 10 10 10 10 10 8 8 10 8 2 10 8 8 10 8 10 10 10 10 10 10 10 10 10 10 10 10 10 10 10 10 10 10 10 8 10 2 10 10 10 10
left_child=8 2 4 7 -2 15 52 30 -1 10 12 -11 -7 -14 -15 16 -6 19 49 31 21 22 -21 -24 25 26 29 -26 -29 -18 -4 54 -33 34 35 36 37 -3 39 45 41 -40 43 44 -38 -39 -47 48 57 50 -19 -52 -5 -54 56 -56 58 -43 59 60 -17 -60
right_child=1 33 3 6 5 9 -8 -9 -10 11 -12 -13 13 14 -16 17 24 18 -20 20 -22 -23 23 -25 27 -27 -28 28 -30 -31 -32 32 -34 -35 -36 -37 42 38 40 -41 -42 47 -44 -45 -46 46 -48 -49 -50 -51 51 -53 53 -55 55 -57 -58 -59 61 -61 -62 -63
leaf_value=-0.0082901460165453657 0.041481543569771073 0.01456635784061047 0.00022718303027843926 0.047939757852475902 -0.029262268014743787 -0.020759006357136914 0.051756792580462889 0.016253765283791466 -0.00087678148038631556 -0.010324517559687338 0.041199907843248978 -0.056847313616603258 -0.028370309444161447 -0.0012657166860126003 0.029476823006655991 -0.0030705602502561161 0.033982345682728593 0.046446642848950281 -0.011499220625586219 0.050744115373480829 0.045228064456874835 0.00023410535793258965 0.035680652503767674 -0.0095115889621624969 -0.047630629661519319 0.034139666988244298 -0.0056977366143224671 -0.025546329998305656 0.017589287257797848 -0.017313220691509392 -0.037465890026634835 0.031986232186560867 -0.019848844506095288 0.0056882613960499116 0.036851024417924885 -0.043598689837934392 0.020345091831497214 -0.014203448362145371 0.04146980667708576 -0.012058682074131084 -0.032098198680788441 -0.0017650889962379822 0.034303722814074684 0.031377797827580663 -0.028569618489364956 0.071383708108357036 0.0063440205944017228 -0.024589391409859343 -0.025118213292038019 0.070662319680005359 -0.040822445354611353 0.025461207862810427 -0.033092978553572898 0.014647567230776128 0.031570072408656794 -0.022032924003413792 -0.014497662130357566 0.048640301692122245 0.020646535995154015 0.029671836996784381 -0.046471319097803582 -0.00047048267259773249
leaf_weight=2782.957285925746 46.678842753171921 134.1148509979248 1565.2341061681509 36.127127021551132 176.51787808537483 335.06557030975819 71.279636010527611 308.8228684514761 2483.3319243192673 80.914794221520424 30.917161777615547 61.458279505372047 132.59697660803795 374.23413687944412 90.988500654697418 82.970457747578621 89.515484556555748 68.285573065280914 65.122632101178169 69.845777362585068 55.173987179994583 826.58539812266827 51.577466025948524 78.485672503709793 56.840350523591042 59.467582941055298 774.33205789327621 116.35238015651703 73.700025349855423 32.85821045935154 45.385009467601776 25.141480356454849 315.05915780365467 4916.4870508760214 39.560211047530174 38.124348714947701 42.524727866053581 28.724717050790787 28.803787007927895 123.64754298329353 181.54874576628208 57.329364240169525 90.040576040744781 57.266400501132011 84.732584238052368 37.978636756539345 33.602452203631401 191.08086220920086 57.792230382561684 32.981273978948593 27.882846623659134 34.71161375939846 35.816728740930557 101.19000962376595 125.26372307538986 47.731309831142426 407.51278939843178 39.422167584300041 200.06702867150307 29.889031186699867 79.834356069564819 1061.7945291996002
leaf_count=14512 105 225 2706 59 338 699 119 547 11994 145 59 107 255 745 138 163 165 120 117 121 83 1354 97 147 120 120 1410 216 124 66 83 47 561 8467 66 66 70 54 45 205 303 99 164 96 144 59 55 317 89 58 48 55 59 168 222 94 721 75 359 46 154 1885
internal_value=-0.000279725 0.00135315 -0.0006588 0.00437121 -0.00241036 -0.00274981 0.0236511 0.00190256 -0.00479613 -0.0104964 -0.00747822 -0.0306983 -0.00913922 -0.00259444 0.00478653 -0.00105544 -0.00688268 0.00112553 0.0199541 -0.000125618 0.00688979 0.00478223 0.0234682 0.00850707 -0.00357334 0.00013732 -0.00214759 -0.0179068 -0.00878818 0.0201399 -0.000854441 -0.00332401 -0.015921 0.00408131 -0.00215345 -0.00344434 -0.00211663 -0.00646464 -0.0101015 0.00476401 -0.0160963 -0.00825926 0.012311 0.00142536 -0.0121539 0.0254651 0.0414289 -0.0125257 0.00242012 0.0324786 0.0223557 -0.004164 0.0118204 0.0019815 -0.00120895 0.01671 -0.00288446 0.0190093 0.000373418 -0.0159932 -0.0245372 0.00288734
internal_weight=19831.3 14565 8382.21 2163.86 6218.35 6171.68 244.414 1919.44 5266.29 1106.18 963.802 142.373 932.885 597.82 465.223 5065.5 1379.58 3685.92 228.984 3456.93 1081.67 1026.49 199.909 130.063 1203.07 956.173 896.706 246.893 190.052 122.374 1610.62 2375.26 340.201 6182.78 1266.29 1226.73 1188.61 914.045 779.931 223.953 555.977 374.428 274.564 184.524 127.257 100.306 71.5811 345.625 154.544 163.861 130.88 62.5945 173.134 137.007 2035.06 172.995 1862.07 96.7515 1454.56 192.694 162.805 1261.86
internal_count=52110 25604 15005 3741 11264 11159 405 3336 26506 2148 1896 252 1837 1138 883 9011 2559 6452 398 6054 1802 1719 365 244 2221 1761 1641 460 340 231 2789 4252 608 10599 2132 2066 2000 1526 1301 373 928 625 474 310 214 168 114 580 263 281 223 103 286 227 3644 316 3328 174 2607 363 317 2244
is_linear=0
shrinkage=0.05


Tree=48
num_leaves=63
num_cat=0
split_feature=217 277 132 1 300 160 162 161 63 200 269 46 126 42 129 173 252 50 280 225 108 188 205 178 164 164 232 45 42 281 231 260 302 161 304 19 276 178 102 293 139 155 129 226 228 223 43 211 60 83 319 32 73 164 104 276 43 49 8 169 286 207
split_gain=54.1124 31.6711 29.636 28.1037 34.9215 35.5492 34.7008 33.6058 33.1987 31.5065 30.433 30.3377 27.4252 26.7594 26.4137 26.022 30.0419 37.2351 41.0569 25.6796 25.2602 25.7834 24.6585 24.3712 29.9543 31.0567 28.2397 26.6467 37.86 33.9625 32.6392 32.5973 35.2597 38.9107 28.5166 27.9816 30.1481 26.1241 26.0956 25.6191 27.3411 26.5054 25.2832 24.58 24.2486 38.6994 31.3954 31.4979 25.8049 25.7357 23.1896 24.5097 36.4184 23.0534 27.1682 41.4617 34.3415 29.6282 28.138 31.0616 37.0631 28.7759
threshold=0.58571428571428574 0.13100827603750009 69.900946969696975 1.5000000000000002 0.089091194106325003 0.30615065490045007 0.10333333333325002 0.29713318625790003 0.50166666666666682 102.90000000000002 0.40684510421316672 3.6201923076923079 0.35569985569966672 0.54195804195804198 inf 0.039215686274392161 77.500000000000014 0.55000000000000016 0.46640438390220001 0.13667496886674971 0.48631643132220809 0.78000000000000014 7.366666666666668 0.034125000000000009 0.27022470583333341 0.27663099030303034 3.2678571428571432 0.22649572649572652 0.16025641025641027 0.33729797013939994 9.5147058823529438 0.23333333333316669 0.29107033326485571 0.28342208672490005 0.33858770781003111 4.5833333333333348 0.10556482906083335 0.25901310000000005 0.12220009955201594 0.27206014415665014 0.11466480680929451 0.16250472411180955 1.0000000180025095e-35 0.052289815447710192 0.023952954675846246 0.68333300000000008 0.65686274509803932 4.5857142857142863 0.25170000000000009 1.4722222222222225 0.13253193484361744 0.10555555555555557 0.21583850931677021 0.45254246658796488 0.06186224489795919 0.074074074073833346 0.12916666666666668 0.79729670329670344 0.13809523809523813 0.32696186625853979 0.05103416322710002 5.6295000000000011
decision_type=8 8 10 2 10 8 8 10 10 10 10 10 10 10 8 8 8 10 8 10 8 10 10 8 8 8 8 10 10 10 10 10 10 10 10 10 10 8 10 10 10 8 8 8 8 10 10 10 10 10 10 10 10 10 10 10 8 10 8 10 8 10
left_child=1 -1 3 6 5 12 7 10 9 13 -2 -9 19 20 -14 16 -8 -18 -19 -5 21 -6 23 43 38 26 -26 28 31 30 44 32 34 -34 35 36 39 -33 -25 40 -27 -41 -31 -17 46 48 47 -29 -46 -50 -7 52 -52 54 58 57 -57 -56 -4 -60 -61 -62
right_child=2 -3 53 4 8 50 15 11 -10 -11 -12 -13 14 -15 -16 22 17 18 -20 -21 -22 -23 -24 24 25 27 -28 29 -30 42 -32 37 33 -35 -36 -37 -38 -39 -40 41 -42 -43 -44 -45 45 -47 -48 -49 49 -51 51 -53 -54 -55 55 56 -58 -59 59 60 61 -63
leaf_value=-0.0086252209834040607 -0.0057787919647943956 -0.00018072342420489645 -0.0047474732940203457 0.014752898074053764 0.03368399756652548 -0.02171453777012565 -0.019365943955010866 -0.023366052080231993 0.057659487817764365 -0.059442261454795142 -0.052445486829003275 0.031909146952562882 -0.041666082185325366 -0.048626304865204868 0.022562635000629314 -0.0099938011314408375 0.06084566419562 -0.012381105217902129 0.032270692073089795 -0.0049774451342079508 0.011703123871954083 -0.0023958417928206304 -0.02696907731267937 0.021193755608088963 0.068721383276762707 0.025096030591918162 0.0068590719831027221 -0.014452070571904403 0.033401077899149312 0.031271378655561309 0.0088958827334127931 0.0051552528575989146 -0.044750102537113465 0.014107824007964934 -0.022606193390320311 0.043641840480145425 -0.026510486120231731 0.064290886251987089 -0.012472041285288678 0.0090211819028038712 -0.028580735759513105 0.069806343032643922 -0.00022180406549576916 0.03857435303928694 0.012705968178828889 0.028303793459022175 0.0057840793035197763 -0.060240890720064867 -0.027683093382192062 0.019798523655904902 0.051638733780455463 -0.030580071116000879 -0.0063880166794424674 -0.0076243657543413534 0.012102379335176477 0.051587511282507929 0.014146833448941685 -0.016265892817339696 0.0082880934547669791 0.015541020201839255 -0.006969080735965031 0.021739939979046868
leaf_weight=2623.212131306529 1151.4024904817343 1926.9101291149855 980.9594043046236 227.03880569338799 49.586196765303612 598.84103420376778 43.58802118897438 31.57316380739212 23.676074996590614 21.558555245399475 35.088556095957756 104.31585130095482 73.532064467668533 27.142325311899185 19.581643149256706 35.119026780128479 56.32905139029026 82.12492336332798 134.51769916713238 594.60699355602264 417.32762235403061 2317.6955912709236 63.288468182086945 65.696235880255699 36.009380474686623 49.318020343780518 37.671116322278976 77.948275670409203 163.78810551762581 131.15286789834499 294.90891589224339 35.953011333942413 73.229243546724319 44.376149967312813 57.874140560626984 66.922274440526962 50.882631525397301 38.753979936242104 418.4701663851738 36.713325083255768 43.884540438652039 35.131521999835968 122.45501853525639 94.608099117875099 78.16815359890461 74.118613421916962 59.078486099839211 73.695283770561218 187.8917250931263 32.750005960464478 36.731672406196594 50.450840875506401 94.426834776997566 417.6199357509613 172.0770181119442 65.642449796199799 808.4119747877121 195.46164754033089 2366.4267923533916 276.46722409129143 1113.7554431408644 93.662708759307861
leaf_count=12422 1796 9186 1962 684 126 1551 75 48 57 37 53 157 194 60 50 51 85 124 203 1551 1078 5543 93 99 52 73 57 120 249 197 436 52 109 66 84 95 79 59 630 54 67 52 183 141 117 104 88 104 287 48 103 155 285 794 351 128 1531 390 4597 586 2151 151
internal_value=-0.000265742 -0.00505102 0.00116087 -0.000734034 -0.00345875 -0.00914171 0.00220495 -0.00450191 -8.2968e-05 -0.00058742 -0.0072061 0.0189528 -0.00244218 -0.000113412 -0.0280096 0.00526924 0.0187801 0.024938 0.015342 0.000479711 0.000374948 -0.00162408 0.00360283 0.00438406 0.00322891 0.00605578 0.0376749 0.00475938 0.0124445 1.81399e-05 -0.00463262 0.00594524 0.000911474 -0.0225673 0.00907239 0.0156285 0.00676229 0.0363417 -0.00785938 0.017148 -0.000159769 0.0393635 0.0161041 0.0254121 -0.0114804 -0.00378109 -0.0250006 -0.036986 -0.0118242 -0.0205553 -0.0169746 -0.0012844 0.0100926 0.00372207 0.00450429 0.0110998 0.0170201 -0.00297385 0.00280632 0.00473286 -0.000935248 -0.00472176
internal_weight=19811.6 4550.12 15261.5 8770.99 4552.2 1695.21 4218.8 1322.38 2856.99 2833.31 1186.49 135.889 914.76 2811.75 93.1137 2896.42 316.56 272.972 216.643 821.646 2784.61 2367.28 2579.86 2516.57 2386.84 1902.67 73.6805 1828.99 696.827 1132.17 878.559 533.039 458.332 117.605 340.726 282.852 215.93 74.707 484.166 165.047 93.2026 71.8448 253.608 129.727 583.651 372.928 210.722 151.644 298.81 220.642 780.45 181.609 131.159 6490.48 6072.86 1241.59 874.054 367.539 4831.27 3850.31 1483.89 1207.42
internal_count=52110 21608 30502 17861 11474 4573 6387 2054 6901 6844 1849 205 2479 6807 244 4333 487 412 327 2235 6747 5669 3846 3753 3561 2832 109 2723 1039 1684 1304 790 679 175 504 420 325 111 729 246 140 106 380 192 868 556 312 224 452 335 2094 543 388 12641 11847 2400 1659 741 9447 7485 2888 2302
is_linear=0
shrinkage=0.05


Tree=49
num_leaves=63
num_cat=0
split_feature=224 136 296 97 254 307 322 221 259 106 165 193 48 262 238 83 307 317 100 312 132 63 292 176 168 295 297 276 321 217 48 30 169 121 212 263 62 133 245 134 153 305 312 232 269 67 270 151 248 94 316 94 270 137 185 213 122 308 253 325 167 152
split_gain=49.2047 29.1177 26.0337 23.9902 23.6338 31.1208 33.6275 24.7096 26.9441 25.7911 23.5724 23.4866 22.8151 25.7583 25.2719 33.4538 26.8606 25.7498 34.6413 22.9675 22.5889 28.9296 32.3865 34.2296 29.2082 25.5099 24.5258 31.9027 22.4509 40.8375 28.9271 41.0989 43.9863 43.1105 37.5131 35.7738 33.925 30.4283 28.7187 29.2841 32.3118 28.5664 28.8933 46.918 35.6678 32.0092 28.9685 30.0133 30.3502 28.8969 28.3216 28.2223 34.3838 32.8202 28.9075 29.2208 28.7394 29.7596 31.6456 33.5148 36.7145 28.5124
threshold=1.0000000180025095e-35 0.89243598148449632 2387.6546780611425 28.500000000000004 0.10947767637483334 0.10930934873917858 0.11258802816900002 2.1075714285714287 0.43674842917016671 4.2873015873015881 0.11178974858777226 3.1683333333333334 0.37836363636363646 0.24698773448750003 15.484582542694499 0.95000000000000007 0.083333333333096407 0.47826086956470076 0.18808962264150947 0.16152024489773339 63.754212962962974 0.17607142857142857 0.50500091795055024 0.30384615384600006 0.89656779211102766 87.988665924441747 0.24708617771092506 0.15296927071200003 0.101694915253842 3.3541666666666674 0.46233333333333343 0.26383333333333342 0.33927854552834502 0.47619047619016674 5.5800000000000045 92.09398874223605 0.18708333333333335 0.072230822153166688 0.59878391365417316 0.35669642857100009 0.34090909090905203 0.20515030946061122 0.13104552475033895 4.7083333333333348 0.29602657647000002 19.500000000000004 0.24505499039766671 0.20187640997490144 5.1380952380952394 0.14083333333333337 0.28670924451228658 0.50083333333333357 0.12286163153933334 0.24801587301569647 25.833333333333339 23.612500000000004 0.81497043261716684 0.11844881349884527 4.3800000000000008 89.612916666666692 0.28914039955680837 0.64806039393123094
decision_type=8 8 8 10 10 10 10 8 10 8 10 8 10 10 8 10 8 8 10 10 8 8 10 10 10 10 8 10 8 10 8 10 10 10 8 10 10 8 10 10 10 10 10 10 10 10 10 10 10 10 10 10 10 10 10 10 10 10 10 10 10 10
left_child=2 28 3 -1 7 6 11 8 -3 10 -10 -6 14 19 15 16 -9 -16 -19 -14 -7 25 24 -24 -23 -22 27 -27 38 30 31 32 -30 36 35 -33 37 -34 -2 41 -41 42 46 44 45 -44 47 48 -40 -49 -37 53 54 -51 55 -53 57 58 -55 -60 -61 -58
right_child=1 4 -4 -5 5 20 -8 12 9 -11 -12 -13 13 -15 17 -17 -18 18 -20 -21 21 22 23 -25 -26 26 -28 -29 29 -31 -32 34 33 -35 -36 50 -38 -39 39 40 -42 -43 43 -45 -46 -47 -48 49 -50 51 -52 52 -54 56 -56 -57 61 -59 59 60 -62 -63
leaf_value=0.0019668689267835853 -0.017623395516257877 0.049251445785430725 0.00083007130396902827 -0.0082269448679405249 0.0086511883576064694 -0.036041663617988433 0.001739276933036511 0.029677854669700299 -0.016946824465421485 0.034507360069104792 0.031670374002439043 0.052148977106069694 -0.023905277761515253 0.020520100459582004 -0.024539658871558099 0.060185899394700287 -0.03405208071927579 -0.0075234544494527855 0.051956580292906999 0.01128036185960582 0.01422553013698835 0.022114378706161855 -0.032822801927397283 0.018022589678703928 -0.01314239906997583 -0.060340929233711475 0.010320846621789823 -0.00036123129428301945 0.0084365012147143651 0.046343299568390207 0.0089397362657232284 -0.0027344055054204699 -0.027545037539989527 0.015135289294380475 -0.018350619596319957 0.078336092920840164 -0.044994264439547349 -0.0014279140644914395 -0.0047633072991249614 -0.038204287990515035 0.004245182977845291 0.02171311293787985 0.010578663086725441 -0.018961720628815681 -0.019673956687940058 -0.0093049040813627058 -0.01970903232750023 -0.017623307158554466 0.026849375412638987 0.022144814018397147 0.0037386701655869208 -0.0070190581582339449 0.021931612333522889 0.026113396734871803 0.030296301600773141 -0.044114822699207717 -0.05417781947685324 0.04557380237657447 0.010550044761135505 -0.024886161816694542 0.015139917159582121 -0.0017887058739343158
leaf_weight=700.41372282803059 219.41942621767521 29.948324635624886 1802.4378663301468 3250.2038087546825 53.845928549766541 50.928215324878693 208.88072450459003 32.760015740990639 148.99093869328499 41.338511690497398 28.896925494074821 74.823830142617226 517.29250846803188 39.553042590618134 146.77685645222664 32.322128444910049 31.39035838842392 114.34167838096619 30.062211990356445 50.154986873269081 42.530806913971901 243.01789164543152 92.632809832692146 50.268322691321373 76.437880262732506 69.419695034623146 28.839177265763283 32.619297951459885 2127.8176250904799 56.626968875527382 2012.37805134058 496.0762305855751 140.29695226252079 215.22926637530327 430.21743586659431 24.611707240343094 63.23304446041584 532.14036951959133 1047.2686959952116 98.039307951927185 81.21593114733696 167.66887736320496 650.26152999699116 427.6508667320013 182.80961556732655 292.550297498703 130.68000093102455 107.93882288038731 80.830670431256294 517.92715704441071 25.788210958242416 218.09604246914387 105.80643884837627 194.4392214268446 36.936239391565323 69.595097616314888 32.06671553850174 54.92860634624958 555.99260687828064 168.02241607010365 85.690384909510612 122.4101714193821
leaf_count=3211 416 66 8874 15377 98 103 361 65 309 79 56 122 914 67 288 58 57 281 59 88 70 422 170 82 135 117 55 62 3862 89 3373 892 254 395 698 45 116 975 1823 171 142 333 1109 702 343 458 211 201 136 854 64 394 166 349 55 108 55 89 938 291 149 208
internal_value=-0.00025247 0.00134302 -0.0041468 -0.00641836 -0.00384256 0.00177737 0.0141889 -0.00847209 0.00557697 -0.000563207 -0.00888838 0.0341916 -0.0119987 -0.0180439 -0.00249782 0.0195387 -0.00147404 -0.00985785 0.00509696 -0.0207722 -0.00432811 -0.00172723 0.00480036 -0.0149012 0.013648 -0.019088 -0.0299774 -0.041405 0.00234272 0.00443935 0.00403989 0.00160565 0.00444165 -0.00449179 -0.00732422 0.00136493 -0.0102535 -0.00691721 6.80586e-05 0.000787137 -0.0190269 0.00146817 0.000795096 -0.00488409 0.000471992 0.00440026 0.00329712 0.00418891 -0.00247199 0.00750116 0.0410793 0.00876544 -0.00267798 0.011613 -0.0107571 -0.0161319 0.0070995 0.0100417 0.00804963 0.00367885 -0.0113415 -0.0129744
internal_weight=19793.8 14040.7 5753.06 3950.62 2268.07 1024.24 337.55 1243.83 249.175 219.226 177.888 128.67 994.654 607.001 387.653 96.4725 64.1504 291.181 144.404 567.447 686.694 635.766 462.357 142.901 319.456 173.409 130.878 102.039 11772.7 6124.42 6067.79 4055.41 3078.72 950.9 976.694 546.476 735.67 672.437 5648.25 5428.83 179.255 5249.57 5081.9 1553.27 1125.62 942.812 3528.63 3397.95 1128.1 2269.85 50.3999 2161.91 430.434 1731.48 324.627 287.691 1213.55 1059.07 1004.14 809.705 253.713 154.477
internal_count=52110 24648 27462 18588 4184 1797 581 2387 510 444 365 220 1877 1069 808 180 122 628 340 1002 1216 1113 809 252 557 304 234 179 20464 10763 10674 7301 5602 1740 1699 1001 1345 1229 9701 9285 313 8972 8639 2612 1910 1567 6027 5816 1959 3857 109 3656 723 2933 557 502 2079 1816 1727 1378 440 263
is_linear=0
shrinkage=0.05


Tree=50
num_leaves=63
num_cat=0
split_feature=0 1 24 46 152 111 284 285 156 247 140 235 260 26 298 158 213 63 127 276 78 47 156 309 120 266 76 296 106 303 254 149 261 118 106 298 79 237 211 25 138 120 256 137 151 263 245 317 322 120 205 252 197 105 16 286 161 99 274 154 218 311
split_gain=49.7814 41.6344 38.7818 39.7043 35.9865 40.05 33.3725 32.77 33.2999 32.628 32.3132 32.1099 31.0821 30.2444 29.2232 28.7102 30.9237 32.9721 28.2241 28.445 28.095 32.0419 31.486 30.2099 27.8312 27.417 27.3526 35.3818 31.1738 31.5141 54.5669 31.4521 29.1871 28.6245 35.7706 31.5762 31.032 28.2426 28.0656 27.9648 27.7439 27.3628 27.1894 26.8582 26.7508 26.4357 26.3747 33.2961 26.4561 28.2943 28.8378 33.8054 33.8398 29.4485 28.0294 40.0206 31.2754 30.5791 28.2786 38.4029 40.9744 28.5855
threshold=10.500000000000002 1.5000000000000002 9.8333333333333339 4.912878787878789 0.69296930778377541 2.5000000000000004 2205.9452132376787 0.17521896962659997 0.032086479066365484 7.8780405405405416 0.046511627906825594 0.26068688344903185 0.35634920634900008 1.5833333333333337 0.086069015275700031 0.13885281385270001 25.31666666666667 0.47357142857142859 0.37797619047616676 0.049632371976166677 0.45955050505050515 0.37393095238095247 0.10144927536193481 0.2567567567563615 0.39840452580700009 0.1709475600468334 3.6510869565217394 2540.8290981476925 3.6988372093023263 0.47900628782927218 0.077790404040333341 0.094751184273050015 0.026709401709333339 0.097416472416333347 3.9136645962732923 0.075427293606300003 0.64895119047619054 0.66020461426036137 7.1125000000000007 1.5833333333333337 0.34693877550973479 0.40873015872966673 0.1598003848 0.33837727928610611 0.21175494608176884 86.677547064007058 0.61058470645491303 0.41824548256316013 0.17902592301600004 0.37144660894633347 6.6333333333333337 74.500000000000014 2.7083333333333335 0.29340028694404596 2.5000000000000004 0.099909768415499964 0.32683298040075009 0.18333300000000005 0.10123262838283334 0.21428571428541551 1.0500000000000003 0.28377135214006327
decision_type=2 2 10 10 8 10 10 10 8 10 8 10 10 10 8 8 10 10 8 8 10 10 10 10 8 10 10 10 10 8 8 10 8 10 10 8 10 10 10 10 10 10 10 10 10 10 10 10 10 8 10 10 10 10 2 10 10 10 10 8 10 10
left_child=1 2 -1 4 5 -4 43 11 -9 15 -10 26 18 20 -8 -3 17 24 19 -7 23 25 -23 -12 -17 -22 27 32 -28 31 -31 37 -6 -32 35 -35 -36 -30 40 44 41 -38 -21 -5 -37 -11 47 -13 49 -48 51 53 -53 -51 55 -54 58 -57 59 61 -61 -56
right_child=-2 9 3 6 7 12 14 8 10 45 13 46 -14 -15 -16 16 -18 -19 -20 42 21 22 -24 -25 -26 -27 28 -29 29 30 33 -33 -34 34 36 39 38 -39 -40 -41 -42 -43 -44 -45 -46 -47 48 -49 -50 50 -52 52 54 -55 56 57 -58 -59 -60 60 -62 -63
leaf_value=0.020322468398891149 -0.035485639266409179 -0.01561831211500871 -0.032930601497374618 0.015286884368896579 -0.032242263965684428 0.036394822479074926 0.013020997285772998 -0.023631731311385788 0.030774866044957938 -0.007723579723802533 0.031480904423400569 0.018129059375156815 -0.027373810901717519 -0.03105302131959466 0.050953898458150529 0.0056293478977362784 0.017635566469488512 0.036727252653024775 0.025937398067368451 -0.00081366550146348996 -0.0062208060446649581 0.019149420505571755 -0.034048223337486243 -0.0053988041458708337 -0.0073099085341706647 0.040571696813296337 -0.023771755436924502 -0.038767985936319221 -0.0095140613958717684 0.062203665279642453 -0.021956590971859011 -0.022535845951573156 0.0057170254427989587 0.025320045274428146 0.047873949681895123 -0.03344262097342636 0.027756234047200415 0.020057266352536834 0.036768621759847964 -0.04732266048825115 -0.043325458654264827 -0.0032576101820956278 0.019377356167098972 -0.02123683842229326 0.026886591542559263 0.0012978089944168196 0.025947423140401035 -0.031160921824455685 -0.025780077768203697 0.0032262752273879191 -0.0091074241270516394 0.052801998649012152 -0.012413987988309467 -0.037230566752663681 0.025589208554402144 0.049683857131945841 -0.028183001900180138 -0.0019175798081547636 0.0006110615181021612 0.043801025012556345 -0.007712537196643836 -0.033964332977764647
leaf_weight=309.01020878553391 97.108742088079453 583.25296561419964 53.421875700354576 160.01723572611809 52.456826791167259 79.421330869197845 105.73655635118484 76.3448775857687 161.80971014499664 922.43482999503613 64.746957987546921 48.577163964509964 49.847389683127403 49.753382697701454 99.192693620920181 490.68804334104061 162.00031711161137 46.344313055276871 294.51053515076637 561.85669022798538 37.99702861905098 72.45114740729332 43.759011298418045 356.17140012979507 2677.5434471219778 166.17426566779613 278.62359026074409 50.535454094409943 449.65284244716167 33.996619313955307 141.33211544156075 410.71432216465473 954.27060496807098 35.773100808262825 46.608063042163849 36.39219343662262 93.950116038322449 97.325606897473335 61.128050059080124 76.243839383125305 31.924109220504761 281.96040791273117 235.79018957912922 72.187430888414383 35.103573888540268 6729.7584236860275 166.23255461454391 110.32903252542019 65.20225901901722 127.84362660348415 316.59497459232807 46.960927292704582 247.50563676655293 68.119132414460182 40.03134948015213 55.088539391756058 35.081497699022293 58.305711150169373 137.06812058389187 242.95459212362766 45.344774648547173 38.568246454000473
leaf_count=491 314 2165 84 235 88 124 162 120 240 3190 95 81 83 75 152 1677 266 158 447 832 60 111 63 544 9082 247 430 78 681 52 218 620 1443 54 74 54 147 140 91 111 51 430 368 108 51 22990 250 181 104 231 466 77 373 133 62 82 52 82 206 355 71 59
internal_value=4.19918e-05 0.000219347 0.00297839 0.00228446 0.00140863 0.00903952 0.0169063 -0.000200535 0.00792133 -0.00169729 0.0104768 -0.00186866 0.0109047 0.00628488 0.0315644 -0.00538111 -0.0036072 -0.00468445 0.0125596 0.00803732 0.00883606 0.0199686 -0.000959114 0.000323464 -0.00530319 0.0318512 -0.00492509 0.00163458 -0.00821241 -0.00583176 0.00102636 -0.0120933 0.00370411 -0.00151343 0.00263783 -0.016254 0.00939035 -0.00421622 0.00546127 -0.0264568 0.0006781 0.00453339 0.00516548 0.00386863 -0.00379044 0.000208804 0.00336292 -0.0160427 0.00519796 0.00645856 0.00421912 0.0079199 0.0118334 -0.0109293 0.00963383 -0.00113837 0.016844 0.0233226 0.0200378 0.0272604 0.0356828 -0.00363004
internal_weight=19777.1 19680 8068 7758.99 7321.86 1274.85 437.134 6047.01 1029.21 11612 952.863 5017.8 1221.43 791.053 204.929 3959.83 3376.58 3214.58 1171.58 877.068 741.3 320.381 116.21 420.918 3168.23 204.171 3167.99 1057.26 2110.73 1832.1 874.412 957.693 1006.73 840.416 699.083 183.513 515.571 546.978 468.963 147.74 407.835 375.911 797.647 232.205 71.4958 7652.19 1849.81 158.906 1690.9 1625.7 1459.47 1142.87 946.909 195.963 899.948 360.9 539.049 113.394 503.967 366.899 288.299 78.5996
internal_count=52161 51847 12319 11828 11171 1938 657 9233 1555 39528 1435 7678 1854 1195 314 13348 11183 10917 1771 1324 1120 481 174 639 10759 307 4813 1609 3204 2774 1333 1441 1531 1281 1063 270 793 821 719 216 628 577 1200 343 105 26180 2865 262 2603 2499 2249 1783 1419 364 1342 537 805 164 753 547 426 121
is_linear=0
shrinkage=0.05


Tree=51
num_leaves=63
num_cat=0
split_feature=167 267 0 106 80 16 172 242 245 246 316 297 141 246 300 279 202 221 89 289 141 215 34 123 307 149 191 101 207 270 207 296 30 260 164 188 326 321 200 186 244 323 46 238 46 282 250 230 326 42 94 101 94 178 197 172 155 141 139 93 73 211
split_gain=46.0908 38.0061 32.0081 29.8743 34.2064 28.5396 29.4165 29.3777 29.8777 25.295 26.1527 28.9262 27.2475 26.2613 25.271 26.1015 31.1952 30.9188 32.9763 23.6028 31.1057 24.2701 43.2451 53.5546 33.1279 27.941 25.8472 28.1897 25.0022 23.7254 23.5875 24.0886 24.3482 44.7965 36.7573 28.1088 27.7675 25.6568 27.1065 23.9324 25.3829 23.3991 25.9275 27.9237 23.3704 28.0705 35.9857 22.8516 26.5814 22.7994 23.6154 30.4125 22.6435 34.1187 30.1098 22.3394 26.5266 26.1413 26.1297 23.7198 31.5372 26.7486
threshold=0.11762403446202487 0.58367923621583351 7.5000000000000009 4.2254032258064518 1.2361111111111114 5.5000000000000009 0.16999999999972004 0.043573191570153789 0.69632886785539061 14.923850019327407 0.25831069696217823 0.061666666666599999 0.13793103448224139 17.003448275862073 0.092406107611562496 0.20833333333325008 1.2859999999999989 4.833541666666668 0.90640000000000021 0.072300532356000036 0.18181818181784096 7.4249999999999998 0.49166666666666675 0.42673276433250013 0.044444444444033344 0.05845057720045 3.8333333333333335 0.13976744186046516 5.0580000000000007 0.24999999999983338 7.354166666666667 2437.8481457792327 0.28716666666666674 0.03935185185183334 0.35416368283281202 1.3316666666666668 2212.8258145363411 0.088888888888672857 93.90000000000002 89.833333333333357 0.04571845658737269 0.23117408906850004 4.7928571428571436 18.547375160051221 3.9258241758241761 0.49260712956050012 6.6000000000000005 15.378409090909093 2127.7026647966345 0.37980769230769235 0.26583333333333342 0.09449404761904763 0.40500000000000008 0.44189073333333345 7.9000000000000012 0.042553191489202134 0.204729049975479 0.1333333333330167 0.34315953654171799 0.29472222222222233 0.57417582417582425 6.3875000000000011
decision_type=8 10 2 8 10 2 10 8 10 8 8 8 8 10 10 10 10 10 10 8 10 8 8 8 10 8 10 10 10 10 10 10 10 10 8 10 8 10 10 10 10 8 10 10 10 10 10 10 8 10 10 10 10 10 10 10 8 10 10 10 10 10
left_child=2 3 55 4 5 7 9 8 44 -7 11 13 14 -11 -12 16 17 18 -16 20 -5 22 29 -24 -25 28 27 -26 41 -21 31 32 34 36 35 52 -34 -35 -39 -36 -41 -23 43 -43 45 46 -2 -6 49 50 51 -49 54 -54 -27 59 57 -57 -58 60 -1 -61
right_child=1 -3 -4 19 47 6 -8 -9 -10 10 12 -13 -14 -15 15 -17 -18 -19 -20 21 -22 25 23 24 26 30 -28 -29 -30 -31 -32 -33 33 37 39 -37 -38 38 -40 40 -42 42 -44 -45 -46 -47 -48 48 -50 -51 -52 -53 53 -55 -56 56 58 -59 -60 61 -62 -63
leaf_value=0.0014541165329678403 -0.0030083740180201759 -0.013203953306101763 -0.035924072426610484 -0.019595734646773257 -0.0011790196536281428 -0.013653140993870039 0.029603135249850383 -0.0007105096410880132 0.0023093633627133494 0.069036524109119354 0.00099777003104520507 -0.013308581093241866 0.0009106156370292652 -0.0061221624214534516 0.023066893465644972 -0.0039445224717214022 0.060438927982812224 0.066625780315861735 -0.040879687316758576 0.0086754475870880459 0.028897786111774151 0.035842901700282689 -0.027534325025726288 -0.016601562174118161 -0.0050626298613170766 0.0072499886986052073 0.063661084251591574 0.071652713717774458 0.051026553069141958 -0.042064708102708515 0.048642292025860054 0.011800372951124745 0.049561940960221457 -0.063686525237022396 0.003301044036395015 -0.016764653816012134 -0.0081530689803773915 -0.032512895562406739 0.013375002899072844 0.033819316539712367 -0.013873890217927605 -0.010390397150698458 0.029661250520514566 0.03378113478266552 -0.02402331142371144 -0.015296164055112827 0.048957398570905766 -0.039976749176845891 0.015720879002381321 -0.043754453285182543 0.01169278665168446 0.025317095303109761 -0.03421353817530258 0.020835936843061072 -0.047462240961581414 -0.016915206186373995 0.048930059046184159 0.021849879497833746 -0.024084401057245464 -0.02458736305071324 0.045467577017529813 0.040329842157596912
leaf_weight=511.45510996878147 167.87349635362625 473.80944074690342 96.25313314050436 179.8581640869379 604.09561581909657 177.90591162443161 119.68803802132607 9534.7567391097546 436.99572797119617 21.27118107676506 122.90196014940739 236.08398845791817 333.7343432456255 23.766322419047356 107.64581932127476 52.011680066585541 79.723075971007347 30.478206366300583 23.759346544742584 510.92249101400375 39.47249798476696 77.891282379627228 30.690633907914162 20.214204266667366 35.388640075922012 607.43557465076447 113.53348378837109 16.928438395261765 43.373221427202225 23.114065885543823 25.451223492622375 429.03243073821068 33.744553059339523 39.931048288941383 293.35714362561703 310.40891723334789 51.214536279439926 105.51211926341057 45.273907631635666 164.39542683959007 32.817001551389694 203.63241441547871 81.823553785681725 42.345585510134697 337.65735276043415 403.82987797260284 40.490490958094597 56.467385932803154 803.2492637783289 27.799631431698799 211.06967397034168 24.953870102763176 92.503776043653488 39.35964572429657 25.221646398305893 692.74793644249439 32.53329735994339 45.447506546974182 18.437280684709549 136.66257710754871 43.25631020963192 16.9723941385746
leaf_count=1447 488 2266 318 530 1574 563 314 24273 1474 52 293 567 820 60 240 199 170 45 50 1282 108 230 79 62 137 1475 177 56 68 61 39 1269 92 86 836 775 154 253 67 252 52 510 221 128 958 1120 63 129 1970 62 428 51 225 81 40 1979 84 116 56 432 127 28
internal_value=3.9691e-05 0.000755344 -0.00811005 0.00113017 7.0532e-05 -0.000858126 0.00605664 -0.00170047 -0.00849755 0.00369947 0.00670785 -0.00627159 0.0115798 0.0299951 0.0200938 0.0280395 0.0349333 0.0220478 0.0112455 0.00511495 -0.0107542 0.0061149 0.014078 0.0328669 0.0429506 0.00393051 0.0502949 0.020545 0.0153235 0.00639546 0.00169398 0.00114426 -0.00134119 -0.015016 0.00107173 -0.00410084 0.0150222 -0.0284318 -0.0187046 0.0124012 0.0258278 0.0113781 0.00545831 -0.00265995 -0.0134719 -0.00761441 0.00725164 0.00665518 0.0108692 -0.00129387 0.00286006 -0.0198405 0.00104955 -0.0177111 0.00498947 -0.00629618 -0.0120764 -0.0144955 0.0224675 0.000144444 0.00497092 -0.0171691
internal_weight=19760.6 18166.9 1593.77 17693.1 13978.2 12250.6 1328.97 10921.6 1386.85 1209.28 1031.38 281.121 750.254 45.0375 416.52 293.618 241.606 161.883 131.405 3714.85 219.331 3495.52 750.792 216.755 186.065 2744.73 165.851 52.3171 449.066 534.037 2295.66 2270.21 1841.18 275.676 1565.5 1074.93 84.9591 190.717 150.786 490.57 197.212 405.693 327.802 245.978 949.851 612.194 208.364 1727.64 1123.54 320.291 292.491 81.4213 764.521 131.863 632.657 1497.51 789.166 738.195 50.9706 708.346 554.711 153.635
internal_count=52161 47574 4587 45308 35963 31749 3373 28376 4103 3059 2496 679 1817 112 997 704 505 335 290 9345 638 8707 1854 511 432 6853 370 193 1157 1343 5696 5657 4388 652 3736 2596 246 406 320 1140 304 1089 859 638 2629 1671 551 4214 2640 670 608 180 1821 306 1515 4269 2235 2095 140 2034 1574 460
is_linear=0
shrinkage=0.05


Tree=52
num_leaves=63
num_cat=0
split_feature=0 8 106 277 219 297 184 132 140 260 170 328 271 161 192 178 19 125 170 94 132 51 160 322 168 238 198 28 193 59 297 295 314 140 286 248 265 302 296 132 242 71 232 184 188 46 289 200 188 253 282 161 238 291 157 177 46 285 130 126 83 311
split_gain=42.32 38.063 40.2354 39.5885 37.8384 41.124 36.1189 35.1161 33.9527 33.2852 32.7103 30.8754 30.1146 26.8714 26.726 38.4299 27.7392 26.7195 29.7088 25.8285 25.7353 25.4037 25.0006 24.684 29.9453 32.0175 24.6071 26.7533 24.7369 25.207 26.0332 33.996 28.5609 27.4695 24.2845 23.9077 33.3828 25.3241 27.5474 28.544 23.5608 23.4343 23.3874 28.4398 23.0402 22.7239 32.8977 25.6156 23.9176 22.4285 22.335 27.759 25.8708 25.659 25.0196 25.7966 30.9176 27.8416 22.1616 23.3284 22.4976 22.1159
threshold=10.500000000000002 0.12916666666666668 4.325834175935289 0.073490153332899974 5.3875000000000011 0.19148254523244998 5.6333333333333337 71.442180735930762 0.12499999999951936 0.03935185185183334 0.31666666666610288 -1.0000000180025095e-35 0.088477763868666667 0.36760285015080002 0.65583333333333349 0.12561333333333335 4.166666666666667 0.1769841269838334 0.24999999999927297 0.25787037037037047 72.653452380952402 3.1000000000000005 0.33666514041490009 0.14451137884850004 0.70587483427060238 14.602197802197802 6.2600000000000025 0.4938333333333334 1.1658333333333337 0.72870000000000024 0.14833333333330026 88.739853477005269 0.099173553718489696 0.083333333332770848 0.038888888888799961 2.7171428571428575 7.0358694546194549 0.2748091603048875 1872.2004180297606 67.07704545454547 0.046186166774402078 0.11324786324786326 12.250000000000002 5.6833333333333345 0.74166666666666681 4.6201923076923084 0.092693779879350083 102.90000000000002 1.4116666666666668 3.4900000000000007 0.44927183612730009 0.31960901571480005 16.097167584579072 0.17857142857141434 0.18181818181787127 89.922500000000028 3.5358974358974362 0.11778478057870004 79.3576388888889 0.16666666666658336 1.0500000000000003 0.2906482563436889
decision_type=2 8 10 10 10 10 10 10 8 8 10 2 8 8 10 8 10 10 10 10 10 10 10 10 8 8 10 10 10 8 8 10 10 8 8 8 10 10 10 10 10 10 10 10 8 8 8 10 10 8 10 8 10 10 8 10 10 8 8 10 10 10
left_child=1 2 3 61 10 14 9 11 -8 -4 35 12 58 41 15 -6 34 -16 -19 -20 22 -9 -21 24 -13 -26 28 40 -25 30 31 -30 33 -32 -17 36 -5 -37 -39 -40 -28 49 45 -44 -23 47 -47 -27 -48 -14 53 52 -52 -31 55 56 -54 -58 -3 -60 -61 -1
right_child=-2 7 6 4 5 -7 8 21 -10 -11 -12 23 13 -15 17 16 -18 18 19 20 -22 44 -24 26 25 42 27 -29 29 50 32 -33 -34 -35 -36 37 -38 38 39 -41 -42 -43 43 -45 -46 46 48 -49 -50 -51 51 -53 54 -55 -56 -57 57 -59 59 60 -62 -63
leaf_value=-0.030383828261156279 -0.033387697919920578 -0.020731825632923244 0.019267863987788666 -0.0060039280650814623 0.05513652578325412 -0.031460239673847652 0.047234954963872471 0.016149066208519299 -0.0027327461037524913 -0.012540469992213655 0.0097179743124224723 0.0055318039957194497 -0.00024066981983020903 0.031973346897341146 0.041534281618331649 -0.041632016329654187 0.026604278827385849 -0.028469697573271158 0.038985535332280545 -0.032642246865508158 0.032612162255245762 -0.02210681785547337 0.018699650015946381 -0.00091493758060908468 -0.011132282652674604 -0.002256384088804568 -0.053055742987344862 0.025046310569891039 0.038872502976958691 0.051926233870344451 0.05143021684521764 0.0022980202244462936 -0.010880969145937929 -0.0011788904331908826 0.0062538174039214346 -0.024397383905019599 0.030978108228339032 0.031477204427719209 -0.026228733758523089 -0.0050423097948622047 -0.0087159473284045223 -0.0034194301118297917 0.053716955574991079 0.00073150240632468264 0.0043934565197586073 -0.0096735340128319292 0.008139516014215472 -0.049219013564026103 0.034721319580786107 -0.036915281140402781 0.019086739848339494 0.03439273969330052 -0.035112749419026305 0.0034475681897957891 -0.032988279130181063 0.038452506426664639 -0.029109573740513067 0.019475537775639498 0.015800205072417191 -0.023016223005465807 0.022655620930846797 -0.0051010736469881066
leaf_weight=244.3141315728426 93.240864180028439 101.47405023872852 135.76337195932865 661.13107231259346 57.571976706385612 68.284986078739166 95.520628482103348 468.14476516842842 52.037436246871948 205.30901618301868 240.66728843748569 1539.5333654880524 51.611480116844177 23.541156902909279 30.959877520799637 31.537685662508011 150.83875012397766 100.10940665006638 42.412446618080139 75.634909316897392 33.565087258815765 82.84949879348278 33.4241703748703 803.48043335974216 871.56398302316666 4871.0458775311708 44.066291630268097 35.014926552772522 97.217283964157104 80.26195216178894 38.919980078935623 181.22590699791908 356.76713016629219 64.97726733982563 140.87569673359394 398.52085107564926 66.198764234781265 38.972110524773598 221.66664497554302 561.2262020856142 91.984368488192558 119.14904490113258 42.092027634382248 61.966479390859604 3691.1177327632904 217.08117645978928 440.01750320196152 28.224914267659187 104.38696484267712 222.29321327805519 275.15144938230515 118.47930361330509 54.115125641226768 41.669702291488647 52.652276992797852 45.091108873486519 37.439969405531883 125.48362751305103 217.03371731936932 98.120835691690445 36.045234769582748 135.12761835753918
leaf_count=886 314 306 547 2335 92 117 143 1246 80 630 797 3741 157 58 48 50 229 161 68 116 52 310 52 3806 2717 11687 70 52 187 151 95 368 868 151 232 1292 196 111 726 1780 149 301 71 96 9012 514 1003 43 266 569 532 247 107 148 110 89 70 259 620 309 100 522
internal_value=3.79854e-05 0.000198514 -0.00427909 -0.00624458 -0.00428542 0.00527621 0.00910306 0.00127992 0.02968 0.000125488 -0.00763202 -0.000144486 -0.00920218 -0.0188862 0.00892272 0.0178267 0.0110168 -0.00181088 -0.00666328 0.00519728 -0.00501708 0.00517162 -0.0168347 0.000590318 -0.000747625 -0.00220572 0.00489078 -0.0133637 0.00621393 0.00986499 0.00313356 0.0151792 -0.00415354 0.0187833 -0.00266614 -0.00978231 -0.00259319 -0.0140572 -0.0090136 -0.0110732 -0.0233963 -0.0220184 -0.000853577 0.0225192 0.00380467 -0.00128801 0.0067401 -0.00253795 0.0132999 -0.0300489 0.0158398 0.0123928 0.00791523 0.0355623 -0.00186349 0.00447095 -0.00270997 0.00817067 -0.000257015 0.00568675 -0.0106321 -0.0214303
internal_weight=19746.2 19653 3821.67 3333.04 2953.6 765.215 488.63 15831.3 147.558 341.072 2188.38 11589.2 869.269 416.595 696.93 380.824 323.252 316.106 285.146 185.037 142.624 4242.11 109.059 10719.9 8175.91 6636.38 2544 171.066 2372.93 1569.45 739.108 278.443 460.664 103.897 172.413 1947.72 727.33 1220.39 821.865 782.893 136.051 393.054 5764.81 104.059 3773.97 5660.76 761.486 4899.27 544.404 273.905 830.345 708.413 589.934 121.932 314.782 262.13 217.039 162.924 452.674 351.2 134.166 379.442
internal_count=52161 51847 11262 9862 8454 1217 1400 40585 223 1177 7237 30017 2420 1085 1100 603 511 497 449 288 220 10568 168 27597 20138 16397 7459 271 7188 3382 1669 555 1114 246 282 6440 2531 3909 2617 2506 219 1027 13680 167 9322 13513 1783 11730 1269 726 1713 1414 1167 299 635 525 436 329 1335 1029 409 1408
is_linear=0
shrinkage=0.05


Tree=53
num_leaves=63
num_cat=0
split_feature=167 267 0 1 24 231 106 169 125 236 166 132 198 132 219 8 289 125 259 169 174 324 137 200 202 323 193 266 61 24 130 232 130 138 140 293 221 155 30 174 258 130 249 281 216 157 46 238 314 217 167 33 222 309 193 149 319 247 166 132 193 303
split_gain=39.668 33.6666 27.6209 26.3852 35.6358 35.3584 33.4036 40.6187 34.8119 40.6682 32.5735 31.1138 29.1313 29.534 30.729 28.6261 28.5808 34.3705 28.4811 30.4949 28.3379 30.8644 28.8903 31.0507 29.1175 29.8618 27.8003 28.4319 28.5704 29.5568 29.2599 31.7056 31.3607 29.4567 28.4958 27.8048 27.1888 37.0872 30.7376 28.8841 44.0754 35.8782 26.9777 28.9785 30.6235 26.592 26.3573 39.215 25.9614 28.0817 34.1424 32.2776 25.9327 25.5653 27.8949 28.4583 32.7131 31.9423 27.2442 26.1621 25.7629 25.5104
threshold=0.11762403446202487 0.58367923621583351 7.5000000000000009 1.5000000000000002 10.583333333333334 4.0831903945111501 4.3366666666666669 0.23139136409701935 0.15664266289250003 0.024291896144767903 0.26666666666655009 73.883571428571443 5.2200000000000033 70.586388888888891 5.1339285714285721 0.45804195804195807 0.13521251053989999 0.22721682504250004 0.52257875079816674 0.25577595994242319 0.054093567251000001 0.18808962264150003 0.12207792207783637 90.450000000000017 0.99000000000000021 0.24226475279050005 0.96000000000000008 0.37988916132500006 0.090833333333333349 13.833333333333334 82.258611111111136 2.2678571428571432 85.108055555555566 0.25490196078395105 0.14285714285707654 0.29341216310055035 3.2014285714285724 0.039682539682519842 0.21683333333333335 0.26491228070100004 0.24859330484316669 82.452500000000029 4.5000000000000009 0.23111111111099991 1.2060000000000017 0.033333333333033344 3.63961038961039 16.741338112305858 0.080866708385182742 1.7321428571428574 0.25544748729516292 0.19722222222222227 0.95000000000000007 0.29158090053315538 5.2366666666666672 0.062505820053600017 0.1272986118194494 7.0835367980467394 0.14000083250078574 76.18462962962964 1.9450000000000001 0.48181818181784547
decision_type=8 10 2 2 10 8 10 8 8 10 10 10 8 10 8 10 10 8 10 10 8 8 8 8 8 8 8 10 10 10 8 10 8 8 10 10 8 8 10 10 10 10 10 10 10 8 10 10 8 10 8 10 8 10 10 10 8 8 10 8 10 10
left_child=2 3 -1 4 12 -6 8 -8 9 -7 15 -5 -2 14 -14 16 20 -18 48 -20 21 -10 23 -22 -24 26 -26 28 -28 -30 34 33 -33 -32 -31 42 37 -27 -38 -39 41 -41 43 -29 -45 -17 47 -11 -9 -50 51 -51 -12 54 55 57 58 -23 60 -55 -57 -37
right_child=1 -3 -4 11 5 6 7 18 10 46 52 -13 13 -15 -16 45 17 -19 19 -21 22 53 24 -25 25 36 27 35 29 30 31 32 -34 -35 -36 61 38 39 -40 40 -42 -43 -44 44 -46 -47 -48 -49 49 50 -52 -53 -54 59 -56 56 -58 -59 -60 -61 -62 -63
leaf_value=-0.0058887423028790584 0.0011230753456486857 -0.012491846249650905 -0.033932757388003713 -0.001459734264063125 0.026191416397570902 -0.043822097229063509 0.031873866248785167 0.018688019037262547 -0.039844876577430521 0.0054659566953101811 0.036283631241556223 0.008159506387950731 -0.011167909592993771 0.052974711364027031 0.034971970161650413 0.041355891671773698 0.027649289058943906 0.0025739051375593958 -0.023033133432986672 0.031362665948428743 0.047477529557395051 -0.028702300147913681 -0.015295852846111497 -0.0034258400907690822 -0.025249140254001559 0.025852266481058785 0.040706496187171565 -0.016046158027856163 -0.026382141475198753 -0.030569422579534579 -0.035519479056660891 0.059804913553122979 0.012850709920577292 0.01457643349040386 0.017692688850433808 0.057892817705395519 0.027267381275176878 -0.018534663253144099 0.0003421596586975444 0.060013115698191316 -0.0092738567444171482 0.0012970851868401348 -0.015801416385924368 -0.0061989230610967928 0.051295937096865446 0.0076260045878804349 0.016311086651218509 -0.060806236297678597 0.004815809131590027 -0.069575030415861133 0.0024831628488991499 -0.012124745190374778 -0.013387398166629084 0.023420211151327454 -0.049837272880654614 0.015305007582927728 -0.033771080391642096 0.018994938561188474 0.034810605880460421 -0.021224759809867936 -0.026713007154686108 0.0071178791982213722
leaf_weight=1491.5746746212244 151.59715765714645 470.14186076819897 92.478223770856857 9330.7533906847239 153.24182413518429 91.50790598988533 181.8442889302969 141.5191680341959 77.769298687577248 53.716520562767982 111.41275775432587 922.79631587862968 61.437983691692352 83.508442133665085 84.728645026683807 70.67105008661747 184.09951113164425 525.2284869402647 29.925700023770332 156.89030306041241 64.706592917442322 45.640532374382019 306.52596850693226 54.516657114028931 56.714654088020325 75.186614826321602 46.252887517213821 35.491776987910271 86.432718276977539 86.040791213512421 45.762456014752388 54.946950122714043 100.71219754219055 77.709174454212189 46.204844951629639 78.300798133015633 117.48990911245346 524.88445350527763 1009.4856477826834 45.113497421145439 412.14138822257519 60.214006170630455 63.217114478349686 31.712029710412025 81.530122309923172 323.96729530394077 88.636097013950348 36.868704944849014 255.68927280604839 48.037554129958153 84.584060549736023 50.279015824198723 33.544212758541107 114.66337749361992 43.48619931936264 54.775589719414711 157.72252981364727 140.72687678039074 37.068759113550186 44.819953590631485 104.58325769007206 36.748331844806671
leaf_count=4269 258 2266 318 30787 246 144 280 217 121 82 174 3222 93 127 127 108 283 830 45 237 99 73 464 78 96 118 71 60 136 133 71 81 147 115 72 120 176 800 1458 69 621 93 93 51 121 488 137 60 389 70 129 77 50 168 63 88 245 213 55 66 159 54
internal_value=3.57323e-05 0.000698542 -0.0075495 0.00105035 0.00332079 0.00251237 0.00198109 0.0106879 0.000587738 -0.0168933 0.00142639 -0.000592825 0.0181912 0.0293816 0.0156 0.000809203 -0.000189482 0.00911879 0.00562307 0.0225462 -0.00168638 -0.010061 0.000226008 0.0243247 -0.0006052 0.000817097 0.00835865 0.010579 0.00355102 1.40915e-05 0.00562275 0.0147942 0.0297332 -0.00408671 -0.0136635 0.0222105 -0.00230033 -0.00782457 0.0031753 -0.010281 -0.00187976 0.026821 0.0113425 0.0229415 0.0352381 0.0137682 -0.00294922 -0.021822 0.000135177 -0.00586876 -0.0207776 -0.0406632 0.0247421 -0.00688952 -0.0117358 -0.00857485 -0.0168854 0.00719657 -0.00319917 0.0107883 -0.0122338 0.0419188
internal_weight=19730 18145.9 1584.05 17675.8 7422.23 7040.96 6887.72 948.769 5938.95 270.729 5668.22 10253.5 381.272 229.675 146.167 5523.26 5128.63 709.328 766.925 186.816 4419.3 821.256 3598.04 119.223 3478.82 3172.29 927.777 871.062 544.062 497.809 411.376 279.131 155.659 123.472 132.246 327 2244.52 1117.54 1126.98 1042.35 517.469 105.328 211.951 148.734 113.242 394.638 179.221 90.5852 580.109 438.59 182.901 98.3166 144.957 743.487 584.004 540.518 354.15 186.367 196.428 159.483 159.359 115.049
internal_count=52161 47574 4587 45308 11299 10694 10448 1444 9004 423 8581 34009 605 347 220 8357 7761 1113 1164 282 6648 1251 5397 177 5220 4756 1421 1325 826 755 619 414 228 186 205 499 3335 1701 1634 1583 783 162 325 232 172 596 279 142 882 665 276 147 224 1130 896 833 547 286 302 234 247 174
is_linear=0
shrinkage=0.05


Tree=54
num_leaves=63
num_cat=0
split_feature=8 277 219 165 132 328 271 159 163 131 273 63 32 44 193 198 0 322 263 325 153 294 93 305 223 294 132 289 61 166 49 314 185 173 120 232 139 188 264 288 213 198 103 169 124 98 212 183 211 45 77 145 213 158 261 217 87 326 184 82 149 288
split_gain=36.4421 34.5206 33.208 35.8836 31.4205 29.1598 28.1804 28.325 27.5478 26.8375 26.4842 30.2556 24.7006 24.6573 29.0492 37.9584 33.8973 29.2644 31.3114 31.9066 33.8519 29.8749 29.1215 28.0801 26.7845 25.3343 25.2555 24.4737 24.397 24.3157 23.7791 23.4585 26.1789 23.2263 23.0323 24.5995 35.0847 22.8983 24.5948 29.5061 26.9536 23.6736 23.4639 23.2177 23.1572 22.8429 31.418 42.1744 22.7559 22.7305 29.4237 25.4629 29.4034 27.8938 25.6979 25.0408 25.9426 25.6417 31.4206 33.6932 24.1247 34.2984
threshold=0.12916666666666668 0.073490153332899974 5.3875000000000011 0.030763403263350003 71.442180735930762 -1.0000000180025095e-35 0.088477763868666667 0.60061521811490015 79.581783730158733 0.52150785641025654 0.16569634619266671 0.15761904761904766 0.3305555555555556 0.080128205128205135 2.3825000000000007 6.2200000000000015 9.5000000000000018 0.17411248504150004 86.344476885296032 90.418614718614734 0.32307692307690011 0.52355290247255026 0.39023809523809533 0.1334820131994168 0.70714250000000012 0.46725667235660001 62.619047619047628 0.13467028800984998 0.19690476190476194 0.26666666666655009 0.91977777777777781 0.1129032258063226 7.166666666666667 0.21428571428554172 0.37689010550816671 1.8660714285714288 0.13285932652617152 0.74166666666666681 2128.2665903192888 0.15000000000000011 24.292857142857148 6.2200000000000086 0.76253132832080206 0.33839446217591973 0.15973020114866668 0.6458330000000001 1.9800000000000006 4.8333333333333348 3.2111111111111117 0.24038461538461542 0.34745643939393939 0.27871382570590003 19.050000000000004 0.12790626040615002 0.12238562091483336 1.267857142857143 0.34295000000000014 2154.6293767507009 5.7500000000000009 3.2928571428571431 0.045243316624800002 0.089925934280600014
decision_type=8 10 10 8 10 2 8 10 8 10 10 10 8 8 10 10 2 10 10 10 10 10 10 10 10 10 8 10 10 10 10 10 10 10 8 10 10 8 10 10 10 10 10 10 10 10 10 10 8 8 10 10 10 8 10 8 10 8 10 10 8 8
left_child=1 48 3 -3 5 6 -2 -8 -4 34 11 30 37 14 16 22 27 18 -17 23 21 -21 26 -20 25 -15 -16 49 -29 -28 45 32 -30 -13 -10 36 -36 -6 39 -39 41 42 43 -40 -44 -5 -47 -48 -1 -7 55 52 -52 -54 -53 -51 57 58 59 -57 61 -59
right_child=4 2 8 10 12 13 7 -9 9 -11 -12 33 -14 24 15 17 -18 -19 19 20 -22 -23 -24 -25 -26 -27 29 28 31 -31 -32 -33 -34 -35 35 -37 -38 38 40 -41 -42 -43 44 -45 -46 46 47 -49 -50 50 51 54 53 -55 -56 56 -58 60 -60 -61 -62 -63
leaf_value=-0.0091990190001629609 -0.00041027947517111257 -0.032966673692474663 0.034624140331881735 -0.0092167800830628491 -0.020171245922311162 -0.0088719159632603059 0.040552259416166726 -0.02124387777440289 0.027935529931769915 0.041050438868224091 0.0044322003577384004 -0.013122658894240727 0.026707127629839164 0.013354246276726295 -0.018780145987059012 0.034187379400468322 -0.040749926234166955 -0.041473582201240589 -0.037319212290328169 -0.039931614836933041 0.032470004486567568 0.011818143115204212 0.04116745337392072 -0.0070771363236709506 0.023256865601202961 -3.3282096431893345e-05 0.0037448883784916513 -0.0051169536562443024 0.01601807890714518 0.02929317717135238 0.056602395199336124 0.0043320297749491346 0.064838630876390135 0.013773596596514021 -0.0063508936458005361 -0.0065185338995633838 0.045847487152104613 -0.0044863437534049767 0.010196441105983065 0.017783895394239479 0.01930297887944267 -0.025139171655717676 -0.054598775679227746 -0.00057163752987062454 0.014743313994213039 -0.0080524789439605001 0.062594458970992015 0.0021913798896665104 -0.033384468763188728 -0.003872121124049584 -0.0048667419082748225 -0.0074349996224347698 0.0029368903610027374 -0.043989988640027899 0.030211304438793808 -4.9345798285044753e-05 0.051742210274354439 0.071917489091114978 -0.021064347832645672 0.053416816657610201 -0.0038016072724724849 -0.0072680215784888301
leaf_weight=281.05041073262691 454.6672955006361 113.01014809310436 74.510669052600861 249.81435948610306 93.831851333379745 1781.8223240971565 18.489378735423088 398.91101925075054 69.928129211068153 42.838764131069183 643.63493911921978 1215.2289325147867 123.71821442246437 483.45059038698673 120.02845676243305 44.732170268893242 59.239230886101723 61.880620449781418 121.80670511722565 47.486970752477646 77.792560115456581 64.652468204498291 51.575592696666718 207.77712498605251 190.98342588543892 1303.4506991654634 3399.255850866437 411.55152402818203 124.08911308646202 94.859675362706184 19.070657789707184 390.91018913686275 34.873033925890923 84.962626397609711 69.238841325044632 559.57434599101543 58.598556861281395 1034.7630380243063 1578.6268635392189 172.63837562501431 397.06214958429337 61.407689034938812 29.955928191542625 731.42389814555645 18.976552173495293 95.63106606900692 53.533260434865952 62.015156537294388 149.39630378782749 517.24325799942017 212.93467044830322 144.60240867733955 41.329629316926003 130.16475033760071 64.787364557385445 43.987576484680176 36.140392646193504 26.170776009559631 29.234906136989594 87.11420564353466 324.99342027306557 26.989202171564102
leaf_count=1342 1345 401 126 863 347 5626 44 1053 106 66 2145 4001 309 1320 245 67 234 102 187 72 119 97 90 320 301 3500 5975 1807 583 177 57 1648 67 275 110 889 94 2182 4394 455 592 97 86 2050 56 457 98 98 262 2331 908 437 73 207 188 96 66 46 47 156 605 64
internal_value=3.40141e-05 -0.00433445 -0.00264666 -0.00554384 0.00109196 -0.000251334 -0.0090397 -0.0184042 0.00574719 0.00301213 -0.00425017 -0.00739273 0.00477478 0.000461386 -0.000674406 0.00226567 -0.00348687 -0.00910004 -0.00547372 -0.00895741 0.00732262 -0.0102111 0.00421033 -0.0183481 0.0055036 0.00359139 0.0036703 -0.00297824 0.00407451 0.0044481 0.00332138 0.0109597 0.0270979 -0.011352 0.000802617 -0.00198683 0.0177073 0.00410844 0.00468058 -0.00128585 0.00723878 0.00525044 0.00605397 0.00678604 -0.0278503 0.000988649 0.0130712 0.0305158 -0.0176626 -0.00493578 -0.000769422 -0.0097203 -0.0173489 -0.0327003 0.00427762 0.0040984 0.0112759 0.00845986 0.0251504 0.0355753 0.00132223 0.032231
internal_weight=19714.4 3842.04 3411.59 2536.9 15872.4 11630 872.068 417.4 874.689 800.179 2423.89 1780.26 4242.4 10757.9 8780.03 4291.85 4488.18 626.129 564.248 519.516 189.932 112.139 3665.72 329.584 1977.88 1786.9 3614.14 4428.94 961.424 3494.12 480.065 549.872 158.962 1300.19 757.34 687.412 127.837 4118.69 4024.85 1207.4 2817.45 2420.39 2358.98 2310.05 48.9325 460.994 211.179 115.548 430.447 3467.51 1685.69 593.819 384.429 171.494 209.39 1091.87 574.63 538.49 160.337 131.102 378.153 53.16
internal_count=52161 11390 9786 8395 40771 30203 2442 1097 1391 1265 7994 5849 10568 27761 22640 7451 15189 964 862 795 288 169 6487 507 5121 4820 6397 14955 4105 6152 1573 2298 650 4276 1199 1093 204 10259 9912 2637 7275 6683 6586 6444 142 1516 653 196 1604 10850 5224 1813 1188 280 625 3411 1080 1014 299 252 715 110
is_linear=0
shrinkage=0.05


end of trees

feature_importances:
hitter_avg_bat_speed_last_3=63
hitter_weighted_whiff_rate_last_10=42
hitter_weighted_k_rate_last_10=41
hitter_weighted_contact_rate_last_10=40
pitcher_avg_k_last_10=40
hitter_position=35
hitter_avg_xwoba_last_10=32
pitcher_avg_whiff_vs_lhb_last_3=30
hitter_prev_xwoba=29
hitter_avg_exit_velocity_last_3=28
pitcher_avg_sl_whiff_rate_last_10=28
first_inning_faced=27
hitter_weighted_pitches_per_pa_last_5=27
hitter_weighted_pitches_per_pa_last_10=27
hitter_weighted_chase_rate_last_5=27
pitcher_avg_extension_last_3=27
hitter_weighted_chase_rate_last_10=26
pitcher_avg_whiff_rate_last_10=25
hitter_weighted_pitches_per_pa_last_3=24
pitcher_avg_ff_pct_last_3=24
hitter_avg_swing_rate_last_3=23
hitter_avg_exit_velocity_last_10=23
hitter_prev_exit_velocity=22
pitcher_avg_ff_whiff_rate_last_3=22
pitcher_avg_si_pct_last_3=21
pitcher_weighted_whiff_rate_vs_lhb_last_10=21
pitcher_avg_kbb_last_3=20
pitcher_avg_k_last_5=20
pitcher_avg_whiff_rate_1_2_last_3=20
pitcher_avg_sl_whiff_rate_last_5=20
pitcher_avg_whiff_vs_lhb_last_10=20
h2h_career_k_rate=19
hitter_avg_zone_swing_rate_last_3=19
hitter_avg_whiff_rate_vs_rhp_last_3=19
pitcher_weighted_pitches_per_inning_last_5=19
pitcher_avg_whiff_rate_2_2_last_3=19
pitcher_prev_velocity=19
hitter_weighted_walk_rate_last_10=18
hitter_avg_xwoba_last_3=18
hitter_weighted_csw_against_rate_last_3=18
hitter_weighted_whiff_rate_vs_rhp_last_3=18
hitter_avg_chase_rate_last_10=18
hitter_avg_whiff_rate_vs_lhp_last_10=18
hitter_weighted_csw_against_rate_last_10=18
hitter_weighted_whiff_rate_vs_lhp_last_10=18
pitcher_avg_kbb_last_5=18
pitcher_avg_kbb_last_10=18
pitcher_weighted_whiff_rate_last_10=18
pitcher_prev_spin_rate=18
hitter_batting_order=17
hitter_avg_called_strike_rate_last_3=17
hitter_weighted_chase_rate_last_3=17
hitter_weighted_two_strike_whiff_rate_last_3=17
pitcher_avg_pitches_last_3=17
pitcher_weighted_pitches_per_inning_last_3=17
pitcher_avg_velocity_last_10=17
pitcher_prev_chase_rate=17
hitter_avg_k_rate_last_10=16
hitter_avg_chase_rate_last_3=16
hitter_avg_zone_rate_last_3=16
hitter_avg_whiff_rate_vs_lhp_last_3=16
hitter_weighted_contact_rate_last_5=16
hitter_weighted_csw_against_rate_last_5=16
pitcher_avg_bf_last_10=16
pitcher_avg_pitches_last_10=16
pitcher_avg_k9_last_10=16
pitcher_weighted_baa_last_10=16
pitcher_avg_whiff_rate_0_2_last_3=16
pitcher_weighted_whiff_rate_vs_rhb_last_10=16
hitter_avg_batting_avg_last_10=15
hitter_avg_walk_rate_last_10=15
hitter_avg_csw_against_rate_last_3=15
hitter_avg_csw_against_rate_last_10=15
pitcher_avg_ip_last_3=15
pitcher_weighted_kbb_last_10=15
pitcher_prev_pitches=15
pitcher_avg_swing_rate_last_3=15
pitcher_avg_zone_rate_last_3=15
pitcher_avg_ff_whiff_rate_last_5=15
pitcher_avg_whiff_vs_rhb_last_10=15
pitcher_weighted_whiff_rate_vs_lhb_last_3=15
pitcher_prev_whiff_rate=15
hitter_weighted_hit_rate_last_3=14
hitter_avg_exit_velocity_last_5=14
hitter_avg_whiff_rate_vs_rhp_last_5=14
hitter_avg_whiff_rate_vs_lhp_last_5=14
pitcher_weighted_kbb_last_3=14
pitcher_weighted_hr_per_bf_last_5=14
pitcher_weighted_pitches_per_inning_last_10=14
pitcher_avg_velocity_last_3=14
pitcher_avg_sl_whiff_rate_last_3=14
pitcher_avg_whiff_rate_last_5=14
pitcher_avg_whiff_vs_lhb_last_5=14
pitcher_avg_ff_whiff_rate_last_10=14
hitter_avg_batting_avg_last_3=13
hitter_weighted_batting_avg_last_3=13
hitter_avg_tb_rate_last_10=13
hitter_weighted_contact_rate_last_3=13
hitter_avg_whiff_rate_vs_rhp_last_10=13
pitcher_avg_whip_last_3=13
pitcher_avg_ip_last_5=13
pitcher_weighted_baa_last_3=13
pitcher_weighted_strike_pct_last_10=13
pitcher_weighted_k9_last_10=13
pitcher_avg_chase_rate_last_10=13
pitcher_avg_spin_rate_last_10=13
pitcher_prev_csw_rate=13
hitter_avg_k_last_10=12
hitter_avg_pitches_last_10=12
hitter_avg_csw_against_rate_last_5=12
hitter_avg_contact_rate_last_10=12
hitter_weighted_whiff_rate_vs_rhp_last_10=12
hitter_prev_whiff_rate=12
hitter_prev_chase_rate=12
pitcher_avg_pitches_last_5=12
pitcher_avg_ip_last_10=12
pitcher_pct_5plus_k_last_10=12
pitcher_weighted_hr_per_bf_last_3=12
pitcher_weighted_k_per_bf_last_10=12
pitcher_avg_sl_pct_last_3=12
pitcher_avg_zone_rate_last_5=12
pitcher_weighted_csw_rate_last_3=12
pitcher_weighted_chase_rate_last_3=12
pitcher_weighted_csw_rate_last_5=12
pitcher_weighted_putaway_rate_last_10=12
hitter_avg_ab_last_10=11
hitter_weighted_slg_last_10=11
hitter_prev_ops=11
hitter_avg_two_strike_whiff_rate_last_3=11
hitter_avg_contact_rate_last_5=11
hitter_avg_xwoba_last_5=11
hitter_weighted_whiff_rate_vs_rhp_last_5=11
hitter_weighted_two_strike_whiff_rate_last_10=11
pitcher_avg_whip_last_5=11
pitcher_avg_hits_last_10=11
pitcher_weighted_baa_last_5=11
pitcher_weighted_hr_per_bf_last_10=11
pitcher_avg_chase_rate_last_5=11
pitcher_avg_velocity_last_5=11
pitcher_weighted_whiff_rate_last_3=11
pitcher_weighted_chase_rate_last_5=11
pitcher_weighted_whiff_rate_vs_lhb_last_5=11
hitter_lineup_position_name=10
hitter_avg_pitches_last_3=10
hitter_avg_pitches_last_5=10
hitter_avg_batting_avg_last_5=10
hitter_avg_tb_rate_last_5=10
hitter_weighted_k_rate_last_5=10
hitter_weighted_hit_rate_last_5=10
hitter_weighted_whiff_rate_vs_lhp_last_3=10
hitter_avg_chase_rate_last_5=10
hitter_avg_two_strike_whiff_rate_last_5=10
hitter_weighted_whiff_rate_last_5=10
hitter_weighted_whiff_rate_vs_lhp_last_5=10
pitcher_days_since_last_appearance=10
pitcher_avg_bb_last_10=10
pitcher_weighted_bb_per_bf_last_5=10
pitcher_avg_cu_pct_last_3=10
pitcher_avg_fs_pct_last_3=10
pitcher_avg_csw_rate_last_10=10
pitcher_weighted_sc_strike_rate_last_3=10
hitter_avg_ops_last_5=9
hitter_avg_two_strike_whiff_rate_last_10=9
pitcher_avg_bf_last_5=9
pitcher_weighted_k_per_bf_last_3=9
pitcher_weighted_bb_per_bf_last_3=9
pitcher_weighted_strike_pct_last_3=9
pitcher_prev_k9=9
pitcher_avg_fc_pct_last_3=9
pitcher_avg_ch_pct_last_3=9
pitcher_avg_spin_rate_last_5=9
pitcher_avg_putaway_rate_last_10=9
pitcher_avg_swing_rate_last_10=9
pitcher_avg_zone_rate_last_10=9
pitcher_weighted_whiff_rate_vs_rhb_last_3=9
pitcher_weighted_csw_rate_last_10=9
pitcher_weighted_sc_strike_rate_last_10=9
hitter_weighted_walk_rate_last_3=8
hitter_avg_hit_rate_last_5=8
hitter_weighted_batting_avg_last_5=8
hitter_weighted_tb_rate_last_10=8
hitter_avg_whiff_rate_last_3=8
hitter_avg_whiff_rate_2_2_last_3=8
pitcher_gamesStarted=8
pitcher_avg_k_last_3=8
pitcher_avg_bf_last_3=8
pitcher_avg_hits_last_5=8
pitcher_weighted_k9_last_3=8
pitcher_weighted_k_per_bf_last_5=8
pitcher_weighted_kbb_last_5=8
pitcher_avg_whiff_rate_last_3=8
pitcher_weighted_sc_strike_rate_last_5=8
pitcher_weighted_chase_rate_last_10=8
h2h_career_hit_rate=7
hitter_avg_ops_last_3=7
hitter_weighted_tb_rate_last_3=7
hitter_avg_k_last_5=7
hitter_avg_k_rate_last_5=7
hitter_weighted_tb_rate_last_5=7
hitter_weighted_obp_last_5=7
hitter_avg_slg_last_10=7
hitter_weighted_hit_rate_last_10=7
hitter_weighted_batting_avg_last_10=7
hitter_avg_whiff_rate_last_10=7
pitcher_pct_5plus_ip_last_3=7
pitcher_avg_whip_last_10=7
pitcher_weighted_bb_per_bf_last_10=7
pitcher_prev_ip=7
pitcher_avg_putaway_rate_last_3=7
pitcher_avg_whiff_vs_rhb_last_3=7
pitcher_avg_csw_rate_last_5=7
h2h_career_pa=6
hitter_avg_slg_last_3=6
hitter_avg_k_rate_last_3=6
hitter_avg_walk_rate_last_3=6
hitter_weighted_k_rate_last_3=6
hitter_avg_hits_last_10=6
hitter_avg_obp_last_10=6
hitter_avg_ops_last_10=6
hitter_avg_hit_rate_last_10=6
hitter_avg_hr_rate_last_10=6
hitter_weighted_two_strike_whiff_rate_last_5=6
pitcher_avg_strike_pct_last_5=6
pitcher_avg_chase_rate_last_3=6
pitcher_avg_putaway_rate_last_5=6
pitcher_avg_swing_rate_last_5=6
pitcher_avg_whiff_vs_rhb_last_5=6
pitcher_weighted_whiff_rate_last_5=6
pitcher_weighted_putaway_rate_last_5=6
pitcher_weighted_whiff_rate_vs_rhb_last_5=6
hitter_avg_obp_last_3=5
hitter_weighted_hr_rate_last_3=5
hitter_avg_obp_last_5=5
hitter_weighted_hr_rate_last_5=5
hitter_weighted_ops_last_5=5
hitter_avg_pa_last_10=5
hitter_pct_1plus_k_last_10=5
hitter_weighted_hr_rate_last_10=5
hitter_avg_whiff_rate_0_2_last_3=5
hitter_weighted_whiff_rate_last_3=5
pitcher_avg_hits_last_3=5
pitcher_weighted_k9_last_5=5
hitter_bats=5
hitter_avg_hit_rate_last_3=4
hitter_sum_pa_last_3=4
hitter_weighted_ops_last_3=4
hitter_avg_walk_rate_last_5=4
hitter_weighted_walk_rate_last_5=4
hitter_avg_bb_last_10=4
hitter_pct_2plus_k_last_10=4
hitter_weighted_obp_last_10=4
hitter_avg_whiff_rate_last_5=4
pitcher_avg_strike_pct_last_3=4
pitcher_avg_strike_pct_last_10=4
pitcher_prev_bf=4
pitcher_weighted_putaway_rate_last_3=4
pitcher_throws=4
platoon_matchup=4
is_same_side_matchup=4
hitter_avg_pa_last_3=3
hitter_avg_tb_rate_last_3=3
hitter_avg_hr_rate_last_3=3
hitter_weighted_obp_last_3=3
hitter_weighted_slg_last_3=3
hitter_avg_bb_last_5=3
hitter_avg_slg_last_5=3
hitter_sum_ab_last_5=3
hitter_weighted_ops_last_10=3
hitter_prev_pa=3
hitter_prev_bb=3
pitcher_avg_k9_last_3=3
pitcher_avg_bb_last_3=3
pitcher_avg_hr_last_5=3
pitcher_avg_hr_last_10=3
pitcher_avg_csw_rate_last_3=3
pitcher_avg_spin_rate_last_3=3
h2h_career_hits=2
hitter_days_since_last_game=2
hitter_avg_ab_last_3=2
hitter_avg_rbi_last_3=2
hitter_avg_pa_last_5=2
hitter_pct_1plus_k_last_5=2
hitter_pct_2plus_k_last_5=2
hitter_weighted_slg_last_5=2
hitter_sum_ab_last_10=2
hitter_prev_k=2
hitter_prev_k_rate=2
hitter_avg_contact_rate_last_3=2
hitter_avg_whiff_rate_1_2_last_3=2
hitter_prev_contact_rate=2
pitcher_is_starter=2
pitcher_avg_hr_last_3=2
pitcher_avg_k9_last_5=2
pitcher_pct_5plus_ip_last_5=2
pitcher_pct_5plus_ip_last_10=2
pitcher_pct_6plus_ip_last_10=2
pitcher_weighted_strike_pct_last_5=2
pitcher_is_lefty=2
h2h_career_games=1
h2h_career_bb_rate=1
hitter_avg_k_last_3=1
hitter_avg_bb_last_3=1
hitter_avg_tb_last_3=1
hitter_pct_1plus_k_last_3=1
hitter_pct_2plus_k_last_3=1
hitter_avg_hits_last_5=1
hitter_avg_hr_last_5=1
hitter_avg_hr_rate_last_5=1
hitter_sum_pa_last_5=1
hitter_avg_hr_last_10=1
hitter_prev_hr=1
pitcher_pct_6plus_ip_last_3=1
pitcher_pct_6plus_ip_last_5=1
pitcher_pct_5plus_k_last_5=1
pitcher_prev_k=1

parameters:
[boosting: gbdt]
[objective: binary]
[metric: binary_logloss]
[tree_learner: serial]
[device_type: cpu]
[data_sample_strategy: bagging]
[data: ]
[valid: ]
[num_iterations: 2000]
[learning_rate: 0.05]
[num_leaves: 63]
[num_threads: -1]
[seed: 42]
[deterministic: 0]
[force_col_wise: 0]
[force_row_wise: 0]
[histogram_pool_size: -1]
[max_depth: -1]
[min_data_in_leaf: 50]
[min_sum_hessian_in_leaf: 0.001]
[bagging_fraction: 0.85]
[pos_bagging_fraction: 1]
[neg_bagging_fraction: 1]
[bagging_freq: 5]
[bagging_seed: 400]
[bagging_by_query: 0]
[feature_fraction: 0.85]
[feature_fraction_bynode: 1]
[feature_fraction_seed: 30056]
[extra_trees: 0]
[extra_seed: 12879]
[early_stopping_round: 0]
[early_stopping_min_delta: 0]
[first_metric_only: 0]
[max_delta_step: 0]
[lambda_l1: 0.1]
[lambda_l2: 1]
[linear_lambda: 0]
[min_gain_to_split: 0]
[drop_rate: 0.1]
[max_drop: 50]
[skip_drop: 0.5]
[xgboost_dart_mode: 0]
[uniform_drop: 0]
[drop_seed: 17869]
[top_rate: 0.2]
[other_rate: 0.1]
[min_data_per_group: 100]
[max_cat_threshold: 32]
[cat_l2: 10]
[cat_smooth: 10]
[max_cat_to_onehot: 4]
[top_k: 20]
[monotone_constraints: ]
[monotone_constraints_method: basic]
[monotone_penalty: 0]
[feature_contri: ]
[forcedsplits_filename: ]
[refit_decay_rate: 0.9]
[cegb_tradeoff: 1]
[cegb_penalty_split: 0]
[cegb_penalty_feature_lazy: ]
[cegb_penalty_feature_coupled: ]
[path_smooth: 0]
[interaction_constraints: ]
[verbosity: -1]
[saved_feature_importance_type: 0]
[use_quantized_grad: 0]
[num_grad_quant_bins: 4]
[quant_train_renew_leaf: 0]
[stochastic_rounding: 1]
[linear_tree: 0]
[max_bin: 255]
[max_bin_by_feature: ]
[min_data_in_bin: 3]
[bin_construct_sample_cnt: 200000]
[data_random_seed: 175]
[is_enable_sparse: 1]
[enable_bundle: 1]
[use_missing: 1]
[zero_as_missing: 0]
[feature_pre_filter: 1]
[pre_partition: 0]
[two_round: 0]
[header: 0]
[label_column: ]
[weight_column: ]
[group_column: ]
[ignore_column: ]
[categorical_feature: ]
[forcedbins_filename: ]
[precise_float_parser: 0]
[parser_config_file: ]
[objective_seed: 16083]
[num_class: 1]
[is_unbalance: 0]
[scale_pos_weight: 1]
[sigmoid: 1]
[boost_from_average: 1]
[reg_sqrt: 0]
[alpha: 0.9]
[fair_c: 1]
[poisson_max_delta_step: 0.7]
[tweedie_variance_power: 1.5]
[lambdarank_truncation_level: 30]
[lambdarank_norm: 1]
[label_gain: ]
[lambdarank_position_bias_regularization: 0]
[eval_at: ]
[multi_error_top_k: 1]
[auc_mu_weights: ]
[num_machines: 1]
[local_listen_port: 12400]
[time_out: 120]
[machine_list_filename: ]
[machines: ]
[gpu_platform_id: -1]
[gpu_device_id: -1]
[gpu_use_dp: 0]
[num_gpu: 1]

end of parameters

pandas_categorical:[]
